campus_id,first_name,last_name,full_name,entry_term,entry_type,major,track,second_major,minor,class_level,residency,enrollment_intensity,is_first_generation,work_hours_per_week,credits_earned,credits_required,cumulative_gpa,major_gpa,academic_standing,expected_graduation_term,internship_count,credential_count,engagement_activity_count,tuition_paid_to_date_usd
CID-116490,David,Morgan,David Morgan,Fall 2025,Transfer,Computer Science,Data Science,Not Applicable,Not Applicable,Junior,In-State,Full-Time,TRUE,20,76,120,3.00,3.00,Good Standing,Spring 2028,1,2,4,8550
CID-227285,Rachel,Wong,Rachel Wong,Fall 2026,First-Time Freshman,Computer Science,Artificial Intelligence,Not Applicable,Not Applicable,Freshman,In-State,Full-Time,FALSE,21,0,120,Not Applicable,Not Applicable,Good Standing,Spring 2031,0,0,3,0
CID-514009,Ravi,Harris,Ravi Harris,Fall 2025,First-Time Freshman,Information Systems,Cybersecurity Management,Not Applicable,Not Applicable,Freshman,In-State,Full-Time,FALSE,9,29,120,2.66,4.00,Good Standing,Spring 2030,1,0,5,13500
CID-730270,Sara,Wilson,Sara Wilson,Fall 2025,Transfer,Computer Science,General,Not Applicable,Not Applicable,Sophomore,In-State,Part-Time,FALSE,23,47,120,2.81,2.81,Good Standing,Spring 2032,1,2,3,5060
CID-841348,Sebastian,Richardson,Sebastian Richardson,Fall 2025,Transfer,Computer Science,General,Not Applicable,Not Applicable,Junior,In-State,Full-Time,TRUE,8,80,120,2.28,2.07,Good Standing,Spring 2028,0,0,1,5110
CID-131321,Benjamin,Rodriguez,Benjamin Rodriguez,Fall 2023,First-Time Freshman,Computer Science,Cybersecurity,Not Applicable,Not Applicable,Sophomore,In-State,Part-Time,FALSE,20,47,120,2.45,2.50,Good Standing,Spring 2032,2,2,1,27480
CID-235131,Rania,Phillips,Rania Phillips,Fall 2026,First-Time Freshman,Computer Science,Software Engineering,Not Applicable,Entrepreneurship,Freshman,In-State,Full-Time,FALSE,14,0,120,Not Applicable,Not Applicable,Good Standing,Spring 2031,0,1,1,0
CID-834634,Luna,Chen,Luna Chen,Fall 2026,First-Time Freshman,Information Systems,Health Information Technology,Not Applicable,Not Applicable,Freshman,In-State,Full-Time,FALSE,10,0,120,Not Applicable,Not Applicable,Good Standing,Spring 2031,0,0,3,0
CID-674115,Alina,Clark,Alina Clark,Fall 2026,Transfer,Information Systems,Software Development,Not Applicable,Not Applicable,Freshman,In-State,Part-Time,FALSE,16,27,120,Not Applicable,Not Applicable,Good Standing,Fall 2033,0,0,0,0
CID-641452,Jada,Baker,Jada Baker,Fall 2023,Transfer,Computer Science,General,Not Applicable,Not Applicable,Senior,In-State,Full-Time,FALSE,3,152,120,3.40,3.38,Good Standing,Spring 2027,1,1,1,21250
CID-147046,Nora,Murphy,Nora Murphy,Fall 2024,First-Time Freshman,Information Systems,Cybersecurity Management,Not Applicable,Not Applicable,Sophomore,Out-of-State,Part-Time,FALSE,20,37,120,3.59,3.50,Good Standing,Spring 2033,0,0,1,29190
CID-861622,Lucas,White,Lucas White,Fall 2025,First-Time Freshman,Computer Science,Cybersecurity,Not Applicable,Not Applicable,Freshman,In-State,Full-Time,TRUE,19,25,120,1.62,1.00,Academic Probation,Spring 2030,0,1,1,8120
CID-452538,Noah,Price,Noah Price,Fall 2025,First-Time Freshman,Computer Science,Software Engineering,Not Applicable,Not Applicable,Freshman,In-State,Full-Time,FALSE,20,22,120,2.18,2.50,Good Standing,Fall 2030,1,0,2,9330
CID-157337,Sophia,Reed,Sophia Reed,Fall 2022,First-Time Freshman,Information Systems,Software Development,Not Applicable,Not Applicable,Senior,In-State,Full-Time,FALSE,6,118,120,2.91,2.84,Good Standing,Spring 2027,1,2,3,48960
CID-133898,Amir,Jones,Amir Jones,Fall 2024,First-Time Freshman,Information Systems,Business Analytics,Statistics,Health Administration,Junior,Out-of-State,Full-Time,FALSE,3,69,120,3.77,4.00,Good Standing,Fall 2028,1,2,2,51020
CID-272924,Nadia,King,Nadia King,Fall 2025,Transfer,Computer Science,Artificial Intelligence,Not Applicable,Not Applicable,Junior,In-State,Full-Time,FALSE,5,76,120,2.36,2.15,Good Standing,Spring 2028,0,0,0,4840
CID-542977,Jordan,Phillips,Jordan Phillips,Fall 2026,First-Time Freshman,Computer Science,Data Science,Not Applicable,Not Applicable,Freshman,Out-of-State,Full-Time,FALSE,11,0,120,Not Applicable,Not Applicable,Good Standing,Spring 2031,0,0,3,0
CID-158838,Jayden,Carter,Jayden Carter,Fall 2026,First-Time Freshman,Information Systems,General,Not Applicable,Not Applicable,Freshman,Out-of-State,Full-Time,FALSE,1,0,120,Not Applicable,Not Applicable,Good Standing,Spring 2031,0,0,3,0
CID-110346,Nina,Baker,Nina Baker,Fall 2023,First-Time Freshman,Computer Science,General,Not Applicable,Not Applicable,Junior,In-State,Full-Time,TRUE,15,79,120,2.47,2.36,Good Standing,Spring 2028,0,0,2,20310
CID-660614,Samir,Roberts,Samir Roberts,Fall 2025,First-Time Freshman,Information Systems,Business Analytics,Not Applicable,Not Applicable,Sophomore,Out-of-State,Full-Time,FALSE,10,31,120,3.13,3.00,Good Standing,Spring 2030,0,0,1,18510
CID-597536,Yara,Price,Yara Price,Fall 2025,First-Time Freshman,Computer Science,Cybersecurity,Not Applicable,Not Applicable,Freshman,Out-of-State,Full-Time,FALSE,13,29,120,2.31,2.50,Good Standing,Spring 2030,0,0,4,23080
CID-240918,Jing,Price,Jing Price,Fall 2022,First-Time Freshman,Computer Science,General,Not Applicable,Not Applicable,Senior,In-State,Full-Time,FALSE,10,113,120,2.71,2.72,Good Standing,Spring 2027,3,0,4,41930
CID-362250,Hannah,Stewart,Hannah Stewart,Fall 2026,First-Time Freshman,Computer Science,Data Science,Not Applicable,Not Applicable,Freshman,Out-of-State,Full-Time,FALSE,7,0,120,Not Applicable,Not Applicable,Good Standing,Spring 2031,0,1,3,0
CID-767728,Jordan,Gupta,Jordan Gupta,Fall 2023,First-Time Freshman,Computer Science,Software Engineering,Not Applicable,Not Applicable,Junior,In-State,Full-Time,FALSE,10,75,120,2.39,2.06,Good Standing,Spring 2028,0,0,2,23270
CID-983189,Alina,Alvarez,Alina Alvarez,Fall 2026,First-Time Freshman,Information Systems,Cybersecurity Management,Not Applicable,Not Applicable,Freshman,Out-of-State,Full-Time,FALSE,6,0,120,Not Applicable,Not Applicable,Good Standing,Spring 2031,0,0,3,0
CID-584508,Anaya,Clark,Anaya Clark,Fall 2026,Transfer,Computer Science,General,Mathematics,Psychology,Junior,In-State,Full-Time,FALSE,3,64,120,Not Applicable,Not Applicable,Good Standing,Fall 2028,0,1,1,0
CID-166141,Hiroshi,Ochoa,Hiroshi Ochoa,Fall 2023,First-Time Freshman,Computer Science,Data Science,Not Applicable,Not Applicable,Junior,Out-of-State,Full-Time,TRUE,21,85,120,2.52,2.61,Good Standing,Spring 2028,0,0,4,58760
CID-152778,Nina,Brown,Nina Brown,Fall 2026,First-Time Freshman,Computer Science,General,Information Systems,Economics,Freshman,In-State,Full-Time,FALSE,16,0,120,Not Applicable,Not Applicable,Good Standing,Spring 2031,0,0,0,0
CID-251935,Jing,Lewis,Jing Lewis,Fall 2026,Transfer,Computer Science,Artificial Intelligence,Not Applicable,Not Applicable,Junior,In-State,Full-Time,FALSE,1,65,120,Not Applicable,Not Applicable,Good Standing,Fall 2028,0,0,4,0
CID-874505,Kayla,Anderson,Kayla Anderson,Fall 2026,Transfer,Computer Science,Artificial Intelligence,Not Applicable,Not Applicable,Sophomore,In-State,Full-Time,FALSE,5,48,120,Not Applicable,Not Applicable,Good Standing,Fall 2029,0,0,1,0
CID-831246,Rania,Torres,Rania Torres,Fall 2024,Transfer,Computer Science,General,Not Applicable,Not Applicable,Senior,In-State,Full-Time,FALSE,2,114,120,3.25,3.09,Good Standing,Spring 2027,1,1,2,11330
CID-918469,Ryan,Smith,Ryan Smith,Fall 2025,First-Time Freshman,Computer Science,Artificial Intelligence,Not Applicable,Not Applicable,Sophomore,Out-of-State,Full-Time,FALSE,13,33,120,2.58,2.50,Good Standing,Spring 2030,0,0,6,29780
CID-657501,Kayla,Liu,Kayla Liu,Fall 2025,First-Time Freshman,Information Systems,Health Information Technology,Not Applicable,Not Applicable,Freshman,Out-of-State,Full-Time,TRUE,8,28,120,3.79,4.00,Good Standing,Spring 2030,1,2,7,12780
CID-193667,Alina,Price,Alina Price,Fall 2025,First-Time Freshman,Information Systems,General,Computer Science,Not Applicable,Sophomore,Out-of-State,Full-Time,FALSE,11,31,120,3.68,4.00,Good Standing,Spring 2030,1,0,5,21380
CID-834508,Beatriz,Hughes,Beatriz Hughes,Fall 2026,Transfer,Computer Science,Software Engineering,Not Applicable,Not Applicable,Sophomore,In-State,Full-Time,FALSE,0,46,120,Not Applicable,Not Applicable,Good Standing,Fall 2029,0,0,2,0
CID-284088,Olivia,Lewis,Olivia Lewis,Fall 2024,First-Time Freshman,Computer Science,Data Science,Not Applicable,Not Applicable,Freshman,Out-of-State,Part-Time,FALSE,16,25,120,2.40,3.00,Good Standing,Spring 2034,0,0,1,25990
CID-842919,Rachel,Patel,Rachel Patel,Fall 2026,First-Time Freshman,Computer Science,Cybersecurity,Information Systems,Not Applicable,Freshman,In-State,Full-Time,FALSE,10,0,120,Not Applicable,Not Applicable,Good Standing,Spring 2031,0,0,3,0
CID-230845,Joseph,Perez,Joseph Perez,Fall 2024,First-Time Freshman,Information Systems,Business Analytics,Not Applicable,Not Applicable,Sophomore,In-State,Full-Time,TRUE,14,56,120,2.55,2.40,Good Standing,Spring 2029,1,3,2,21680
CID-366178,Ansel,Clark,Ansel Clark,Fall 2026,First-Time Freshman,Computer Science,Software Engineering,Not Applicable,Not Applicable,Freshman,Out-of-State,Full-Time,FALSE,19,0,120,Not Applicable,Not Applicable,Good Standing,Spring 2031,0,0,2,0
CID-510157,Hiroshi,Walker,Hiroshi Walker,Fall 2025,First-Time Freshman,Computer Science,General,Not Applicable,Cybersecurity,Sophomore,In-State,Full-Time,FALSE,12,32,120,2.81,3.00,Good Standing,Spring 2030,1,1,0,12160
CID-328950,Maya,Young,Maya Young,Fall 2026,First-Time Freshman,Information Systems,Cybersecurity Management,Not Applicable,Data Science,Freshman,Out-of-State,Full-Time,FALSE,18,0,120,Not Applicable,Not Applicable,Good Standing,Spring 2031,0,0,2,0
CID-240826,Ansel,Brown,Ansel Brown,Fall 2025,Transfer,Computer Science,Data Science,Not Applicable,Not Applicable,Senior,In-State,Full-Time,FALSE,13,93,120,2.72,2.64,Good Standing,Fall 2027,1,0,5,7580
CID-819844,Mohammed,Lee,Mohammed Lee,Fall 2024,First-Time Freshman,Computer Science,Data Science,Not Applicable,Not Applicable,Junior,In-State,Full-Time,FALSE,12,61,120,3.16,3.29,Good Standing,Spring 2029,1,0,0,31000
CID-555089,Liam,Walker,Liam Walker,Fall 2023,Transfer,Computer Science,Cybersecurity,Not Applicable,Not Applicable,Junior,In-State,Part-Time,FALSE,8,74,120,2.42,2.33,Good Standing,Spring 2030,2,0,0,14190
CID-237784,Jing,Martin,Jing Martin,Fall 2023,Transfer,Information Systems,Software Development,Not Applicable,Not Applicable,Senior,In-State,Full-Time,FALSE,7,121,120,3.24,3.17,Good Standing,Spring 2027,2,0,4,17130
CID-138418,Omar,Martinez,Omar Martinez,Fall 2024,Transfer,Information Systems,Business Analytics,Not Applicable,Not Applicable,Senior,In-State,Full-Time,FALSE,9,105,120,2.95,2.85,Good Standing,Spring 2027,1,0,1,13210
CID-367720,Ava,Diaz,Ava Diaz,Fall 2024,Transfer,Computer Science,Cybersecurity,Not Applicable,Not Applicable,Senior,In-State,Full-Time,TRUE,6,92,120,3.48,3.74,Good Standing,Fall 2027,0,2,1,11370
CID-292443,Kevin,Robinson,Kevin Robinson,Fall 2026,First-Time Freshman,Computer Science,General,Not Applicable,Not Applicable,Freshman,Out-of-State,Full-Time,FALSE,15,0,120,Not Applicable,Not Applicable,Good Standing,Spring 2031,0,0,0,0
CID-716413,Sara,Davis,Sara Davis,Fall 2023,First-Time Freshman,Information Systems,General,Not Applicable,Statistics,Senior,Out-of-State,Full-Time,FALSE,8,91,120,3.42,3.36,Good Standing,Fall 2027,1,0,2,69060
CID-689069,Chloe,Gonzalez,Chloe Gonzalez,Fall 2024,First-Time Freshman,Information Systems,Business Analytics,Not Applicable,Mathematics,Sophomore,In-State,Part-Time,FALSE,16,40,120,3.08,3.20,Good Standing,Fall 2032,1,0,4,20380
CID-240487,Khalil,Hall,Khalil Hall,Fall 2025,Transfer,Information Systems,Health Information Technology,Not Applicable,Not Applicable,Junior,In-State,Full-Time,FALSE,1,62,120,3.34,3.67,Good Standing,Fall 2028,1,1,3,7770
CID-841428,Jasmine,Price,Jasmine Price,Fall 2023,Transfer,Computer Science,Software Engineering,Not Applicable,Not Applicable,Junior,In-State,Part-Time,FALSE,26,85,120,3.23,3.74,Good Standing,Spring 2029,1,0,3,9570
CID-531099,Yara,Ramirez,Yara Ramirez,Fall 2026,Transfer,Information Systems,Business Analytics,Not Applicable,Not Applicable,Sophomore,In-State,Full-Time,FALSE,1,52,120,Not Applicable,Not Applicable,Good Standing,Spring 2029,0,1,5,0
CID-784839,Camila,Henderson,Camila Henderson,Fall 2022,First-Time Freshman,Computer Science,Artificial Intelligence,Not Applicable,Not Applicable,Senior,In-State,Full-Time,FALSE,10,111,120,3.19,3.22,Good Standing,Spring 2027,0,0,1,43130
CID-196087,Xiomara,Zhao,Xiomara Zhao,Fall 2025,Transfer,Computer Science,Software Engineering,Not Applicable,Not Applicable,Junior,In-State,Full-Time,FALSE,6,65,120,3.00,3.00,Good Standing,Fall 2028,0,0,1,5770
CID-292414,Benjamin,Mendez,Benjamin Mendez,Fall 2023,First-Time Freshman,Information Systems,Health Information Technology,Not Applicable,Not Applicable,Senior,In-State,Full-Time,FALSE,0,91,120,2.86,3.00,Good Standing,Fall 2027,0,3,3,39970
CID-490939,Kayla,Kim,Kayla Kim,Fall 2024,Transfer,Computer Science,Software Engineering,Not Applicable,Not Applicable,Senior,In-State,Full-Time,FALSE,20,99,120,3.66,3.33,Good Standing,Fall 2027,1,0,1,9330
CID-446909,Anaya,Brooks,Anaya Brooks,Fall 2025,First-Time Freshman,Computer Science,General,Not Applicable,Not Applicable,Freshman,Out-of-State,Full-Time,FALSE,11,29,120,3.62,3.50,Good Standing,Spring 2030,1,0,4,23430
CID-484888,Jordan,Brown,Jordan Brown,Fall 2026,First-Time Freshman,Information Systems,Business Analytics,Not Applicable,Not Applicable,Freshman,Out-of-State,Full-Time,TRUE,3,0,120,Not Applicable,Not Applicable,Good Standing,Spring 2031,0,0,1,0
CID-749430,Aaliyah,Perry,Aaliyah Perry,Fall 2023,First-Time Freshman,Computer Science,Software Engineering,Not Applicable,Not Applicable,Junior,In-State,Full-Time,FALSE,8,82,120,2.84,2.86,Good Standing,Spring 2028,1,0,3,38880
CID-560112,Nia,Torres,Nia Torres,Fall 2025,First-Time Freshman,Computer Science,Cybersecurity,Not Applicable,Not Applicable,Sophomore,In-State,Full-Time,FALSE,12,35,120,3.49,3.64,Good Standing,Spring 2030,1,2,3,15780
CID-333528,Noah,Simmons,Noah Simmons,Fall 2026,First-Time Freshman,Information Systems,Cybersecurity Management,Not Applicable,Not Applicable,Freshman,In-State,Full-Time,FALSE,2,0,120,Not Applicable,Not Applicable,Good Standing,Spring 2031,0,0,4,0
CID-710644,Aaliyah,Edwards,Aaliyah Edwards,Fall 2024,First-Time Freshman,Computer Science,Cybersecurity,Not Applicable,Not Applicable,Sophomore,Out-of-State,Full-Time,FALSE,5,56,120,2.86,2.83,Good Standing,Spring 2029,1,2,0,51380
CID-599690,David,Perry,David Perry,Fall 2026,Transfer,Computer Science,General,Not Applicable,Not Applicable,Freshman,In-State,Full-Time,FALSE,1,24,120,Not Applicable,Not Applicable,Good Standing,Spring 2030,0,0,0,0
CID-742987,Kwame,Clark,Kwame Clark,Fall 2023,First-Time Freshman,Information Systems,Business Analytics,Not Applicable,Not Applicable,Sophomore,In-State,Part-Time,FALSE,14,55,120,3.67,3.83,Good Standing,Fall 2031,1,0,2,21970
CID-209781,Fatima,Wood,Fatima Wood,Fall 2022,First-Time Freshman,Information Systems,Business Analytics,Not Applicable,Not Applicable,Junior,In-State,Part-Time,FALSE,14,77,120,3.27,3.45,Good Standing,Spring 2030,3,2,2,27660
CID-821692,Ryan,Wong,Ryan Wong,Fall 2025,Transfer,Computer Science,Software Engineering,Not Applicable,Economics,Junior,In-State,Part-Time,FALSE,8,60,120,3.53,3.57,Good Standing,Spring 2031,0,0,1,2910
CID-944042,Noah,Sullivan,Noah Sullivan,Fall 2023,First-Time Freshman,Computer Science,General,Not Applicable,Not Applicable,Senior,In-State,Full-Time,FALSE,5,107,120,3.29,3.29,Good Standing,Spring 2027,2,1,3,33190
CID-137373,Kwame,Price,Kwame Price,Fall 2025,Transfer,Information Systems,Business Analytics,Not Applicable,Psychology,Sophomore,In-State,Part-Time,TRUE,22,57,120,2.50,3.00,Good Standing,Fall 2031,0,2,6,2470
CID-674050,Hannah,Thomas,Hannah Thomas,Fall 2026,Transfer,Information Systems,Business Analytics,Not Applicable,Not Applicable,Sophomore,In-State,Full-Time,TRUE,18,30,120,Not Applicable,Not Applicable,Good Standing,Spring 2030,0,1,2,0
CID-855904,Andre,Gomez,Andre Gomez,Fall 2026,First-Time Freshman,Computer Science,Data Science,Mathematics,Political Science,Freshman,In-State,Full-Time,FALSE,2,0,120,Not Applicable,Not Applicable,Good Standing,Spring 2031,0,0,6,0
CID-850889,Sara,Liu,Sara Liu,Fall 2025,First-Time Freshman,Computer Science,General,Not Applicable,Not Applicable,Freshman,In-State,Full-Time,FALSE,14,26,120,2.69,2.50,Good Standing,Spring 2030,0,1,4,10190
CID-755316,Jing,Reyes,Jing Reyes,Fall 2025,First-Time Freshman,Computer Science,Software Engineering,Not Applicable,Not Applicable,Freshman,Out-of-State,Full-Time,FALSE,10,29,120,3.48,4.00,Good Standing,Spring 2030,1,0,2,27150
CID-635009,Ethan,Mendez,Ethan Mendez,Fall 2025,Transfer,Computer Science,Cybersecurity,Not Applicable,Not Applicable,Junior,In-State,Full-Time,TRUE,13,86,120,2.93,2.62,Good Standing,Spring 2028,1,0,0,5670
CID-811177,Mia,Morales,Mia Morales,Fall 2023,First-Time Freshman,Information Systems,Software Development,Computer Science,Not Applicable,Junior,In-State,Full-Time,TRUE,24,76,120,2.64,3.00,Good Standing,Spring 2028,2,2,4,22430
CID-633977,Diego,Jenkins,Diego Jenkins,Fall 2023,First-Time Freshman,Computer Science,Data Science,Not Applicable,Not Applicable,Junior,In-State,Full-Time,FALSE,16,75,120,2.57,2.41,Good Standing,Spring 2028,0,0,3,38140
CID-339071,Maya,Kelly,Maya Kelly,Fall 2023,First-Time Freshman,Computer Science,Software Engineering,Not Applicable,Psychology,Senior,In-State,Full-Time,FALSE,4,105,120,3.13,3.38,Good Standing,Spring 2027,1,0,3,45620
CID-204837,Eli,Lopez,Eli Lopez,Fall 2024,First-Time Freshman,Computer Science,General,Not Applicable,Not Applicable,Junior,In-State,Full-Time,FALSE,6,60,120,2.38,2.46,Good Standing,Spring 2029,1,0,5,25490
CID-737543,Joseph,Gonzalez,Joseph Gonzalez,Fall 2025,First-Time Freshman,Information Systems,Business Analytics,Not Applicable,Not Applicable,Freshman,In-State,Part-Time,FALSE,21,19,120,3.05,3.00,Good Standing,Fall 2034,0,2,1,7090
CID-936850,Sara,Huang,Sara Huang,Fall 2025,First-Time Freshman,Computer Science,General,Not Applicable,Philosophy,Freshman,In-State,Full-Time,TRUE,20,19,120,1.58,2.00,Academic Probation,Fall 2030,0,0,1,8890
CID-967906,Fatima,Adebayo,Fatima Adebayo,Fall 2023,First-Time Freshman,Computer Science,General,Not Applicable,Economics,Junior,In-State,Full-Time,FALSE,6,79,120,2.99,2.64,Good Standing,Spring 2028,1,2,2,38190
CID-257791,Joseph,Wright,Joseph Wright,Fall 2025,First-Time Freshman,Computer Science,Data Science,Not Applicable,Not Applicable,Sophomore,Out-of-State,Full-Time,FALSE,4,36,120,3.11,3.09,Good Standing,Fall 2029,1,0,5,27990
CID-725540,Nina,Rivera,Nina Rivera,Fall 2023,Transfer,Computer Science,Data Science,Not Applicable,Not Applicable,Senior,In-State,Full-Time,FALSE,0,115,120,3.12,3.23,Good Standing,Spring 2027,1,0,1,17070
CID-404966,Khalil,Richardson,Khalil Richardson,Fall 2024,Transfer,Information Systems,Business Analytics,Not Applicable,Not Applicable,Junior,Out-of-State,Full-Time,FALSE,2,86,120,3.21,3.14,Good Standing,Spring 2028,1,0,3,21440
CID-482222,Gabriel,Wong,Gabriel Wong,Fall 2025,Transfer,Computer Science,Cybersecurity,Not Applicable,Not Applicable,Junior,Out-of-State,Full-Time,FALSE,4,76,120,3.10,3.21,Good Standing,Spring 2028,1,0,3,13030
CID-928798,Chloe,Gupta,Chloe Gupta,Fall 2023,First-Time Freshman,Computer Science,General,Not Applicable,Cybersecurity,Sophomore,In-State,Part-Time,FALSE,16,51,120,3.00,3.04,Good Standing,Spring 2032,2,0,3,28250
CID-102362,Grace,Lewis,Grace Lewis,Fall 2025,Transfer,Computer Science,Cybersecurity,Not Applicable,Not Applicable,Senior,In-State,Full-Time,TRUE,20,100,120,3.12,3.25,Good Standing,Fall 2027,1,1,5,5920
CID-463895,Jacob,Stewart,Jacob Stewart,Fall 2025,First-Time Freshman,Computer Science,Artificial Intelligence,Not Applicable,Statistics,Sophomore,In-State,Full-Time,TRUE,9,35,120,3.11,3.64,Good Standing,Spring 2030,1,2,1,10800
CID-136508,Zoe,Smith,Zoe Smith,Fall 2023,First-Time Freshman,Information Systems,Health Information Technology,Not Applicable,Not Applicable,Junior,Out-of-State,Full-Time,TRUE,18,89,120,2.96,3.08,Good Standing,Fall 2027,1,0,2,54270
CID-357135,Aiden,Murphy,Aiden Murphy,Fall 2026,First-Time Freshman,Computer Science,Data Science,Not Applicable,Data Science,Freshman,In-State,Full-Time,FALSE,14,0,120,Not Applicable,Not Applicable,Good Standing,Spring 2031,0,0,4,0
CID-400894,Jacob,Oliveira,Jacob Oliveira,Fall 2024,Transfer,Computer Science,Software Engineering,Not Applicable,Data Science,Senior,In-State,Full-Time,FALSE,3,99,120,2.83,2.88,Good Standing,Fall 2027,1,2,3,11020
CID-756714,Keisha,Reed,Keisha Reed,Fall 2024,Transfer,Computer Science,General,Not Applicable,Not Applicable,Senior,In-State,Full-Time,FALSE,17,107,120,3.33,3.31,Good Standing,Spring 2027,1,0,2,12490
CID-231281,Ryan,Torres,Ryan Torres,Fall 2025,First-Time Freshman,Information Systems,Health Information Technology,Not Applicable,Health Administration,Freshman,In-State,Full-Time,FALSE,0,28,120,3.32,4.00,Good Standing,Spring 2030,0,0,1,8310
CID-101353,Tobias,Kaur,Tobias Kaur,Fall 2026,Transfer,Computer Science,General,Not Applicable,Not Applicable,Sophomore,In-State,Full-Time,FALSE,9,38,120,Not Applicable,Not Applicable,Good Standing,Fall 2029,0,0,4,0
CID-703621,Alina,Thompson,Alina Thompson,Fall 2023,First-Time Freshman,Computer Science,Data Science,Not Applicable,Not Applicable,Senior,Out-of-State,Full-Time,FALSE,0,99,120,3.46,3.36,Good Standing,Fall 2027,2,2,5,72050
CID-414905,Anaya,Park,Anaya Park,Fall 2026,First-Time Freshman,Computer Science,Software Engineering,Not Applicable,Not Applicable,Freshman,In-State,Full-Time,FALSE,10,0,120,Not Applicable,Not Applicable,Good Standing,Spring 2031,0,0,3,0
CID-175091,Sofia,Anderson,Sofia Anderson,Fall 2025,First-Time Freshman,Computer Science,Artificial Intelligence,Not Applicable,Not Applicable,Freshman,In-State,Full-Time,FALSE,2,28,120,2.54,2.00,Good Standing,Spring 2030,0,0,4,11880
CID-771702,Diego,Scott,Diego Scott,Fall 2023,First-Time Freshman,Information Systems,Business Analytics,Not Applicable,Not Applicable,Junior,In-State,Full-Time,TRUE,15,88,120,2.85,2.90,Good Standing,Fall 2027,0,1,1,33400
CID-980470,Anaya,Hughes,Anaya Hughes,Fall 2024,Transfer,Computer Science,Artificial Intelligence,Not Applicable,Not Applicable,Senior,In-State,Full-Time,FALSE,10,119,120,3.19,3.24,Good Standing,Spring 2027,0,0,1,15190
CID-322597,Mia,Brown,Mia Brown,Fall 2025,First-Time Freshman,Information Systems,Cybersecurity Management,Not Applicable,Not Applicable,Sophomore,Out-of-State,Full-Time,TRUE,11,37,120,3.65,3.50,Good Standing,Fall 2029,1,0,5,16040
CID-972026,Eli,Wilson,Eli Wilson,Fall 2025,First-Time Freshman,Computer Science,General,Not Applicable,Statistics,Sophomore,In-State,Full-Time,FALSE,12,39,120,3.82,4.00,Good Standing,Fall 2029,0,2,1,9400
CID-163450,Sofia,Ochoa,Sofia Ochoa,Fall 2024,First-Time Freshman,Computer Science,Data Science,Not Applicable,Not Applicable,Junior,Out-of-State,Full-Time,FALSE,8,68,120,3.07,2.88,Good Standing,Fall 2028,0,1,2,42520
CID-732006,Jasmine,James,Jasmine James,Fall 2025,First-Time Freshman,Computer Science,Cybersecurity,Not Applicable,Not Applicable,Freshman,Out-of-State,Part-Time,FALSE,27,15,120,2.67,2.00,Good Standing,Fall 2034,1,0,1,13300
CID-171368,Jacob,Carter,Jacob Carter,Fall 2026,Transfer,Computer Science,Software Engineering,Not Applicable,Not Applicable,Sophomore,In-State,Full-Time,TRUE,0,45,120,Not Applicable,Not Applicable,Good Standing,Fall 2029,0,0,5,0
CID-606112,Rania,Mitchell,Rania Mitchell,Fall 2023,Transfer,Computer Science,General,Not Applicable,Not Applicable,Senior,In-State,Full-Time,TRUE,13,103,120,2.13,2.06,Good Standing,Spring 2027,0,2,1,11400
CID-469514,Chidi,Brooks,Chidi Brooks,Fall 2026,First-Time Freshman,Computer Science,Software Engineering,Not Applicable,Not Applicable,Freshman,Out-of-State,Full-Time,FALSE,4,0,120,Not Applicable,Not Applicable,Good Standing,Spring 2031,0,0,0,0
CID-928970,Mia,Sullivan,Mia Sullivan,Fall 2022,First-Time Freshman,Computer Science,Software Engineering,Not Applicable,Not Applicable,Senior,In-State,Full-Time,TRUE,13,124,120,3.32,3.36,Good Standing,Spring 2027,2,3,2,38830
CID-973764,Nia,Gupta,Nia Gupta,Fall 2023,First-Time Freshman,Information Systems,Health Information Technology,Not Applicable,Not Applicable,Sophomore,In-State,Part-Time,FALSE,32,40,120,1.98,2.40,Academic Warning,Fall 2032,1,0,1,22510
CID-599722,Fatima,Diaz,Fatima Diaz,Fall 2025,First-Time Freshman,Computer Science,Software Engineering,Not Applicable,Not Applicable,Sophomore,Out-of-State,Full-Time,FALSE,3,33,120,3.88,4.00,Good Standing,Spring 2030,1,1,5,30550
CID-279858,Rania,Hughes,Rania Hughes,Fall 2023,First-Time Freshman,Information Systems,Health Information Technology,Not Applicable,Not Applicable,Junior,In-State,Full-Time,FALSE,8,77,120,2.48,2.56,Good Standing,Spring 2028,1,0,2,23260
CID-458445,Kayla,Coleman,Kayla Coleman,Fall 2023,First-Time Freshman,Information Systems,Business Analytics,Not Applicable,Not Applicable,Junior,Out-of-State,Full-Time,FALSE,18,88,120,2.94,3.00,Good Standing,Fall 2027,0,0,2,80890
CID-728670,Jacob,Young,Jacob Young,Fall 2024,First-Time Freshman,Information Systems,Business Analytics,Not Applicable,Not Applicable,Junior,In-State,Full-Time,FALSE,4,71,120,3.48,3.75,Good Standing,Fall 2028,1,0,2,33590
CID-394172,Rania,Zhao,Rania Zhao,Fall 2023,First-Time Freshman,Computer Science,Data Science,Not Applicable,Not Applicable,Junior,In-State,Full-Time,FALSE,6,89,120,3.48,3.33,Good Standing,Fall 2027,1,1,2,25090
CID-598376,Camila,Foster,Camila Foster,Fall 2026,Transfer,Information Systems,Software Development,Not Applicable,Not Applicable,Sophomore,In-State,Full-Time,FALSE,13,35,120,Not Applicable,Not Applicable,Good Standing,Spring 2030,0,0,1,0
CID-604271,Bianca,Foster,Bianca Foster,Fall 2026,First-Time Freshman,Computer Science,Cybersecurity,Statistics,Health Administration,Freshman,Out-of-State,Full-Time,FALSE,13,0,120,Not Applicable,Not Applicable,Good Standing,Spring 2031,0,2,2,0
CID-584463,Keisha,Mitchell,Keisha Mitchell,Fall 2025,Transfer,Computer Science,Cybersecurity,Not Applicable,Not Applicable,Junior,In-State,Full-Time,FALSE,5,77,120,2.91,2.77,Good Standing,Spring 2028,0,0,1,6070
CID-779094,Nicholas,Wilson,Nicholas Wilson,Fall 2022,First-Time Freshman,Information Systems,Cybersecurity Management,Not Applicable,Not Applicable,Junior,In-State,Part-Time,FALSE,23,64,120,2.86,2.75,Good Standing,Spring 2031,1,0,2,26120
CID-871874,Alina,Oliveira,Alina Oliveira,Fall 2026,First-Time Freshman,Information Systems,Business Analytics,Mathematics,Not Applicable,Freshman,Out-of-State,Full-Time,FALSE,5,0,120,Not Applicable,Not Applicable,Good Standing,Spring 2031,0,0,5,0
CID-639795,Jada,Torres,Jada Torres,Fall 2026,First-Time Freshman,Computer Science,Cybersecurity,Statistics,Mathematics,Freshman,In-State,Full-Time,FALSE,21,0,120,Not Applicable,Not Applicable,Good Standing,Spring 2031,0,0,2,0
CID-935808,Nora,Scott,Nora Scott,Fall 2025,First-Time Freshman,Computer Science,General,Not Applicable,Not Applicable,Freshman,In-State,Full-Time,FALSE,0,29,120,3.07,3.00,Good Standing,Spring 2030,1,0,5,12630
CID-341543,Camila,Anderson,Camila Anderson,Fall 2024,First-Time Freshman,Computer Science,General,Not Applicable,Not Applicable,Junior,Out-of-State,Full-Time,FALSE,8,61,120,3.05,2.56,Good Standing,Spring 2029,1,0,2,46560
CID-396276,Sebastian,Davis,Sebastian Davis,Fall 2023,First-Time Freshman,Computer Science,General,Not Applicable,Not Applicable,Senior,In-State,Full-Time,FALSE,1,90,120,3.26,2.93,Good Standing,Fall 2027,0,0,1,32070
CID-441239,Kiara,Rodriguez,Kiara Rodriguez,Fall 2025,Transfer,Computer Science,General,Not Applicable,Not Applicable,Junior,In-State,Full-Time,TRUE,2,82,120,2.10,2.18,Good Standing,Spring 2028,0,0,5,8350
CID-420026,Omar,Cruz,Omar Cruz,Fall 2023,Transfer,Information Systems,Cybersecurity Management,Not Applicable,Not Applicable,Senior,In-State,Full-Time,TRUE,8,112,120,3.49,3.18,Good Standing,Spring 2027,2,2,3,17460
CID-951160,Nadia,Shah,Nadia Shah,Fall 2024,Transfer,Computer Science,General,Statistics,Not Applicable,Senior,In-State,Full-Time,FALSE,0,125,120,3.27,3.07,Good Standing,Spring 2027,1,1,1,10390
CID-458639,Maya,Mitchell,Maya Mitchell,Fall 2023,First-Time Freshman,Computer Science,Cybersecurity,Not Applicable,Not Applicable,Junior,In-State,Full-Time,FALSE,12,86,120,2.90,2.67,Good Standing,Spring 2028,1,1,3,31600
CID-331359,Anaya,Jones,Anaya Jones,Fall 2025,Transfer,Information Systems,General,Not Applicable,Not Applicable,Senior,In-State,Full-Time,FALSE,7,91,120,2.80,3.00,Good Standing,Fall 2027,1,0,2,9030
CID-304273,Daniel,Gupta,Daniel Gupta,Fall 2025,Transfer,Computer Science,Cybersecurity,Not Applicable,Not Applicable,Junior,In-State,Full-Time,FALSE,6,62,120,3.13,3.50,Good Standing,Fall 2028,1,0,4,6420
CID-745851,Eli,Wood,Eli Wood,Fall 2025,Transfer,Computer Science,Software Engineering,Not Applicable,Health Administration,Junior,In-State,Full-Time,TRUE,8,61,120,2.54,2.91,Good Standing,Spring 2029,0,0,0,3310
CID-333953,Elijah,Hernandez,Elijah Hernandez,Fall 2024,First-Time Freshman,Information Systems,Business Analytics,Not Applicable,Not Applicable,Sophomore,Out-of-State,Full-Time,FALSE,0,52,120,2.54,2.80,Good Standing,Spring 2029,0,0,1,45220
CID-584626,Caleb,Huang,Caleb Huang,Fall 2026,First-Time Freshman,Computer Science,Cybersecurity,Not Applicable,Not Applicable,Freshman,Out-of-State,Part-Time,FALSE,21,0,120,Not Applicable,Not Applicable,Good Standing,Fall 2035,0,0,0,0
CID-104853,Amir,Hughes,Amir Hughes,Fall 2025,Transfer,Information Systems,General,Not Applicable,Not Applicable,Junior,In-State,Full-Time,TRUE,7,60,120,2.67,2.50,Good Standing,Spring 2029,1,0,0,7190
CID-404224,Ava,Tran,Ava Tran,Fall 2022,First-Time Freshman,Computer Science,General,Not Applicable,Not Applicable,Senior,In-State,Full-Time,FALSE,11,116,120,2.57,2.39,Good Standing,Spring 2027,1,0,0,47710
CID-393201,Kwame,Henderson,Kwame Henderson,Fall 2025,Transfer,Computer Science,Cybersecurity,Not Applicable,Not Applicable,Junior,In-State,Part-Time,FALSE,14,63,120,2.50,2.00,Good Standing,Spring 2031,0,0,4,3370
CID-550462,Nicholas,Lewis,Nicholas Lewis,Fall 2023,First-Time Freshman,Computer Science,Software Engineering,Information Systems,Data Science,Sophomore,In-State,Part-Time,FALSE,21,45,120,3.04,2.92,Good Standing,Fall 2032,2,1,4,19560
CID-730888,Camila,Sanchez,Camila Sanchez,Fall 2024,Transfer,Information Systems,Software Development,Not Applicable,Not Applicable,Junior,In-State,Part-Time,FALSE,12,66,120,2.70,2.60,Good Standing,Fall 2030,1,1,2,8780
CID-514470,Tariq,Flores,Tariq Flores,Fall 2025,First-Time Freshman,Computer Science,Cybersecurity,Not Applicable,Not Applicable,Sophomore,In-State,Full-Time,TRUE,16,32,120,3.25,3.50,Good Standing,Spring 2030,0,0,2,10390
CID-365852,Tobias,Bell,Tobias Bell,Fall 2026,First-Time Freshman,Information Systems,Software Development,Not Applicable,Cybersecurity,Freshman,In-State,Full-Time,TRUE,10,0,120,Not Applicable,Not Applicable,Good Standing,Spring 2031,0,0,1,0
CID-963607,Camila,Martinez,Camila Martinez,Fall 2023,First-Time Freshman,Information Systems,Cybersecurity Management,Not Applicable,Not Applicable,Sophomore,In-State,Part-Time,TRUE,21,46,120,3.20,3.00,Good Standing,Spring 2032,0,0,4,16230
CID-243671,Hiroshi,Bell,Hiroshi Bell,Fall 2026,First-Time Freshman,Computer Science,General,Not Applicable,Not Applicable,Freshman,In-State,Full-Time,TRUE,19,0,120,Not Applicable,Not Applicable,Good Standing,Spring 2031,0,2,4,0
CID-248108,Kayla,Oliveira,Kayla Oliveira,Fall 2023,First-Time Freshman,Computer Science,General,Not Applicable,Statistics,Senior,Out-of-State,Full-Time,TRUE,17,94,120,3.46,3.17,Good Standing,Fall 2027,1,0,3,46650
CID-934862,Amir,White,Amir White,Fall 2023,First-Time Freshman,Computer Science,General,Not Applicable,Not Applicable,Senior,In-State,Full-Time,FALSE,8,95,120,3.17,3.27,Good Standing,Fall 2027,2,0,3,40540
CID-481006,Grace,Zhang,Grace Zhang,Fall 2023,First-Time Freshman,Information Systems,General,Not Applicable,Not Applicable,Senior,Out-of-State,Full-Time,FALSE,13,93,120,2.73,2.69,Good Standing,Fall 2027,2,0,0,80180
CID-891438,Tobias,Ross,Tobias Ross,Fall 2025,First-Time Freshman,Computer Science,Software Engineering,Not Applicable,Not Applicable,Sophomore,In-State,Full-Time,FALSE,18,35,120,3.11,3.00,Good Standing,Spring 2030,0,1,4,12640
CID-282263,Sofia,Martinez,Sofia Martinez,Fall 2026,Transfer,Computer Science,Software Engineering,Not Applicable,Not Applicable,Junior,Out-of-State,Full-Time,FALSE,10,60,120,Not Applicable,Not Applicable,Good Standing,Spring 2029,0,0,0,0
CID-729703,Amir,Huang,Amir Huang,Fall 2026,First-Time Freshman,Computer Science,Cybersecurity,Not Applicable,Not Applicable,Freshman,In-State,Full-Time,FALSE,18,0,120,Not Applicable,Not Applicable,Good Standing,Spring 2031,0,0,2,0
CID-462742,Yusuf,Wood,Yusuf Wood,Fall 2024,First-Time Freshman,Computer Science,Cybersecurity,Not Applicable,Not Applicable,Junior,In-State,Full-Time,FALSE,7,67,120,3.31,3.46,Good Standing,Fall 2028,0,1,1,27720
CID-937220,Layla,Zhao,Layla Zhao,Fall 2023,First-Time Freshman,Information Systems,Health Information Technology,Not Applicable,Not Applicable,Junior,In-State,Full-Time,FALSE,11,81,120,3.07,3.00,Good Standing,Spring 2028,1,0,2,33460
CID-493807,Maya,Gomez,Maya Gomez,Fall 2026,First-Time Freshman,Information Systems,Business Analytics,Not Applicable,Not Applicable,Freshman,Out-of-State,Full-Time,FALSE,6,0,120,Not Applicable,Not Applicable,Good Standing,Spring 2031,0,1,3,0
CID-169606,Anika,Ramirez,Anika Ramirez,Fall 2025,First-Time Freshman,Information Systems,Business Analytics,Not Applicable,Not Applicable,Freshman,In-State,Full-Time,FALSE,2,28,120,2.82,2.00,Good Standing,Spring 2030,0,0,1,11720
CID-215625,Aiden,Yang,Aiden Yang,Fall 2026,Transfer,Computer Science,Cybersecurity,Not Applicable,Not Applicable,Sophomore,In-State,Full-Time,FALSE,6,55,120,Not Applicable,Not Applicable,Good Standing,Spring 2029,0,2,4,0
CID-957494,Kiara,Carter,Kiara Carter,Fall 2025,First-Time Freshman,Information Systems,Software Development,Not Applicable,Not Applicable,Freshman,In-State,Part-Time,TRUE,11,22,120,4.00,4.00,Good Standing,Spring 2034,1,0,2,5850
CID-415560,Samir,Price,Samir Price,Fall 2025,Transfer,Information Systems,Business Analytics,Computer Science,Not Applicable,Sophomore,In-State,Full-Time,FALSE,5,54,120,2.43,2.43,Good Standing,Spring 2029,1,0,4,5470
CID-453570,Emma,Watson,Emma Watson,Fall 2022,First-Time Freshman,Computer Science,Data Science,Not Applicable,Not Applicable,Senior,In-State,Full-Time,FALSE,17,114,120,2.67,2.43,Good Standing,Spring 2027,0,1,3,40530
CID-802319,Sofia,Scott,Sofia Scott,Fall 2022,First-Time Freshman,Computer Science,Software Engineering,Not Applicable,Not Applicable,Senior,In-State,Full-Time,FALSE,7,122,120,3.49,3.57,Good Standing,Spring 2027,2,0,2,36320
CID-233102,Elena,Taylor,Elena Taylor,Fall 2023,First-Time Freshman,Computer Science,Cybersecurity,Not Applicable,Not Applicable,Junior,Out-of-State,Full-Time,TRUE,20,84,120,2.75,2.69,Good Standing,Spring 2028,1,0,2,56470
CID-229343,Chidi,Park,Chidi Park,Fall 2025,First-Time Freshman,Computer Science,General,Not Applicable,Not Applicable,Sophomore,In-State,Full-Time,TRUE,17,30,120,2.60,2.50,Good Standing,Spring 2030,1,0,2,14840
CID-611191,Xiomara,Powell,Xiomara Powell,Fall 2023,First-Time Freshman,Information Systems,Software Development,Not Applicable,Not Applicable,Junior,In-State,Full-Time,FALSE,9,81,120,2.56,2.44,Good Standing,Spring 2028,0,0,3,36180
CID-502166,Kai,Ward,Kai Ward,Fall 2026,First-Time Freshman,Information Systems,General,Not Applicable,Not Applicable,Freshman,Out-of-State,Full-Time,TRUE,15,0,120,Not Applicable,Not Applicable,Good Standing,Spring 2031,0,0,4,0
CID-450650,Amir,Ibrahim,Amir Ibrahim,Fall 2023,First-Time Freshman,Information Systems,Health Information Technology,Not Applicable,Not Applicable,Junior,In-State,Full-Time,FALSE,21,77,120,2.75,2.89,Good Standing,Spring 2028,1,0,2,31970
CID-994433,Kevin,Adebayo,Kevin Adebayo,Fall 2022,First-Time Freshman,Information Systems,Cybersecurity Management,Not Applicable,Not Applicable,Senior,In-State,Full-Time,TRUE,19,106,120,2.98,3.00,Good Standing,Spring 2027,2,0,0,30050
CID-119980,Lucas,Alvarez,Lucas Alvarez,Fall 2026,First-Time Freshman,Computer Science,General,Not Applicable,Not Applicable,Freshman,In-State,Full-Time,TRUE,20,0,120,Not Applicable,Not Applicable,Good Standing,Spring 2031,0,0,1,0
CID-940621,Elena,Gomez,Elena Gomez,Fall 2025,First-Time Freshman,Computer Science,General,Not Applicable,Not Applicable,Freshman,In-State,Full-Time,FALSE,9,29,120,3.14,3.50,Good Standing,Spring 2030,1,0,3,11790
CID-212574,Chloe,Jackson,Chloe Jackson,Fall 2025,First-Time Freshman,Computer Science,General,Not Applicable,Not Applicable,Freshman,In-State,Full-Time,FALSE,8,29,120,2.79,3.00,Good Standing,Spring 2030,1,0,1,13440
CID-495743,Nia,Nwosu,Nia Nwosu,Fall 2025,Transfer,Computer Science,General,Not Applicable,Not Applicable,Junior,In-State,Full-Time,TRUE,15,69,120,3.24,3.00,Good Standing,Fall 2028,1,1,2,4470
CID-246484,Julia,Roberts,Julia Roberts,Fall 2022,First-Time Freshman,Information Systems,Cybersecurity Management,Mathematics,Not Applicable,Senior,Out-of-State,Full-Time,FALSE,13,109,120,2.80,2.75,Good Standing,Spring 2027,1,2,5,54260
CID-887807,Nathan,Murphy,Nathan Murphy,Fall 2023,First-Time Freshman,Computer Science,General,Information Systems,Philosophy,Junior,In-State,Full-Time,TRUE,10,86,120,3.52,3.31,Good Standing,Spring 2028,1,0,3,21120
CID-542401,Elijah,Wilson,Elijah Wilson,Fall 2025,Transfer,Computer Science,General,Not Applicable,Not Applicable,Junior,In-State,Full-Time,TRUE,23,74,120,3.21,3.23,Good Standing,Fall 2028,1,2,3,5480
CID-742542,Kiara,James,Kiara James,Fall 2023,First-Time Freshman,Information Systems,Software Development,Not Applicable,Not Applicable,Junior,In-State,Full-Time,FALSE,10,88,120,3.19,2.91,Good Standing,Fall 2027,0,0,2,23420
CID-609439,Emma,Perez,Emma Perez,Fall 2024,Transfer,Computer Science,Software Engineering,Not Applicable,Not Applicable,Senior,In-State,Full-Time,TRUE,8,110,120,3.17,2.89,Good Standing,Spring 2027,1,0,2,14080
CID-270777,Layla,Tran,Layla Tran,Fall 2023,First-Time Freshman,Information Systems,Software Development,Not Applicable,Not Applicable,Junior,Out-of-State,Full-Time,FALSE,11,88,120,2.60,2.80,Good Standing,Fall 2027,1,0,1,59940
CID-763328,Daniel,Owens,Daniel Owens,Fall 2023,First-Time Freshman,Information Systems,Business Analytics,Not Applicable,Not Applicable,Junior,In-State,Full-Time,FALSE,12,84,120,3.51,3.70,Good Standing,Spring 2028,2,0,6,28540
CID-944424,Wei,Mitchell,Wei Mitchell,Fall 2025,Transfer,Computer Science,Cybersecurity,Not Applicable,Not Applicable,Junior,In-State,Full-Time,FALSE,17,83,120,2.90,2.77,Good Standing,Spring 2028,0,1,2,6410
CID-527474,Grace,Adebayo,Grace Adebayo,Fall 2024,First-Time Freshman,Information Systems,General,Not Applicable,Not Applicable,Freshman,Out-of-State,Part-Time,FALSE,16,28,120,2.43,3.00,Good Standing,Fall 2033,1,0,3,25330
CID-220482,Sophia,Shah,Sophia Shah,Fall 2024,First-Time Freshman,Information Systems,Business Analytics,Not Applicable,Political Science,Sophomore,Out-of-State,Full-Time,FALSE,14,56,120,3.32,3.40,Good Standing,Spring 2029,0,0,3,47740
CID-533065,Rafael,Rivera,Rafael Rivera,Fall 2025,First-Time Freshman,Computer Science,Data Science,Not Applicable,Not Applicable,Sophomore,Out-of-State,Full-Time,FALSE,5,33,120,3.45,3.50,Good Standing,Spring 2030,1,2,7,20760
CID-712054,Naomi,Gupta,Naomi Gupta,Fall 2024,First-Time Freshman,Computer Science,Cybersecurity,Not Applicable,Not Applicable,Junior,In-State,Full-Time,FALSE,1,77,120,2.68,2.71,Good Standing,Spring 2028,0,0,1,33720
CID-477965,Lucas,Garcia,Lucas Garcia,Fall 2024,First-Time Freshman,Computer Science,Software Engineering,Not Applicable,Not Applicable,Junior,In-State,Full-Time,TRUE,15,60,120,2.58,2.71,Good Standing,Spring 2029,1,2,5,23210
CID-886080,Jayden,Scott,Jayden Scott,Fall 2024,First-Time Freshman,Information Systems,General,Not Applicable,Not Applicable,Freshman,Out-of-State,Part-Time,TRUE,24,28,120,3.07,4.00,Good Standing,Fall 2033,0,0,1,14390
CID-419145,Anaya,Carter,Anaya Carter,Fall 2022,First-Time Freshman,Computer Science,Cybersecurity,Statistics,Not Applicable,Senior,In-State,Full-Time,FALSE,13,115,120,2.80,2.83,Good Standing,Spring 2027,2,0,4,52350
CID-429699,Luna,Rogers,Luna Rogers,Fall 2024,First-Time Freshman,Computer Science,Artificial Intelligence,Not Applicable,Not Applicable,Junior,In-State,Full-Time,TRUE,8,66,120,3.50,3.46,Good Standing,Fall 2028,1,2,1,13570
CID-250306,Hannah,Patel,Hannah Patel,Fall 2026,Transfer,Computer Science,General,Not Applicable,Not Applicable,Sophomore,In-State,Full-Time,TRUE,11,59,120,Not Applicable,Not Applicable,Good Standing,Spring 2029,0,0,2,0
CID-886936,Liam,Patel,Liam Patel,Fall 2023,First-Time Freshman,Computer Science,Software Engineering,Not Applicable,Not Applicable,Junior,In-State,Full-Time,TRUE,2,88,120,3.66,3.76,Good Standing,Fall 2027,2,0,4,20050
CID-998532,Samir,Baker,Samir Baker,Fall 2024,First-Time Freshman,Information Systems,Software Development,Not Applicable,Mathematics,Junior,In-State,Full-Time,FALSE,15,64,120,2.91,2.80,Good Standing,Fall 2028,0,0,2,25250
CID-863112,Jing,Liu,Jing Liu,Fall 2026,First-Time Freshman,Information Systems,General,Not Applicable,Not Applicable,Freshman,Out-of-State,Full-Time,FALSE,0,0,120,Not Applicable,Not Applicable,Good Standing,Spring 2031,0,0,2,0
CID-483128,Priya,Lopez,Priya Lopez,Fall 2025,First-Time Freshman,Information Systems,General,Not Applicable,Not Applicable,Freshman,Out-of-State,Full-Time,FALSE,4,29,120,3.45,4.00,Good Standing,Spring 2030,1,0,1,28120
CID-616155,Naomi,Rivera,Naomi Rivera,Fall 2022,First-Time Freshman,Information Systems,Cybersecurity Management,Not Applicable,Not Applicable,Senior,In-State,Full-Time,TRUE,9,115,120,2.59,2.39,Good Standing,Spring 2027,1,0,2,43150
CID-185077,Xiomara,Green,Xiomara Green,Fall 2026,Transfer,Computer Science,Data Science,Not Applicable,Not Applicable,Sophomore,In-State,Full-Time,TRUE,6,36,120,Not Applicable,Not Applicable,Good Standing,Fall 2029,0,0,2,0
CID-120935,Kevin,Kaur,Kevin Kaur,Fall 2022,First-Time Freshman,Computer Science,Software Engineering,Statistics,Not Applicable,Senior,In-State,Full-Time,FALSE,21,119,120,2.65,2.58,Good Standing,Spring 2027,2,0,5,52760
CID-319778,Michael,Lewis,Michael Lewis,Fall 2022,First-Time Freshman,Computer Science,General,Not Applicable,Not Applicable,Senior,Out-of-State,Full-Time,FALSE,11,97,120,2.10,2.17,Good Standing,Fall 2027,2,0,3,76470
CID-595070,Aiden,Simmons,Aiden Simmons,Fall 2026,First-Time Freshman,Information Systems,General,Not Applicable,Not Applicable,Freshman,In-State,Full-Time,FALSE,3,0,120,Not Applicable,Not Applicable,Good Standing,Spring 2031,0,0,6,0
CID-567312,Khalil,Powell,Khalil Powell,Fall 2024,First-Time Freshman,Information Systems,Software Development,Not Applicable,Not Applicable,Junior,In-State,Full-Time,TRUE,10,65,120,3.45,3.60,Good Standing,Fall 2028,1,0,0,14840
CID-311598,Keisha,Rogers,Keisha Rogers,Fall 2026,First-Time Freshman,Computer Science,General,Not Applicable,Economics,Freshman,In-State,Full-Time,FALSE,8,0,120,Not Applicable,Not Applicable,Good Standing,Spring 2031,0,0,8,0
CID-460919,Emma,Lee,Emma Lee,Fall 2026,First-Time Freshman,Information Systems,Health Information Technology,Not Applicable,Not Applicable,Freshman,In-State,Full-Time,FALSE,7,0,120,Not Applicable,Not Applicable,Good Standing,Spring 2031,0,0,1,0
CID-775531,Eli,Ward,Eli Ward,Fall 2022,First-Time Freshman,Information Systems,Software Development,Not Applicable,Not Applicable,Senior,In-State,Full-Time,TRUE,11,118,120,3.29,3.42,Good Standing,Spring 2027,1,0,5,32020
CID-462008,Daniel,Watson,Daniel Watson,Fall 2025,Transfer,Computer Science,General,Not Applicable,Not Applicable,Sophomore,In-State,Full-Time,TRUE,17,57,120,3.45,3.50,Good Standing,Spring 2029,1,1,3,3760
CID-988142,Lucas,Ho,Lucas Ho,Fall 2026,Transfer,Information Systems,General,Not Applicable,Not Applicable,Sophomore,In-State,Full-Time,TRUE,11,55,120,Not Applicable,Not Applicable,Good Standing,Spring 2029,0,2,5,0
CID-469619,Xiomara,Roberts,Xiomara Roberts,Fall 2025,First-Time Freshman,Information Systems,Health Information Technology,Not Applicable,Not Applicable,Freshman,Out-of-State,Full-Time,FALSE,14,25,120,3.52,3.00,Good Standing,Spring 2030,1,0,4,22580
CID-661566,Sara,King,Sara King,Fall 2026,Transfer,Computer Science,General,Not Applicable,Not Applicable,Sophomore,In-State,Full-Time,FALSE,4,42,120,Not Applicable,Not Applicable,Good Standing,Fall 2029,0,0,5,0
CID-664122,Priya,Nwosu,Priya Nwosu,Fall 2025,Transfer,Computer Science,General,Not Applicable,Not Applicable,Sophomore,Out-of-State,Part-Time,FALSE,14,52,120,1.00,1.00,Academic Probation,Fall 2031,0,0,1,6830
CID-169515,Ava,Williams,Ava Williams,Fall 2024,Transfer,Information Systems,Business Analytics,Not Applicable,Not Applicable,Junior,In-State,Full-Time,FALSE,15,87,120,3.72,3.62,Good Standing,Spring 2028,1,1,2,8460
CID-836182,Xiomara,Harris,Xiomara Harris,Fall 2026,First-Time Freshman,Information Systems,General,Not Applicable,Not Applicable,Freshman,Out-of-State,Full-Time,FALSE,14,0,120,Not Applicable,Not Applicable,Good Standing,Spring 2031,0,0,3,0
CID-144217,Simone,Park,Simone Park,Fall 2024,First-Time Freshman,Information Systems,Cybersecurity Management,Not Applicable,Not Applicable,Sophomore,In-State,Full-Time,FALSE,15,56,120,2.25,2.29,Good Standing,Spring 2029,1,2,4,31220
CID-263259,Beatriz,Peterson,Beatriz Peterson,Fall 2024,Transfer,Computer Science,General,Not Applicable,Not Applicable,Senior,In-State,Full-Time,FALSE,2,112,120,3.45,3.46,Good Standing,Spring 2027,1,0,5,14450
CID-872796,Jacob,Lewis,Jacob Lewis,Fall 2023,First-Time Freshman,Information Systems,General,Not Applicable,Not Applicable,Junior,In-State,Full-Time,FALSE,26,77,120,2.68,2.56,Good Standing,Spring 2028,2,1,1,31990
CID-721663,Kiara,Torres,Kiara Torres,Fall 2025,First-Time Freshman,Computer Science,General,Not Applicable,Not Applicable,Sophomore,In-State,Full-Time,FALSE,16,38,120,3.37,3.36,Good Standing,Fall 2029,1,0,3,16860
CID-615845,Sebastian,Carter,Sebastian Carter,Fall 2023,First-Time Freshman,Computer Science,Software Engineering,Not Applicable,Not Applicable,Senior,Out-of-State,Full-Time,FALSE,8,92,120,3.10,2.79,Good Standing,Fall 2027,2,0,3,54140
CID-687953,Isabella,Chen,Isabella Chen,Fall 2025,Transfer,Computer Science,Software Engineering,Not Applicable,Not Applicable,Junior,In-State,Full-Time,FALSE,6,74,120,3.52,3.54,Good Standing,Fall 2028,1,0,2,5500
CID-646291,Khalil,Watson,Khalil Watson,Fall 2026,Transfer,Computer Science,General,Not Applicable,Not Applicable,Sophomore,In-State,Full-Time,TRUE,16,53,120,Not Applicable,Not Applicable,Good Standing,Spring 2029,0,0,1,0
CID-269973,Simone,Rivera,Simone Rivera,Fall 2022,First-Time Freshman,Information Systems,General,Not Applicable,Not Applicable,Senior,In-State,Full-Time,FALSE,0,121,120,3.55,3.70,Good Standing,Spring 2027,1,1,3,48990
CID-155718,Ethan,Owens,Ethan Owens,Fall 2024,First-Time Freshman,Computer Science,Software Engineering,Not Applicable,Not Applicable,Junior,In-State,Full-Time,FALSE,11,73,120,3.27,3.42,Good Standing,Fall 2028,0,0,0,32250
CID-314241,Kayla,Thomas,Kayla Thomas,Fall 2024,Transfer,Computer Science,General,Information Systems,Not Applicable,Senior,In-State,Full-Time,TRUE,12,100,120,3.53,3.78,Good Standing,Fall 2027,1,0,4,6670
CID-856579,Khalil,James,Khalil James,Fall 2025,First-Time Freshman,Computer Science,Artificial Intelligence,Not Applicable,Entrepreneurship,Sophomore,Out-of-State,Full-Time,FALSE,3,32,120,2.59,2.27,Good Standing,Spring 2030,1,2,2,26160
CID-546235,Simone,Liu,Simone Liu,Fall 2026,First-Time Freshman,Computer Science,General,Not Applicable,Not Applicable,Freshman,In-State,Full-Time,FALSE,7,0,120,Not Applicable,Not Applicable,Good Standing,Spring 2031,0,0,3,0
CID-151324,Caleb,Rivera,Caleb Rivera,Fall 2024,First-Time Freshman,Information Systems,Business Analytics,Not Applicable,Not Applicable,Junior,Out-of-State,Full-Time,TRUE,9,70,120,3.96,4.00,Good Standing,Fall 2028,1,1,3,26930
CID-875435,Omar,Baker,Omar Baker,Fall 2025,First-Time Freshman,Computer Science,Software Engineering,Not Applicable,Not Applicable,Sophomore,In-State,Full-Time,TRUE,12,36,120,2.64,2.73,Good Standing,Fall 2029,0,0,4,12810
CID-853240,Anika,Torres,Anika Torres,Fall 2023,First-Time Freshman,Information Systems,Health Information Technology,Not Applicable,Not Applicable,Junior,In-State,Full-Time,FALSE,7,84,120,3.15,3.09,Good Standing,Spring 2028,1,1,1,41040
CID-968571,Thomas,Perry,Thomas Perry,Fall 2023,First-Time Freshman,Information Systems,Business Analytics,Not Applicable,Psychology,Junior,In-State,Full-Time,FALSE,12,80,120,2.66,2.36,Good Standing,Spring 2028,0,0,2,47180
CID-491095,Kevin,Sullivan,Kevin Sullivan,Fall 2026,Transfer,Computer Science,Cybersecurity,Not Applicable,Not Applicable,Freshman,In-State,Full-Time,FALSE,15,25,120,Not Applicable,Not Applicable,Good Standing,Spring 2030,0,0,1,0
CID-509115,Nicholas,Martin,Nicholas Martin,Fall 2024,Transfer,Computer Science,Data Science,Not Applicable,Not Applicable,Junior,In-State,Part-Time,TRUE,15,67,120,3.19,3.18,Good Standing,Fall 2030,0,0,2,6270
CID-866348,Amir,Thompson,Amir Thompson,Fall 2024,Transfer,Computer Science,Software Engineering,Not Applicable,Not Applicable,Junior,In-State,Full-Time,TRUE,18,85,120,3.95,3.88,Good Standing,Spring 2028,0,0,5,4040
CID-296188,Zoe,Cooper,Zoe Cooper,Fall 2024,First-Time Freshman,Computer Science,Data Science,Statistics,Not Applicable,Junior,Out-of-State,Full-Time,TRUE,12,69,120,3.39,3.44,Good Standing,Fall 2028,1,0,4,41520
CID-698510,Gabriel,Kaur,Gabriel Kaur,Fall 2025,First-Time Freshman,Computer Science,Data Science,Not Applicable,Not Applicable,Freshman,Out-of-State,Full-Time,FALSE,18,26,120,2.92,2.50,Good Standing,Spring 2030,0,0,2,17720
CID-872828,Valeria,Williams,Valeria Williams,Fall 2023,Transfer,Computer Science,General,Not Applicable,Not Applicable,Senior,In-State,Full-Time,FALSE,6,115,120,2.25,2.15,Good Standing,Spring 2027,1,2,1,19200
CID-116095,Diego,Kaur,Diego Kaur,Fall 2024,Transfer,Information Systems,General,Not Applicable,Statistics,Senior,In-State,Part-Time,FALSE,25,97,120,3.36,3.33,Good Standing,Fall 2028,1,3,6,9080
CID-928196,Valeria,Lopez,Valeria Lopez,Fall 2024,First-Time Freshman,Computer Science,Cybersecurity,Not Applicable,Not Applicable,Sophomore,In-State,Part-Time,TRUE,31,35,120,3.20,3.00,Good Standing,Spring 2033,0,0,1,9160
CID-821873,Zara,Carter,Zara Carter,Fall 2026,First-Time Freshman,Computer Science,General,Not Applicable,Not Applicable,Freshman,In-State,Full-Time,FALSE,3,0,120,Not Applicable,Not Applicable,Good Standing,Spring 2031,0,0,1,0
CID-335416,Kiara,Powell,Kiara Powell,Fall 2023,First-Time Freshman,Computer Science,Cybersecurity,Not Applicable,Not Applicable,Sophomore,In-State,Part-Time,FALSE,17,48,120,3.00,3.17,Good Standing,Spring 2032,0,0,0,19290
CID-573313,Chloe,Ibrahim,Chloe Ibrahim,Fall 2023,First-Time Freshman,Computer Science,General,Not Applicable,Not Applicable,Junior,Out-of-State,Full-Time,TRUE,12,76,120,2.42,2.33,Good Standing,Spring 2028,1,0,1,56530
CID-921437,Fatima,Williams,Fatima Williams,Fall 2024,First-Time Freshman,Computer Science,Data Science,Not Applicable,Not Applicable,Junior,In-State,Full-Time,TRUE,9,70,120,2.86,3.04,Good Standing,Fall 2028,1,0,4,26260
CID-313589,Kayla,Gray,Kayla Gray,Fall 2022,First-Time Freshman,Computer Science,General,Not Applicable,Not Applicable,Senior,In-State,Full-Time,TRUE,9,123,120,2.85,2.92,Good Standing,Spring 2027,2,0,2,31510
CID-194387,Caleb,Perry,Caleb Perry,Fall 2026,Transfer,Computer Science,Cybersecurity,Not Applicable,Not Applicable,Sophomore,In-State,Full-Time,TRUE,9,32,120,Not Applicable,Not Applicable,Good Standing,Spring 2030,0,0,0,0
CID-613601,Diego,Sullivan,Diego Sullivan,Fall 2022,First-Time Freshman,Computer Science,General,Not Applicable,Entrepreneurship,Senior,Out-of-State,Full-Time,TRUE,11,113,120,3.25,3.04,Good Standing,Spring 2027,3,1,4,59370
CID-824967,Grace,Lee,Grace Lee,Fall 2023,First-Time Freshman,Information Systems,Software Development,Not Applicable,Not Applicable,Senior,In-State,Full-Time,FALSE,10,99,120,3.64,3.64,Good Standing,Fall 2027,0,2,1,36120
CID-445461,Deepa,Gomez,Deepa Gomez,Fall 2023,First-Time Freshman,Information Systems,Cybersecurity Management,Not Applicable,Not Applicable,Senior,In-State,Full-Time,FALSE,13,90,120,3.58,3.45,Good Standing,Fall 2027,1,0,5,27100
CID-360302,Victor,Clark,Victor Clark,Fall 2024,First-Time Freshman,Computer Science,Software Engineering,Not Applicable,Not Applicable,Sophomore,In-State,Full-Time,FALSE,7,48,120,1.94,2.00,Academic Warning,Fall 2029,0,1,2,20200
CID-990184,Olivia,Hernandez,Olivia Hernandez,Fall 2025,First-Time Freshman,Information Systems,Software Development,Not Applicable,Not Applicable,Freshman,Out-of-State,Full-Time,TRUE,19,19,120,2.16,2.00,Good Standing,Fall 2030,0,0,1,14520
CID-209527,Kayla,Patel,Kayla Patel,Fall 2025,Transfer,Information Systems,Business Analytics,Not Applicable,Not Applicable,Sophomore,In-State,Full-Time,TRUE,12,49,120,3.24,3.00,Good Standing,Spring 2029,1,2,4,4050
CID-633806,Hiroshi,Jones,Hiroshi Jones,Fall 2025,Transfer,Computer Science,Software Engineering,Not Applicable,Not Applicable,Junior,In-State,Full-Time,FALSE,16,60,120,3.19,3.73,Good Standing,Spring 2029,1,0,0,7910
CID-189700,Simone,Ellis,Simone Ellis,Fall 2023,First-Time Freshman,Computer Science,General,Not Applicable,Not Applicable,Sophomore,Out-of-State,Part-Time,FALSE,22,35,120,2.20,2.00,Good Standing,Spring 2033,0,0,0,31450
CID-914965,Caleb,Taylor,Caleb Taylor,Fall 2023,First-Time Freshman,Information Systems,Cybersecurity Management,Not Applicable,Not Applicable,Junior,In-State,Full-Time,TRUE,22,86,120,3.12,2.83,Good Standing,Spring 2028,0,0,3,16600
CID-970282,Naomi,Lee,Naomi Lee,Fall 2025,First-Time Freshman,Computer Science,Software Engineering,Not Applicable,Not Applicable,Freshman,Out-of-State,Full-Time,FALSE,21,23,120,2.83,3.00,Good Standing,Spring 2030,0,0,1,17320
CID-580465,Chloe,Lewis,Chloe Lewis,Fall 2023,First-Time Freshman,Computer Science,Artificial Intelligence,Not Applicable,Not Applicable,Senior,Out-of-State,Full-Time,FALSE,13,90,120,3.08,2.90,Good Standing,Fall 2027,2,0,1,68150
CID-734061,Chidi,Davis,Chidi Davis,Fall 2023,First-Time Freshman,Computer Science,Software Engineering,Not Applicable,Not Applicable,Junior,In-State,Part-Time,FALSE,12,63,120,3.37,3.57,Good Standing,Spring 2031,1,0,5,25500
CID-780529,Naomi,Wilson,Naomi Wilson,Fall 2025,First-Time Freshman,Computer Science,General,Not Applicable,Not Applicable,Freshman,In-State,Part-Time,FALSE,17,15,120,2.20,2.20,Good Standing,Fall 2034,1,0,1,7010
CID-933327,Sophia,Perez,Sophia Perez,Fall 2024,First-Time Freshman,Information Systems,Health Information Technology,Not Applicable,Not Applicable,Sophomore,In-State,Full-Time,FALSE,3,59,120,2.41,2.20,Good Standing,Spring 2029,1,0,0,27190
CID-257767,Zoe,Campbell,Zoe Campbell,Fall 2023,First-Time Freshman,Information Systems,General,Not Applicable,Not Applicable,Senior,In-State,Full-Time,TRUE,20,100,120,3.49,3.46,Good Standing,Fall 2027,1,1,1,39390
CID-940428,Hiroshi,Williams,Hiroshi Williams,Fall 2024,First-Time Freshman,Computer Science,Data Science,Not Applicable,Not Applicable,Sophomore,Out-of-State,Full-Time,FALSE,27,48,120,2.19,2.35,Good Standing,Fall 2029,0,0,4,45570
CID-207518,Keisha,Okafor,Keisha Okafor,Fall 2022,First-Time Freshman,Computer Science,Data Science,Not Applicable,Not Applicable,Senior,In-State,Full-Time,TRUE,4,144,120,3.41,3.47,Good Standing,Spring 2027,0,0,4,46420
CID-927294,Liam,Evans,Liam Evans,Fall 2025,First-Time Freshman,Information Systems,Software Development,Not Applicable,Not Applicable,Freshman,In-State,Full-Time,FALSE,5,28,120,2.89,3.00,Good Standing,Spring 2030,1,3,5,11280
CID-164531,Sofia,Watson,Sofia Watson,Fall 2025,Transfer,Information Systems,General,Not Applicable,Cybersecurity,Junior,In-State,Full-Time,TRUE,14,70,120,2.97,3.50,Good Standing,Fall 2028,1,0,4,5870
CID-696504,Simone,Gonzalez,Simone Gonzalez,Fall 2023,First-Time Freshman,Information Systems,General,Not Applicable,Not Applicable,Senior,In-State,Full-Time,FALSE,9,90,120,3.07,3.00,Good Standing,Fall 2027,1,0,5,34540
CID-944558,Hiroshi,Young,Hiroshi Young,Fall 2026,First-Time Freshman,Information Systems,Business Analytics,Not Applicable,Political Science,Freshman,In-State,Full-Time,FALSE,9,0,120,Not Applicable,Not Applicable,Good Standing,Spring 2031,0,0,1,0
CID-274147,Valeria,Smith,Valeria Smith,Fall 2023,First-Time Freshman,Computer Science,Software Engineering,Not Applicable,Not Applicable,Senior,Out-of-State,Full-Time,FALSE,7,104,120,3.42,3.42,Good Standing,Spring 2027,1,0,2,57970
CID-152357,Deepa,Singh,Deepa Singh,Fall 2026,First-Time Freshman,Computer Science,Data Science,Not Applicable,Not Applicable,Freshman,In-State,Full-Time,FALSE,6,0,120,Not Applicable,Not Applicable,Good Standing,Spring 2031,0,3,1,0
CID-427419,Jordan,Morgan,Jordan Morgan,Fall 2023,First-Time Freshman,Information Systems,General,Not Applicable,Not Applicable,Junior,In-State,Full-Time,TRUE,9,84,120,2.82,2.83,Good Standing,Spring 2028,0,0,2,28150
CID-755909,Daniel,Ward,Daniel Ward,Fall 2022,First-Time Freshman,Computer Science,General,Not Applicable,Not Applicable,Senior,In-State,Full-Time,FALSE,1,125,120,3.64,3.76,Good Standing,Spring 2027,2,1,1,45140
CID-292506,Andre,Yang,Andre Yang,Fall 2025,First-Time Freshman,Computer Science,Data Science,Not Applicable,Not Applicable,Freshman,In-State,Full-Time,TRUE,16,29,120,2.10,1.50,Good Standing,Spring 2030,1,0,2,9420
CID-222751,Simone,Richardson,Simone Richardson,Fall 2022,First-Time Freshman,Information Systems,Software Development,Not Applicable,Not Applicable,Senior,Out-of-State,Full-Time,FALSE,6,118,120,3.46,3.42,Good Standing,Spring 2027,2,2,3,77070
CID-178232,Naomi,Moore,Naomi Moore,Fall 2025,First-Time Freshman,Computer Science,Artificial Intelligence,Not Applicable,Cybersecurity,Sophomore,In-State,Full-Time,TRUE,19,30,120,2.73,2.50,Good Standing,Spring 2030,1,1,1,10410
CID-171784,Mohammed,Johnson,Mohammed Johnson,Fall 2025,Transfer,Computer Science,Software Engineering,Not Applicable,Not Applicable,Sophomore,Out-of-State,Full-Time,FALSE,4,57,120,3.00,3.50,Good Standing,Spring 2029,0,0,1,14870
CID-803388,Aaliyah,Ward,Aaliyah Ward,Fall 2025,First-Time Freshman,Computer Science,Cybersecurity,Not Applicable,Not Applicable,Freshman,In-State,Full-Time,FALSE,1,29,120,3.34,3.00,Good Standing,Spring 2030,0,0,0,7090
CID-927821,Khalil,Kelly,Khalil Kelly,Fall 2022,First-Time Freshman,Computer Science,Data Science,Not Applicable,Not Applicable,Senior,In-State,Full-Time,FALSE,22,106,120,2.26,2.31,Good Standing,Spring 2027,1,0,1,49630
CID-120104,Mei,Ellis,Mei Ellis,Fall 2026,First-Time Freshman,Information Systems,Cybersecurity Management,Not Applicable,Not Applicable,Freshman,Out-of-State,Full-Time,TRUE,9,0,120,Not Applicable,Not Applicable,Good Standing,Spring 2031,0,0,1,0
CID-872620,Grace,Powell,Grace Powell,Fall 2025,First-Time Freshman,Computer Science,Software Engineering,Not Applicable,Not Applicable,Freshman,In-State,Full-Time,FALSE,7,27,120,3.59,4.00,Good Standing,Spring 2030,1,0,5,8740
CID-510094,Tariq,Morgan,Tariq Morgan,Fall 2025,Transfer,Computer Science,Data Science,Not Applicable,Not Applicable,Junior,In-State,Part-Time,TRUE,22,77,120,2.47,3.00,Good Standing,Spring 2030,0,1,2,3610
CID-868630,Amir,Cruz,Amir Cruz,Fall 2023,First-Time Freshman,Computer Science,General,Not Applicable,Not Applicable,Junior,In-State,Full-Time,FALSE,3,79,120,3.05,2.92,Good Standing,Spring 2028,2,2,4,34400
CID-498311,Camila,Carter,Camila Carter,Fall 2024,First-Time Freshman,Information Systems,General,Not Applicable,Entrepreneurship,Junior,Out-of-State,Full-Time,TRUE,18,62,120,3.34,3.83,Good Standing,Fall 2028,1,3,3,35820
CID-966816,Amir,Wood,Amir Wood,Fall 2023,First-Time Freshman,Computer Science,Cybersecurity,Not Applicable,Not Applicable,Senior,In-State,Full-Time,FALSE,10,90,120,2.61,2.78,Good Standing,Fall 2027,1,0,0,30880
CID-623718,Ibrahim,Campbell,Ibrahim Campbell,Fall 2022,First-Time Freshman,Information Systems,General,Not Applicable,Not Applicable,Senior,In-State,Full-Time,FALSE,5,115,120,3.08,3.11,Good Standing,Spring 2027,0,0,0,38610
CID-370419,Amir,Simmons,Amir Simmons,Fall 2024,First-Time Freshman,Computer Science,Software Engineering,Information Systems,Not Applicable,Sophomore,In-State,Full-Time,FALSE,13,51,120,2.18,2.48,Good Standing,Spring 2029,1,0,2,19520
CID-287579,Luna,Mendez,Luna Mendez,Fall 2023,First-Time Freshman,Computer Science,Data Science,Not Applicable,Not Applicable,Junior,In-State,Full-Time,FALSE,0,78,120,2.65,2.48,Good Standing,Spring 2028,2,0,2,27810
CID-797412,Yara,Carter,Yara Carter,Fall 2022,First-Time Freshman,Computer Science,General,Not Applicable,Not Applicable,Senior,In-State,Full-Time,TRUE,16,109,120,2.51,2.50,Good Standing,Spring 2027,1,1,2,36240
CID-200414,Diego,Gray,Diego Gray,Fall 2023,First-Time Freshman,Computer Science,General,Not Applicable,Not Applicable,Junior,In-State,Full-Time,FALSE,13,84,120,2.79,2.71,Good Standing,Spring 2028,1,0,1,35640
CID-417240,Sofia,Martin,Sofia Martin,Fall 2022,First-Time Freshman,Computer Science,General,Mathematics,Not Applicable,Senior,Out-of-State,Full-Time,FALSE,16,101,120,3.18,3.20,Good Standing,Spring 2027,1,0,3,63260
CID-831230,Deepa,Gray,Deepa Gray,Fall 2024,Transfer,Computer Science,Software Engineering,Not Applicable,Not Applicable,Senior,In-State,Full-Time,FALSE,27,97,120,1.95,2.12,Academic Warning,Fall 2027,1,3,2,11960
CID-887016,Kiara,Coleman,Kiara Coleman,Fall 2024,First-Time Freshman,Information Systems,Cybersecurity Management,Not Applicable,Not Applicable,Sophomore,In-State,Full-Time,TRUE,9,56,120,2.61,2.20,Good Standing,Spring 2029,1,2,3,16950
CID-230627,Lucas,Hughes,Lucas Hughes,Fall 2023,First-Time Freshman,Computer Science,Data Science,Not Applicable,Not Applicable,Junior,In-State,Full-Time,FALSE,6,88,120,3.32,3.67,Good Standing,Fall 2027,0,0,2,30640
CID-864467,Naomi,Morgan,Naomi Morgan,Fall 2022,First-Time Freshman,Computer Science,General,Not Applicable,Not Applicable,Senior,In-State,Full-Time,FALSE,2,119,120,3.55,3.47,Good Standing,Spring 2027,2,2,3,29430
CID-556253,Naomi,Liu,Naomi Liu,Fall 2026,Transfer,Computer Science,General,Not Applicable,Not Applicable,Sophomore,In-State,Full-Time,FALSE,7,44,120,Not Applicable,Not Applicable,Good Standing,Fall 2029,0,1,4,0
CID-934132,Hiroshi,Gupta,Hiroshi Gupta,Fall 2024,Transfer,Computer Science,Software Engineering,Not Applicable,Not Applicable,Senior,In-State,Full-Time,FALSE,7,114,120,1.98,2.21,Academic Warning,Spring 2027,0,0,1,14390
CID-963787,Yara,Johnson,Yara Johnson,Fall 2025,Transfer,Computer Science,Software Engineering,Not Applicable,Not Applicable,Junior,In-State,Full-Time,FALSE,6,63,120,2.51,3.00,Good Standing,Fall 2028,1,0,1,7080
CID-123927,Nia,Wood,Nia Wood,Fall 2026,First-Time Freshman,Computer Science,Data Science,Not Applicable,Not Applicable,Freshman,Out-of-State,Full-Time,FALSE,1,0,120,Not Applicable,Not Applicable,Good Standing,Spring 2031,0,2,4,0
CID-889891,Layla,Ochoa,Layla Ochoa,Fall 2025,First-Time Freshman,Information Systems,General,Not Applicable,Not Applicable,Freshman,Out-of-State,Part-Time,FALSE,36,18,120,3.17,3.00,Good Standing,Fall 2034,0,0,1,19010
CID-663905,Daniel,Lee,Daniel Lee,Fall 2025,Transfer,Computer Science,Cybersecurity,Not Applicable,Psychology,Junior,In-State,Part-Time,FALSE,22,66,120,3.00,2.43,Good Standing,Fall 2030,1,0,2,3780
CID-730177,Zara,Jenkins,Zara Jenkins,Fall 2024,Transfer,Computer Science,Cybersecurity,Not Applicable,Political Science,Senior,In-State,Full-Time,FALSE,15,96,120,3.05,2.65,Good Standing,Fall 2027,0,2,2,10160
CID-543104,Thomas,Jones,Thomas Jones,Fall 2026,First-Time Freshman,Computer Science,Software Engineering,Not Applicable,Not Applicable,Freshman,Out-of-State,Full-Time,TRUE,11,0,120,Not Applicable,Not Applicable,Good Standing,Spring 2031,0,0,5,0
CID-241414,Amir,Kaur,Amir Kaur,Fall 2024,Transfer,Information Systems,General,Not Applicable,Data Science,Senior,In-State,Full-Time,FALSE,14,111,120,3.37,3.50,Good Standing,Spring 2027,1,2,4,13720
CID-888135,Rania,Morales,Rania Morales,Fall 2024,First-Time Freshman,Computer Science,Cybersecurity,Not Applicable,Psychology,Sophomore,In-State,Full-Time,FALSE,11,52,120,2.92,3.00,Good Standing,Spring 2029,1,1,2,21180
CID-301239,Keisha,Ochoa,Keisha Ochoa,Fall 2026,First-Time Freshman,Computer Science,Software Engineering,Not Applicable,Not Applicable,Freshman,In-State,Full-Time,FALSE,25,0,120,Not Applicable,Not Applicable,Good Standing,Spring 2031,0,0,1,0
CID-716048,Grace,Anderson,Grace Anderson,Fall 2022,First-Time Freshman,Computer Science,Software Engineering,Not Applicable,Philosophy,Senior,Out-of-State,Full-Time,FALSE,9,126,120,3.56,3.47,Good Standing,Spring 2027,2,0,2,80890
CID-860517,Julia,Hill,Julia Hill,Fall 2026,First-Time Freshman,Information Systems,Business Analytics,Not Applicable,Not Applicable,Freshman,In-State,Full-Time,TRUE,7,0,120,Not Applicable,Not Applicable,Good Standing,Spring 2031,0,0,0,0
CID-195595,Lucas,Powell,Lucas Powell,Fall 2024,First-Time Freshman,Information Systems,Business Analytics,Not Applicable,Business Administration,Junior,Out-of-State,Full-Time,TRUE,9,68,120,3.50,3.71,Good Standing,Fall 2028,1,0,3,37410
CID-818938,Zoe,Price,Zoe Price,Fall 2022,First-Time Freshman,Information Systems,General,Not Applicable,Not Applicable,Senior,Out-of-State,Full-Time,FALSE,16,118,120,2.33,2.05,Good Standing,Spring 2027,2,2,2,83280
CID-511871,Valeria,White,Valeria White,Fall 2024,First-Time Freshman,Computer Science,Software Engineering,Not Applicable,Not Applicable,Sophomore,Out-of-State,Full-Time,TRUE,13,57,120,2.60,2.95,Good Standing,Spring 2029,0,2,1,34360
CID-145781,Caleb,Sanchez,Caleb Sanchez,Fall 2025,First-Time Freshman,Computer Science,Software Engineering,Not Applicable,Not Applicable,Sophomore,Out-of-State,Full-Time,FALSE,14,32,120,3.22,3.50,Good Standing,Spring 2030,0,2,2,24470
CID-137924,Hiroshi,Gomez,Hiroshi Gomez,Fall 2023,First-Time Freshman,Information Systems,Software Development,Not Applicable,Not Applicable,Sophomore,In-State,Part-Time,FALSE,33,34,120,2.91,2.50,Good Standing,Spring 2033,2,0,2,14630
CID-572837,Caleb,Peterson,Caleb Peterson,Fall 2025,Transfer,Computer Science,General,Not Applicable,Not Applicable,Senior,Out-of-State,Full-Time,FALSE,13,92,120,3.85,4.00,Good Standing,Fall 2027,1,1,3,10220
CID-847318,Jordan,Simmons,Jordan Simmons,Fall 2026,First-Time Freshman,Computer Science,General,Not Applicable,Not Applicable,Freshman,Out-of-State,Full-Time,FALSE,8,0,120,Not Applicable,Not Applicable,Good Standing,Spring 2031,0,0,3,0
CID-952003,Nadia,Price,Nadia Price,Fall 2026,First-Time Freshman,Computer Science,General,Mathematics,Not Applicable,Freshman,In-State,Part-Time,FALSE,17,0,120,Not Applicable,Not Applicable,Good Standing,Fall 2035,0,0,6,0
CID-968390,Camila,Ho,Camila Ho,Fall 2025,Transfer,Computer Science,Cybersecurity,Not Applicable,Not Applicable,Sophomore,In-State,Full-Time,TRUE,20,57,120,2.83,2.50,Good Standing,Spring 2029,0,0,1,6360
CID-151601,Jasmine,Cruz,Jasmine Cruz,Fall 2025,First-Time Freshman,Information Systems,General,Not Applicable,Not Applicable,Sophomore,In-State,Full-Time,FALSE,8,30,120,4.00,4.00,Good Standing,Spring 2030,1,0,3,9940
CID-292960,Carter,Gomez,Carter Gomez,Fall 2024,Transfer,Computer Science,Software Engineering,Not Applicable,Not Applicable,Junior,In-State,Full-Time,TRUE,7,88,120,2.56,2.58,Good Standing,Fall 2027,0,0,0,13390
CID-858243,Rania,James,Rania James,Fall 2025,First-Time Freshman,Information Systems,General,Not Applicable,Not Applicable,Sophomore,Out-of-State,Full-Time,TRUE,10,30,120,2.63,3.00,Good Standing,Spring 2030,1,0,3,22520
CID-211085,Camila,Clark,Camila Clark,Fall 2025,First-Time Freshman,Information Systems,Cybersecurity Management,Not Applicable,Not Applicable,Freshman,Out-of-State,Full-Time,TRUE,1,25,120,3.04,3.00,Good Standing,Spring 2030,1,0,1,15710
CID-101219,Nora,Flores,Nora Flores,Fall 2022,First-Time Freshman,Computer Science,Software Engineering,Not Applicable,Not Applicable,Senior,In-State,Full-Time,FALSE,3,97,120,2.27,2.22,Good Standing,Fall 2027,1,0,1,46450
CID-140846,Carter,Zhao,Carter Zhao,Fall 2025,First-Time Freshman,Computer Science,Software Engineering,Not Applicable,Not Applicable,Freshman,In-State,Part-Time,FALSE,29,15,120,3.73,3.73,Good Standing,Fall 2034,0,0,3,6280
CID-154159,Jacob,Taylor,Jacob Taylor,Fall 2025,First-Time Freshman,Information Systems,General,Not Applicable,Not Applicable,Sophomore,In-State,Full-Time,FALSE,9,38,120,3.00,3.00,Good Standing,Fall 2029,1,0,4,20540
CID-526226,Victor,Wood,Victor Wood,Fall 2026,First-Time Freshman,Computer Science,Data Science,Not Applicable,Not Applicable,Freshman,Out-of-State,Full-Time,FALSE,0,0,120,Not Applicable,Not Applicable,Good Standing,Spring 2031,0,0,3,0
CID-669436,Jayden,Young,Jayden Young,Fall 2023,First-Time Freshman,Computer Science,Data Science,Not Applicable,Not Applicable,Senior,Out-of-State,Full-Time,FALSE,15,101,120,2.86,2.86,Good Standing,Spring 2027,1,0,1,83060
CID-221492,Lucas,Hill,Lucas Hill,Fall 2026,Transfer,Computer Science,General,Not Applicable,Entrepreneurship,Sophomore,In-State,Full-Time,FALSE,3,46,120,Not Applicable,Not Applicable,Good Standing,Fall 2029,0,2,4,0
CID-408810,Kwame,Park,Kwame Park,Fall 2024,Transfer,Information Systems,General,Not Applicable,Not Applicable,Senior,In-State,Full-Time,FALSE,7,103,120,3.16,3.21,Good Standing,Spring 2027,0,0,3,11450
CID-603571,Jayden,Okafor,Jayden Okafor,Fall 2025,Transfer,Computer Science,General,Not Applicable,Not Applicable,Junior,In-State,Full-Time,TRUE,0,87,120,2.84,3.23,Good Standing,Spring 2028,1,1,2,5920
CID-819000,Deepa,Ibrahim,Deepa Ibrahim,Fall 2025,Transfer,Computer Science,General,Not Applicable,Economics,Junior,Out-of-State,Part-Time,FALSE,21,75,120,2.27,2.00,Good Standing,Spring 2030,0,0,2,6710
CID-827397,Kayla,Hill,Kayla Hill,Fall 2026,First-Time Freshman,Computer Science,Cybersecurity,Not Applicable,Mathematics,Freshman,Out-of-State,Full-Time,FALSE,12,0,120,Not Applicable,Not Applicable,Good Standing,Spring 2031,0,0,2,0
CID-889061,Kwame,Anderson,Kwame Anderson,Fall 2026,First-Time Freshman,Computer Science,General,Not Applicable,Not Applicable,Freshman,Out-of-State,Full-Time,FALSE,11,0,120,Not Applicable,Not Applicable,Good Standing,Spring 2031,0,1,1,0
CID-704646,Priya,Richardson,Priya Richardson,Fall 2026,First-Time Freshman,Information Systems,Cybersecurity Management,Not Applicable,Not Applicable,Freshman,In-State,Full-Time,FALSE,2,0,120,Not Applicable,Not Applicable,Good Standing,Spring 2031,0,2,4,0
CID-398850,Simone,Johnson,Simone Johnson,Fall 2025,First-Time Freshman,Computer Science,General,Not Applicable,Not Applicable,Freshman,In-State,Full-Time,FALSE,12,29,120,3.14,2.50,Good Standing,Spring 2030,1,0,1,11750
CID-574770,Yara,James,Yara James,Fall 2025,Transfer,Computer Science,General,Not Applicable,Not Applicable,Junior,In-State,Part-Time,FALSE,23,60,120,2.14,3.00,Good Standing,Spring 2031,0,0,3,3540
CID-123609,Jasmine,Diaz,Jasmine Diaz,Fall 2025,Transfer,Information Systems,General,Not Applicable,Not Applicable,Junior,In-State,Full-Time,FALSE,16,65,120,3.60,4.00,Good Standing,Fall 2028,1,2,3,5680
CID-213732,Jacob,Jenkins,Jacob Jenkins,Fall 2024,First-Time Freshman,Computer Science,Cybersecurity,Not Applicable,Cybersecurity,Freshman,In-State,Part-Time,TRUE,19,28,120,2.36,3.00,Good Standing,Fall 2033,0,0,2,12790
CID-175727,Elijah,Kelly,Elijah Kelly,Fall 2024,Transfer,Computer Science,General,Not Applicable,Not Applicable,Senior,In-State,Full-Time,FALSE,7,111,120,2.82,3.09,Good Standing,Spring 2027,1,2,5,9360
CID-184829,Bianca,Powell,Bianca Powell,Fall 2024,First-Time Freshman,Computer Science,Software Engineering,Not Applicable,Not Applicable,Sophomore,In-State,Full-Time,TRUE,14,52,120,2.50,2.42,Good Standing,Spring 2029,0,1,1,16180
CID-181933,Gabriel,Gray,Gabriel Gray,Fall 2024,First-Time Freshman,Computer Science,Artificial Intelligence,Not Applicable,Health Administration,Junior,In-State,Full-Time,TRUE,7,61,120,3.30,2.89,Good Standing,Spring 2029,1,1,3,16930
CID-250380,Valeria,King,Valeria King,Fall 2025,First-Time Freshman,Computer Science,Software Engineering,Not Applicable,Physics,Freshman,In-State,Full-Time,FALSE,8,29,120,2.93,3.09,Good Standing,Spring 2030,0,1,2,11440
CID-343887,Khalil,Young,Khalil Young,Fall 2024,First-Time Freshman,Computer Science,Data Science,Not Applicable,Not Applicable,Sophomore,In-State,Full-Time,TRUE,6,51,120,2.27,2.43,Good Standing,Spring 2029,1,0,8,21800
CID-533419,Nina,Kelly,Nina Kelly,Fall 2025,Transfer,Computer Science,Data Science,Not Applicable,Not Applicable,Junior,In-State,Full-Time,FALSE,4,66,120,2.80,3.23,Good Standing,Fall 2028,0,1,2,5320
CID-555754,Miguel,Wong,Miguel Wong,Fall 2025,Transfer,Information Systems,Health Information Technology,Not Applicable,Not Applicable,Junior,Out-of-State,Full-Time,FALSE,9,68,120,2.34,1.50,Good Standing,Fall 2028,0,0,4,11060
CID-117400,Wei,Davis,Wei Davis,Fall 2024,First-Time Freshman,Computer Science,Artificial Intelligence,Not Applicable,Entrepreneurship,Junior,In-State,Full-Time,FALSE,4,60,120,3.30,3.04,Good Standing,Spring 2029,1,2,1,18260
CID-894928,Eli,Flores,Eli Flores,Fall 2023,Transfer,Information Systems,General,Not Applicable,Not Applicable,Senior,In-State,Full-Time,FALSE,6,121,120,3.60,3.56,Good Standing,Spring 2027,1,2,3,9340
CID-258259,Elijah,Murphy,Elijah Murphy,Fall 2024,First-Time Freshman,Information Systems,Business Analytics,Not Applicable,Not Applicable,Sophomore,In-State,Full-Time,FALSE,9,56,120,3.57,3.40,Good Standing,Spring 2029,1,0,3,18440
CID-408211,Aaliyah,Ho,Aaliyah Ho,Fall 2023,First-Time Freshman,Information Systems,Business Analytics,Not Applicable,Not Applicable,Junior,Out-of-State,Full-Time,FALSE,6,85,120,2.88,3.18,Good Standing,Spring 2028,1,0,1,63940
CID-757789,Jordan,Ramirez,Jordan Ramirez,Fall 2026,First-Time Freshman,Computer Science,General,Not Applicable,Not Applicable,Freshman,In-State,Full-Time,FALSE,1,0,120,Not Applicable,Not Applicable,Good Standing,Spring 2031,0,0,2,0
CID-705176,Jordan,Wright,Jordan Wright,Fall 2024,First-Time Freshman,Computer Science,Data Science,Not Applicable,Data Science,Sophomore,In-State,Full-Time,TRUE,24,56,120,3.05,3.00,Good Standing,Spring 2029,1,1,1,18090
CID-611461,Nadia,Scott,Nadia Scott,Fall 2024,Transfer,Information Systems,Software Development,Not Applicable,Not Applicable,Senior,In-State,Full-Time,FALSE,0,97,120,2.50,2.40,Good Standing,Fall 2027,1,0,4,12680
CID-857792,Jing,Zhang,Jing Zhang,Fall 2026,Transfer,Computer Science,General,Not Applicable,Not Applicable,Sophomore,In-State,Full-Time,FALSE,11,59,120,Not Applicable,Not Applicable,Good Standing,Spring 2029,0,0,1,0
CID-415850,Benjamin,James,Benjamin James,Fall 2023,Transfer,Computer Science,Cybersecurity,Not Applicable,Not Applicable,Senior,In-State,Full-Time,FALSE,11,144,120,3.10,3.11,Good Standing,Spring 2027,2,0,6,24190
CID-223301,Maya,James,Maya James,Fall 2026,Transfer,Information Systems,Cybersecurity Management,Not Applicable,Not Applicable,Sophomore,In-State,Full-Time,FALSE,10,50,120,Not Applicable,Not Applicable,Good Standing,Spring 2029,0,2,4,0
CID-671418,Chidi,Sanchez,Chidi Sanchez,Fall 2026,First-Time Freshman,Information Systems,Health Information Technology,Not Applicable,Not Applicable,Freshman,In-State,Full-Time,FALSE,5,0,120,Not Applicable,Not Applicable,Good Standing,Spring 2031,0,0,4,0
CID-832868,Zoe,Stewart,Zoe Stewart,Fall 2025,Transfer,Information Systems,General,Not Applicable,Not Applicable,Junior,In-State,Full-Time,TRUE,9,69,120,3.39,4.00,Good Standing,Fall 2028,0,0,4,6180
CID-382160,Nora,Jones,Nora Jones,Fall 2025,First-Time Freshman,Computer Science,Software Engineering,Not Applicable,Not Applicable,Freshman,Out-of-State,Full-Time,FALSE,21,26,120,3.00,3.50,Good Standing,Spring 2030,0,0,2,18070
CID-662795,Daniel,Perry,Daniel Perry,Fall 2022,First-Time Freshman,Information Systems,Health Information Technology,Computer Science,Not Applicable,Senior,Out-of-State,Full-Time,FALSE,5,121,120,3.54,3.45,Good Standing,Spring 2027,1,2,0,74050
CID-998261,Nora,Martinez,Nora Martinez,Fall 2024,First-Time Freshman,Information Systems,Cybersecurity Management,Not Applicable,Not Applicable,Junior,Out-of-State,Full-Time,TRUE,21,62,120,3.48,3.43,Good Standing,Fall 2028,0,0,2,34930
CID-667286,Ethan,Silva,Ethan Silva,Fall 2026,Transfer,Computer Science,Data Science,Not Applicable,Physics,Freshman,In-State,Full-Time,FALSE,11,26,120,Not Applicable,Not Applicable,Good Standing,Spring 2030,0,2,0,0
CID-519809,Zoe,Hernandez,Zoe Hernandez,Fall 2026,Transfer,Computer Science,General,Not Applicable,Not Applicable,Junior,In-State,Full-Time,FALSE,14,65,120,Not Applicable,Not Applicable,Good Standing,Fall 2028,0,0,2,0
CID-501896,Xiomara,Baker,Xiomara Baker,Fall 2026,First-Time Freshman,Information Systems,Business Analytics,Statistics,Economics,Freshman,In-State,Full-Time,FALSE,6,0,120,Not Applicable,Not Applicable,Good Standing,Spring 2031,0,0,2,0
CID-655562,Alina,Kelly,Alina Kelly,Fall 2025,Transfer,Computer Science,Artificial Intelligence,Not Applicable,Psychology,Junior,In-State,Full-Time,TRUE,17,63,120,2.37,3.00,Good Standing,Fall 2028,1,0,3,4160
CID-653801,Isabella,Bell,Isabella Bell,Fall 2024,First-Time Freshman,Information Systems,General,Not Applicable,Not Applicable,Sophomore,Out-of-State,Part-Time,FALSE,24,34,120,2.56,2.00,Good Standing,Spring 2033,1,0,4,32290
CID-213740,Amir,Ramirez,Amir Ramirez,Fall 2026,First-Time Freshman,Information Systems,General,Not Applicable,Not Applicable,Freshman,In-State,Full-Time,TRUE,26,0,120,Not Applicable,Not Applicable,Good Standing,Spring 2031,0,3,1,0
CID-618739,Liam,King,Liam King,Fall 2023,First-Time Freshman,Computer Science,Artificial Intelligence,Not Applicable,Not Applicable,Junior,In-State,Full-Time,TRUE,24,84,120,3.24,3.38,Good Standing,Spring 2028,2,2,5,21580
CID-840394,Omar,Gray,Omar Gray,Fall 2023,Transfer,Information Systems,Business Analytics,Not Applicable,Mathematics,Senior,In-State,Full-Time,TRUE,13,118,120,2.86,2.76,Good Standing,Spring 2027,0,2,3,14700
CID-290986,Anaya,Mitchell,Anaya Mitchell,Fall 2023,First-Time Freshman,Computer Science,General,Not Applicable,Not Applicable,Junior,In-State,Full-Time,FALSE,13,82,120,2.40,2.53,Good Standing,Spring 2028,1,0,4,28850
CID-758022,Kai,Roberts,Kai Roberts,Fall 2023,First-Time Freshman,Computer Science,General,Not Applicable,Not Applicable,Junior,In-State,Full-Time,FALSE,5,86,120,2.69,2.60,Good Standing,Spring 2028,1,0,1,32560
CID-440069,Anaya,Gray,Anaya Gray,Fall 2026,Transfer,Computer Science,Data Science,Not Applicable,Not Applicable,Sophomore,In-State,Part-Time,FALSE,15,40,120,Not Applicable,Not Applicable,Good Standing,Fall 2032,0,1,2,0
CID-865097,Nina,Liu,Nina Liu,Fall 2026,Transfer,Computer Science,Artificial Intelligence,Not Applicable,Not Applicable,Sophomore,In-State,Full-Time,FALSE,8,55,120,Not Applicable,Not Applicable,Good Standing,Spring 2029,0,2,5,0
CID-430229,Layla,Wang,Layla Wang,Fall 2026,Transfer,Computer Science,Cybersecurity,Not Applicable,Not Applicable,Sophomore,In-State,Full-Time,TRUE,4,49,120,Not Applicable,Not Applicable,Good Standing,Spring 2029,0,1,1,0
CID-358053,Samir,Jones,Samir Jones,Fall 2024,First-Time Freshman,Information Systems,Software Development,Not Applicable,Not Applicable,Sophomore,Out-of-State,Full-Time,FALSE,11,52,120,2.77,3.00,Good Standing,Spring 2029,1,0,0,36700
CID-644017,Aaliyah,Scott,Aaliyah Scott,Fall 2024,Transfer,Computer Science,Data Science,Not Applicable,Not Applicable,Junior,In-State,Part-Time,FALSE,19,71,120,3.18,3.04,Good Standing,Fall 2030,0,0,4,9060
CID-517249,Zara,Coleman,Zara Coleman,Fall 2025,First-Time Freshman,Information Systems,General,Not Applicable,Not Applicable,Freshman,Out-of-State,Full-Time,TRUE,9,28,120,3.14,4.00,Good Standing,Spring 2030,0,0,5,14400
CID-263264,Omar,Edwards,Omar Edwards,Fall 2023,First-Time Freshman,Information Systems,Health Information Technology,Not Applicable,Not Applicable,Junior,In-State,Full-Time,TRUE,4,85,120,3.49,3.44,Good Standing,Spring 2028,1,0,4,27580
CID-725295,Samir,Zhao,Samir Zhao,Fall 2024,First-Time Freshman,Information Systems,General,Not Applicable,Not Applicable,Junior,In-State,Full-Time,TRUE,6,63,120,3.73,4.00,Good Standing,Fall 2028,0,0,0,10490
CID-147375,Michael,Hernandez,Michael Hernandez,Fall 2022,First-Time Freshman,Computer Science,General,Not Applicable,Not Applicable,Senior,In-State,Full-Time,TRUE,7,113,120,2.96,2.87,Good Standing,Spring 2027,1,0,0,39240
CID-292940,Benjamin,Bell,Benjamin Bell,Fall 2024,First-Time Freshman,Information Systems,Business Analytics,Not Applicable,Psychology,Sophomore,Out-of-State,Full-Time,FALSE,2,56,120,3.27,3.40,Good Standing,Spring 2029,0,0,1,39400
CID-626033,Miguel,Walker,Miguel Walker,Fall 2025,First-Time Freshman,Computer Science,Software Engineering,Not Applicable,Not Applicable,Freshman,In-State,Full-Time,FALSE,10,26,120,2.96,3.00,Good Standing,Spring 2030,0,0,3,10670
CID-500046,Julia,Turner,Julia Turner,Fall 2022,First-Time Freshman,Information Systems,Software Development,Not Applicable,Cybersecurity,Senior,In-State,Full-Time,TRUE,9,118,120,3.03,2.89,Good Standing,Spring 2027,2,0,2,19700
CID-609575,Kai,Ho,Kai Ho,Fall 2025,First-Time Freshman,Computer Science,General,Not Applicable,Not Applicable,Sophomore,In-State,Full-Time,TRUE,12,35,120,3.71,3.73,Good Standing,Spring 2030,1,0,6,9810
CID-369470,Chidi,Baker,Chidi Baker,Fall 2023,Transfer,Computer Science,Data Science,Not Applicable,Not Applicable,Senior,In-State,Full-Time,FALSE,4,121,120,2.77,2.77,Good Standing,Spring 2027,2,0,7,19050
CID-719594,Michael,Moore,Michael Moore,Fall 2025,Transfer,Information Systems,Business Analytics,Not Applicable,Not Applicable,Junior,In-State,Full-Time,TRUE,1,74,120,3.74,4.00,Good Standing,Fall 2028,1,0,2,7310
CID-771933,Noah,Ross,Noah Ross,Fall 2022,First-Time Freshman,Information Systems,Health Information Technology,Not Applicable,Not Applicable,Senior,In-State,Full-Time,FALSE,29,109,120,3.03,2.94,Good Standing,Spring 2027,2,1,2,42730
CID-962704,Amir,Gupta,Amir Gupta,Fall 2023,First-Time Freshman,Computer Science,Software Engineering,Not Applicable,Not Applicable,Senior,In-State,Full-Time,FALSE,17,97,120,3.39,3.26,Good Standing,Fall 2027,1,1,0,24120
CID-208901,Miguel,Zhao,Miguel Zhao,Fall 2026,First-Time Freshman,Computer Science,Cybersecurity,Not Applicable,Not Applicable,Freshman,In-State,Full-Time,TRUE,15,0,120,Not Applicable,Not Applicable,Good Standing,Spring 2031,0,1,3,0
CID-357442,Sophia,Perry,Sophia Perry,Fall 2023,First-Time Freshman,Computer Science,General,Not Applicable,Not Applicable,Junior,In-State,Full-Time,TRUE,13,85,120,2.75,2.64,Good Standing,Spring 2028,1,0,3,25940
CID-219284,Tobias,White,Tobias White,Fall 2024,Transfer,Computer Science,Data Science,Not Applicable,Not Applicable,Senior,In-State,Full-Time,FALSE,9,116,120,2.55,2.66,Good Standing,Spring 2027,0,0,0,14710
CID-631457,Ansel,Sullivan,Ansel Sullivan,Fall 2026,First-Time Freshman,Information Systems,Business Analytics,Not Applicable,Not Applicable,Freshman,Out-of-State,Part-Time,TRUE,30,0,120,Not Applicable,Not Applicable,Good Standing,Fall 2035,0,0,5,0
CID-992171,Sebastian,Alvarez,Sebastian Alvarez,Fall 2022,First-Time Freshman,Computer Science,Cybersecurity,Not Applicable,Not Applicable,Junior,In-State,Part-Time,FALSE,12,67,120,3.46,3.58,Good Standing,Fall 2030,0,0,2,28690
CID-953824,Kiara,Nwosu,Kiara Nwosu,Fall 2022,First-Time Freshman,Computer Science,Software Engineering,Not Applicable,Political Science,Senior,In-State,Full-Time,FALSE,9,126,120,2.84,2.72,Good Standing,Spring 2027,3,0,2,48840
CID-518508,Wei,Price,Wei Price,Fall 2025,First-Time Freshman,Computer Science,Cybersecurity,Not Applicable,Philosophy,Freshman,In-State,Part-Time,FALSE,19,15,120,2.53,2.53,Good Standing,Fall 2034,0,1,2,7460
CID-637314,Mia,Wood,Mia Wood,Fall 2025,First-Time Freshman,Information Systems,Business Analytics,Not Applicable,Not Applicable,Freshman,In-State,Full-Time,FALSE,14,25,120,2.40,2.00,Good Standing,Spring 2030,0,0,0,11330
CID-399775,Mia,Hernandez,Mia Hernandez,Fall 2023,First-Time Freshman,Information Systems,General,Not Applicable,Not Applicable,Sophomore,In-State,Part-Time,TRUE,28,55,120,2.44,2.83,Good Standing,Fall 2031,1,0,1,20430
CID-478324,Andre,Jackson,Andre Jackson,Fall 2025,First-Time Freshman,Computer Science,Data Science,Not Applicable,Not Applicable,Freshman,In-State,Part-Time,FALSE,20,18,120,2.56,2.00,Good Standing,Fall 2034,1,0,6,8100
CID-675392,Ravi,Richardson,Ravi Richardson,Fall 2024,Transfer,Information Systems,Software Development,Not Applicable,Not Applicable,Senior,In-State,Full-Time,TRUE,10,122,120,2.58,2.62,Good Standing,Spring 2027,1,1,0,9360
CID-395301,Chidi,Mitchell,Chidi Mitchell,Fall 2026,First-Time Freshman,Computer Science,Artificial Intelligence,Not Applicable,Not Applicable,Freshman,In-State,Full-Time,FALSE,5,0,120,Not Applicable,Not Applicable,Good Standing,Spring 2031,0,2,5,0
CID-744008,Camila,Shah,Camila Shah,Fall 2023,First-Time Freshman,Computer Science,Software Engineering,Not Applicable,Physics,Junior,In-State,Full-Time,TRUE,9,82,120,3.07,3.31,Good Standing,Spring 2028,1,2,2,24780
CID-649759,Camila,Harris,Camila Harris,Fall 2022,First-Time Freshman,Computer Science,Cybersecurity,Not Applicable,Not Applicable,Senior,Out-of-State,Full-Time,FALSE,11,116,120,2.90,2.98,Good Standing,Spring 2027,2,1,1,77580
CID-411923,Mia,Lewis,Mia Lewis,Fall 2025,Transfer,Computer Science,Software Engineering,Not Applicable,Not Applicable,Sophomore,In-State,Part-Time,TRUE,16,57,120,2.75,3.00,Good Standing,Fall 2031,0,0,1,2740
CID-562565,Ava,Davis,Ava Davis,Fall 2025,Transfer,Computer Science,General,Not Applicable,Not Applicable,Junior,In-State,Full-Time,FALSE,18,75,120,3.00,2.70,Good Standing,Spring 2028,1,0,2,7320
CID-683961,Priya,Nguyen,Priya Nguyen,Fall 2023,First-Time Freshman,Information Systems,General,Not Applicable,Not Applicable,Senior,In-State,Full-Time,FALSE,5,91,120,3.47,3.45,Good Standing,Fall 2027,0,0,2,26640
CID-586656,Tariq,Ibrahim,Tariq Ibrahim,Fall 2022,First-Time Freshman,Computer Science,Cybersecurity,Not Applicable,Not Applicable,Senior,In-State,Full-Time,FALSE,13,106,120,2.42,2.51,Good Standing,Spring 2027,2,1,2,40940
CID-135542,Samir,Ross,Samir Ross,Fall 2026,Transfer,Computer Science,General,Not Applicable,Not Applicable,Sophomore,Out-of-State,Full-Time,FALSE,5,56,120,Not Applicable,Not Applicable,Good Standing,Spring 2029,0,1,1,0
CID-801644,Tariq,Turner,Tariq Turner,Fall 2023,Transfer,Computer Science,General,Not Applicable,Not Applicable,Senior,In-State,Full-Time,TRUE,0,124,120,2.91,2.94,Good Standing,Spring 2027,1,0,1,10660
CID-160129,Kiara,Morgan,Kiara Morgan,Fall 2026,First-Time Freshman,Information Systems,Health Information Technology,Not Applicable,Not Applicable,Freshman,In-State,Full-Time,FALSE,8,0,120,Not Applicable,Not Applicable,Good Standing,Spring 2031,0,0,4,0
CID-236043,Mei,Wong,Mei Wong,Fall 2022,First-Time Freshman,Computer Science,General,Not Applicable,Not Applicable,Senior,In-State,Full-Time,TRUE,14,111,120,3.24,3.33,Good Standing,Spring 2027,0,0,1,26330
CID-831678,Nathan,Phillips,Nathan Phillips,Fall 2026,First-Time Freshman,Computer Science,Data Science,Information Systems,Not Applicable,Freshman,In-State,Full-Time,FALSE,11,0,120,Not Applicable,Not Applicable,Good Standing,Spring 2031,0,0,1,0
CID-109527,Jacob,Hernandez,Jacob Hernandez,Fall 2026,First-Time Freshman,Information Systems,Cybersecurity Management,Not Applicable,Not Applicable,Freshman,In-State,Part-Time,FALSE,18,0,120,Not Applicable,Not Applicable,Good Standing,Fall 2035,0,0,2,0
CID-191016,Jordan,Sanchez,Jordan Sanchez,Fall 2023,Transfer,Information Systems,General,Not Applicable,Not Applicable,Senior,In-State,Full-Time,TRUE,0,128,120,3.55,3.58,Good Standing,Spring 2027,2,0,4,13850
CID-846358,Sara,Ross,Sara Ross,Fall 2026,First-Time Freshman,Computer Science,General,Not Applicable,Not Applicable,Freshman,Out-of-State,Full-Time,FALSE,18,0,120,Not Applicable,Not Applicable,Good Standing,Spring 2031,0,0,5,0
CID-965092,Kwame,Mendez,Kwame Mendez,Fall 2025,Transfer,Information Systems,Business Analytics,Not Applicable,Physics,Sophomore,In-State,Full-Time,FALSE,8,59,120,2.14,2.00,Good Standing,Spring 2029,0,0,1,5340
CID-481032,Andre,Peterson,Andre Peterson,Fall 2024,First-Time Freshman,Computer Science,Cybersecurity,Not Applicable,Not Applicable,Junior,Out-of-State,Full-Time,FALSE,5,63,120,3.51,3.46,Good Standing,Fall 2028,1,0,1,43100
CID-347316,Daniel,Wood,Daniel Wood,Fall 2025,First-Time Freshman,Computer Science,Software Engineering,Not Applicable,Not Applicable,Freshman,In-State,Full-Time,FALSE,4,26,120,2.69,2.50,Good Standing,Spring 2030,1,0,1,9800
CID-261330,Nora,Rodriguez,Nora Rodriguez,Fall 2025,First-Time Freshman,Information Systems,General,Statistics,Psychology,Freshman,In-State,Full-Time,FALSE,13,29,120,3.52,3.00,Good Standing,Spring 2030,1,0,2,5540
CID-125673,Jing,Owens,Jing Owens,Fall 2026,First-Time Freshman,Information Systems,Software Development,Not Applicable,Not Applicable,Freshman,Out-of-State,Full-Time,FALSE,15,0,120,Not Applicable,Not Applicable,Good Standing,Spring 2031,0,2,6,0
CID-441586,Elena,Ho,Elena Ho,Fall 2024,First-Time Freshman,Information Systems,Business Analytics,Computer Science,Physics,Junior,In-State,Full-Time,TRUE,12,73,120,3.25,3.33,Good Standing,Fall 2028,1,2,3,26690
CID-236430,Hiroshi,Wilson,Hiroshi Wilson,Fall 2025,Transfer,Computer Science,General,Not Applicable,Not Applicable,Junior,In-State,Full-Time,FALSE,10,67,120,2.87,3.00,Good Standing,Fall 2028,1,0,1,7160
CID-937125,Camila,Rodriguez,Camila Rodriguez,Fall 2025,First-Time Freshman,Information Systems,Business Analytics,Not Applicable,Not Applicable,Sophomore,Out-of-State,Full-Time,FALSE,14,32,120,2.14,2.00,Good Standing,Spring 2030,1,0,2,33670
CID-687695,Xiomara,White,Xiomara White,Fall 2023,First-Time Freshman,Computer Science,Software Engineering,Not Applicable,Physics,Junior,Out-of-State,Full-Time,FALSE,11,75,120,2.65,2.59,Good Standing,Spring 2028,0,2,1,48560
CID-197236,Naomi,Thompson,Naomi Thompson,Fall 2025,First-Time Freshman,Computer Science,Data Science,Not Applicable,Not Applicable,Freshman,In-State,Part-Time,FALSE,20,14,120,2.93,2.93,Good Standing,Fall 2034,0,0,2,2690
CID-424332,Rafael,Chen,Rafael Chen,Fall 2023,First-Time Freshman,Information Systems,Business Analytics,Not Applicable,Not Applicable,Junior,In-State,Full-Time,FALSE,16,87,120,2.89,3.00,Good Standing,Spring 2028,2,0,1,31150
CID-990003,Elena,Wood,Elena Wood,Fall 2023,First-Time Freshman,Computer Science,General,Not Applicable,Not Applicable,Junior,Out-of-State,Full-Time,FALSE,8,82,120,3.12,3.07,Good Standing,Spring 2028,0,1,4,42780
CID-247889,Sophia,Ellis,Sophia Ellis,Fall 2026,Transfer,Computer Science,Software Engineering,Mathematics,Economics,Sophomore,In-State,Full-Time,FALSE,7,53,120,Not Applicable,Not Applicable,Good Standing,Spring 2029,0,0,3,0
CID-742347,Diego,Owens,Diego Owens,Fall 2026,First-Time Freshman,Computer Science,Data Science,Not Applicable,Political Science,Freshman,In-State,Full-Time,FALSE,6,0,120,Not Applicable,Not Applicable,Good Standing,Spring 2031,0,0,1,0
CID-956612,Sara,Rogers,Sara Rogers,Fall 2026,Transfer,Computer Science,Software Engineering,Not Applicable,Not Applicable,Sophomore,In-State,Full-Time,FALSE,1,31,120,Not Applicable,Not Applicable,Good Standing,Spring 2030,0,0,4,0
CID-775971,Khalil,Ross,Khalil Ross,Fall 2023,First-Time Freshman,Computer Science,Data Science,Not Applicable,Not Applicable,Junior,In-State,Full-Time,FALSE,2,83,120,2.29,2.11,Good Standing,Spring 2028,1,0,1,31640
CID-785225,Andre,Roberts,Andre Roberts,Fall 2024,Transfer,Information Systems,Business Analytics,Not Applicable,Not Applicable,Senior,In-State,Full-Time,TRUE,8,115,120,3.34,3.40,Good Standing,Spring 2027,1,0,8,9250
CID-799788,Olivia,Ellis,Olivia Ellis,Fall 2023,First-Time Freshman,Computer Science,Artificial Intelligence,Not Applicable,Not Applicable,Junior,In-State,Full-Time,FALSE,7,76,120,2.71,2.64,Good Standing,Spring 2028,0,0,2,43140
CID-680160,Yusuf,Davis,Yusuf Davis,Fall 2025,Transfer,Information Systems,General,Not Applicable,Not Applicable,Junior,In-State,Full-Time,FALSE,7,70,120,3.90,4.00,Good Standing,Fall 2028,1,1,3,6360
CID-590919,Julia,Robinson,Julia Robinson,Fall 2022,First-Time Freshman,Computer Science,Data Science,Not Applicable,Not Applicable,Senior,Out-of-State,Full-Time,TRUE,14,106,120,2.48,2.48,Good Standing,Spring 2027,2,2,5,72110
CID-950919,Chloe,Taylor,Chloe Taylor,Fall 2025,First-Time Freshman,Information Systems,Cybersecurity Management,Not Applicable,Mathematics,Sophomore,Out-of-State,Full-Time,FALSE,2,31,120,3.48,3.00,Good Standing,Spring 2030,0,1,1,25370
CID-874819,Olivia,Hall,Olivia Hall,Fall 2024,First-Time Freshman,Computer Science,Software Engineering,Not Applicable,Not Applicable,Sophomore,In-State,Part-Time,FALSE,26,32,120,3.19,4.00,Good Standing,Fall 2033,1,0,2,12730
CID-456842,Mohammed,Zhao,Mohammed Zhao,Fall 2024,First-Time Freshman,Computer Science,General,Not Applicable,Data Science,Junior,In-State,Full-Time,FALSE,5,73,120,3.53,3.12,Good Standing,Fall 2028,0,0,2,29590
CID-329636,David,Reyes,David Reyes,Fall 2024,Transfer,Information Systems,Health Information Technology,Not Applicable,Not Applicable,Senior,In-State,Full-Time,FALSE,0,118,120,3.67,3.67,Good Standing,Spring 2027,0,1,2,11690
CID-986552,Tariq,Sanchez,Tariq Sanchez,Fall 2025,Transfer,Information Systems,General,Statistics,Not Applicable,Sophomore,In-State,Full-Time,FALSE,18,59,120,2.91,2.67,Good Standing,Spring 2029,0,2,0,7010
CID-168584,Chidi,Nwosu,Chidi Nwosu,Fall 2026,First-Time Freshman,Information Systems,General,Not Applicable,Not Applicable,Freshman,In-State,Full-Time,FALSE,8,0,120,Not Applicable,Not Applicable,Good Standing,Spring 2031,0,0,2,0
CID-725994,Mei,Campbell,Mei Campbell,Fall 2023,Transfer,Information Systems,Business Analytics,Not Applicable,Not Applicable,Senior,In-State,Full-Time,FALSE,12,121,120,2.99,3.00,Good Standing,Spring 2027,1,0,0,17240
CID-973531,Luna,Sullivan,Luna Sullivan,Fall 2025,First-Time Freshman,Computer Science,General,Not Applicable,Not Applicable,Freshman,In-State,Full-Time,FALSE,3,29,120,3.62,3.00,Good Standing,Spring 2030,1,1,2,8890
CID-351865,Samir,Reed,Samir Reed,Fall 2025,First-Time Freshman,Computer Science,Data Science,Not Applicable,Not Applicable,Freshman,In-State,Full-Time,FALSE,12,26,120,3.15,3.50,Good Standing,Spring 2030,0,0,1,9740
CID-213400,Daniel,Thompson,Daniel Thompson,Fall 2024,First-Time Freshman,Information Systems,General,Not Applicable,Not Applicable,Junior,Out-of-State,Full-Time,FALSE,5,67,120,3.36,3.50,Good Standing,Fall 2028,0,1,6,56690
CID-592207,Victor,Carter,Victor Carter,Fall 2023,First-Time Freshman,Computer Science,General,Not Applicable,Not Applicable,Senior,Out-of-State,Full-Time,FALSE,13,97,120,2.96,2.88,Good Standing,Fall 2027,2,0,5,52710
CID-593350,Kai,Simmons,Kai Simmons,Fall 2026,First-Time Freshman,Computer Science,Software Engineering,Not Applicable,Not Applicable,Freshman,Out-of-State,Full-Time,FALSE,5,0,120,Not Applicable,Not Applicable,Good Standing,Spring 2031,0,1,3,0
CID-204806,Mohammed,Thompson,Mohammed Thompson,Fall 2024,Transfer,Computer Science,General,Not Applicable,Not Applicable,Junior,In-State,Full-Time,FALSE,7,88,120,2.55,2.54,Good Standing,Fall 2027,1,0,1,13700
CID-601190,Julia,Davis,Julia Davis,Fall 2025,First-Time Freshman,Computer Science,Cybersecurity,Not Applicable,Not Applicable,Sophomore,Out-of-State,Full-Time,FALSE,2,32,120,3.53,3.00,Good Standing,Spring 2030,0,1,3,21400
CID-301599,Sofia,Patel,Sofia Patel,Fall 2023,First-Time Freshman,Computer Science,General,Not Applicable,Not Applicable,Senior,Out-of-State,Full-Time,FALSE,4,97,120,2.72,2.77,Good Standing,Fall 2027,1,0,2,82980
CID-856360,Anika,Phillips,Anika Phillips,Fall 2024,First-Time Freshman,Information Systems,Software Development,Not Applicable,Not Applicable,Junior,In-State,Full-Time,FALSE,4,60,120,3.07,3.17,Good Standing,Spring 2029,1,0,0,25200
CID-413143,Carter,Williams,Carter Williams,Fall 2026,First-Time Freshman,Information Systems,Cybersecurity Management,Not Applicable,Not Applicable,Freshman,In-State,Full-Time,FALSE,11,0,120,Not Applicable,Not Applicable,Good Standing,Spring 2031,0,0,3,0
CID-385385,Nora,Coleman,Nora Coleman,Fall 2024,Transfer,Computer Science,Software Engineering,Not Applicable,Not Applicable,Senior,In-State,Full-Time,FALSE,6,106,120,2.93,2.86,Good Standing,Spring 2027,0,0,4,13590
CID-945717,Julia,Carter,Julia Carter,Fall 2024,Transfer,Computer Science,Artificial Intelligence,Not Applicable,Not Applicable,Senior,In-State,Full-Time,FALSE,0,109,120,2.80,2.74,Good Standing,Spring 2027,0,2,0,12320
CID-854842,Luna,Thomas,Luna Thomas,Fall 2025,First-Time Freshman,Information Systems,General,Not Applicable,Not Applicable,Freshman,Out-of-State,Full-Time,TRUE,14,26,120,3.00,2.00,Good Standing,Spring 2030,0,0,1,14320
CID-552617,Olivia,Nwosu,Olivia Nwosu,Fall 2023,First-Time Freshman,Computer Science,Artificial Intelligence,Not Applicable,Not Applicable,Junior,In-State,Full-Time,FALSE,26,78,120,2.08,2.18,Good Standing,Spring 2028,0,2,4,27070
CID-199826,Kai,Smith,Kai Smith,Fall 2023,First-Time Freshman,Computer Science,Software Engineering,Not Applicable,Not Applicable,Junior,In-State,Full-Time,FALSE,17,83,120,3.16,3.03,Good Standing,Spring 2028,1,0,1,30320
CID-818893,Mei,Foster,Mei Foster,Fall 2024,Transfer,Computer Science,Artificial Intelligence,Not Applicable,Not Applicable,Junior,In-State,Full-Time,FALSE,17,87,120,3.03,3.12,Good Standing,Spring 2028,1,0,5,14900
CID-435343,Rafael,Taylor,Rafael Taylor,Fall 2026,Transfer,Computer Science,General,Not Applicable,Not Applicable,Sophomore,In-State,Full-Time,FALSE,6,49,120,Not Applicable,Not Applicable,Good Standing,Spring 2029,0,0,5,0
CID-706637,Nia,Harris,Nia Harris,Fall 2023,First-Time Freshman,Computer Science,General,Not Applicable,Not Applicable,Senior,Out-of-State,Full-Time,TRUE,7,97,120,2.87,2.71,Good Standing,Fall 2027,1,2,0,66030
CID-598364,Xiomara,James,Xiomara James,Fall 2026,Transfer,Information Systems,General,Not Applicable,Not Applicable,Sophomore,In-State,Full-Time,FALSE,13,56,120,Not Applicable,Not Applicable,Good Standing,Spring 2029,0,0,0,0
CID-523452,Layla,Anderson,Layla Anderson,Fall 2025,First-Time Freshman,Information Systems,Business Analytics,Not Applicable,Not Applicable,Sophomore,In-State,Full-Time,FALSE,5,32,120,3.16,3.00,Good Standing,Spring 2030,0,0,2,11770
CID-613522,Lucas,Phillips,Lucas Phillips,Fall 2022,First-Time Freshman,Computer Science,Cybersecurity,Not Applicable,Not Applicable,Senior,Out-of-State,Full-Time,FALSE,7,131,120,3.20,3.23,Good Standing,Spring 2027,0,2,2,97800
CID-151741,Julia,Lewis,Julia Lewis,Fall 2025,First-Time Freshman,Information Systems,General,Not Applicable,Not Applicable,Sophomore,In-State,Full-Time,FALSE,10,30,120,3.53,3.00,Good Standing,Spring 2030,1,0,0,10970
CID-279584,Mohammed,Huang,Mohammed Huang,Fall 2024,Transfer,Computer Science,Artificial Intelligence,Not Applicable,Not Applicable,Junior,In-State,Full-Time,TRUE,17,84,120,2.94,2.88,Good Standing,Spring 2028,1,2,1,9490
CID-104607,Kiara,Baker,Kiara Baker,Fall 2026,Transfer,Information Systems,Software Development,Not Applicable,Statistics,Sophomore,In-State,Full-Time,FALSE,11,58,120,Not Applicable,Not Applicable,Good Standing,Spring 2029,0,0,2,0
CID-842417,Diego,Cruz,Diego Cruz,Fall 2023,First-Time Freshman,Computer Science,Cybersecurity,Not Applicable,Not Applicable,Senior,In-State,Full-Time,TRUE,14,94,120,3.52,3.49,Good Standing,Fall 2027,0,3,1,24190
CID-257043,Jayden,Ibrahim,Jayden Ibrahim,Fall 2024,First-Time Freshman,Information Systems,General,Mathematics,Not Applicable,Junior,Out-of-State,Full-Time,FALSE,8,62,120,2.95,3.17,Good Standing,Fall 2028,1,2,9,40660
CID-343437,Joseph,Kaur,Joseph Kaur,Fall 2023,First-Time Freshman,Information Systems,Health Information Technology,Not Applicable,Not Applicable,Senior,In-State,Full-Time,TRUE,19,93,120,3.27,3.38,Good Standing,Fall 2027,2,0,5,28820
CID-993924,Mei,Wood,Mei Wood,Fall 2026,Transfer,Computer Science,Software Engineering,Information Systems,Not Applicable,Junior,Out-of-State,Full-Time,FALSE,0,65,120,Not Applicable,Not Applicable,Good Standing,Fall 2028,0,0,2,0
CID-455261,Kevin,Phillips,Kevin Phillips,Fall 2022,First-Time Freshman,Information Systems,General,Not Applicable,Not Applicable,Senior,In-State,Full-Time,FALSE,5,118,120,2.81,2.85,Good Standing,Spring 2027,0,0,2,36940
CID-734887,Jada,Kaur,Jada Kaur,Fall 2024,Transfer,Information Systems,Software Development,Not Applicable,Not Applicable,Senior,In-State,Full-Time,FALSE,6,117,120,3.61,3.56,Good Standing,Spring 2027,0,0,0,12630
CID-736931,Rania,Garcia,Rania Garcia,Fall 2024,Transfer,Computer Science,Software Engineering,Not Applicable,Not Applicable,Senior,In-State,Full-Time,FALSE,14,93,120,2.50,2.42,Good Standing,Fall 2027,1,0,6,11240
CID-707668,Mohammed,Chen,Mohammed Chen,Fall 2022,First-Time Freshman,Computer Science,Cybersecurity,Not Applicable,Not Applicable,Senior,In-State,Full-Time,TRUE,13,111,120,3.30,3.28,Good Standing,Spring 2027,2,0,1,34660
CID-696789,Ibrahim,Thompson,Ibrahim Thompson,Fall 2023,First-Time Freshman,Information Systems,Health Information Technology,Not Applicable,Not Applicable,Junior,In-State,Full-Time,FALSE,0,87,120,3.72,3.83,Good Standing,Spring 2028,1,0,1,28520
CID-451887,Beatriz,Wood,Beatriz Wood,Fall 2025,Transfer,Computer Science,Cybersecurity,Not Applicable,Not Applicable,Junior,In-State,Full-Time,TRUE,11,84,120,2.32,2.43,Good Standing,Spring 2028,0,0,3,4520
CID-239361,Thomas,Turner,Thomas Turner,Fall 2023,First-Time Freshman,Information Systems,Business Analytics,Not Applicable,Not Applicable,Junior,In-State,Full-Time,TRUE,9,74,120,2.62,2.56,Good Standing,Fall 2028,1,1,3,28670
CID-509467,Jing,Sanders,Jing Sanders,Fall 2024,Transfer,Computer Science,Artificial Intelligence,Not Applicable,Not Applicable,Junior,In-State,Full-Time,FALSE,10,86,120,3.26,2.78,Good Standing,Spring 2028,1,0,6,12590
CID-687607,Naomi,Ibrahim,Naomi Ibrahim,Fall 2024,Transfer,Computer Science,Software Engineering,Not Applicable,Not Applicable,Junior,In-State,Full-Time,FALSE,10,88,120,2.39,2.58,Good Standing,Fall 2027,0,0,2,13980
CID-597315,Lucas,Liu,Lucas Liu,Fall 2026,First-Time Freshman,Computer Science,Artificial Intelligence,Not Applicable,Data Science,Freshman,In-State,Full-Time,FALSE,17,0,120,Not Applicable,Not Applicable,Good Standing,Spring 2031,0,2,6,0
CID-457943,Noah,Evans,Noah Evans,Fall 2024,Transfer,Information Systems,Software Development,Not Applicable,Not Applicable,Senior,In-State,Full-Time,FALSE,5,110,120,2.82,2.86,Good Standing,Spring 2027,0,0,1,12330
CID-761448,Tobias,Huang,Tobias Huang,Fall 2023,First-Time Freshman,Computer Science,General,Not Applicable,Not Applicable,Junior,In-State,Full-Time,FALSE,5,85,120,2.98,2.67,Good Standing,Spring 2028,2,0,0,36380
CID-702893,Hiroshi,Hernandez,Hiroshi Hernandez,Fall 2026,Transfer,Computer Science,Software Engineering,Not Applicable,Mathematics,Sophomore,In-State,Part-Time,FALSE,16,47,120,Not Applicable,Not Applicable,Good Standing,Spring 2032,0,0,2,0
CID-210249,Jordan,Edwards,Jordan Edwards,Fall 2024,First-Time Freshman,Information Systems,Business Analytics,Not Applicable,Not Applicable,Freshman,Out-of-State,Part-Time,FALSE,30,21,120,3.00,3.00,Good Standing,Spring 2034,1,2,1,21400
CID-118947,Beatriz,Turner,Beatriz Turner,Fall 2025,First-Time Freshman,Information Systems,Software Development,Not Applicable,Not Applicable,Freshman,In-State,Full-Time,TRUE,14,28,120,3.32,3.00,Good Standing,Spring 2030,0,1,3,10110
CID-725585,Kayla,Peterson,Kayla Peterson,Fall 2023,First-Time Freshman,Information Systems,General,Not Applicable,Not Applicable,Junior,In-State,Full-Time,FALSE,15,76,120,2.59,2.56,Good Standing,Spring 2028,0,2,3,35450
CID-421544,Jacob,Gonzalez,Jacob Gonzalez,Fall 2024,First-Time Freshman,Information Systems,Software Development,Not Applicable,Not Applicable,Junior,In-State,Full-Time,TRUE,1,63,120,3.70,3.43,Good Standing,Fall 2028,1,0,3,18480
CID-708217,Elena,Tran,Elena Tran,Fall 2025,Transfer,Information Systems,General,Not Applicable,Not Applicable,Junior,In-State,Full-Time,FALSE,5,86,120,3.00,3.14,Good Standing,Spring 2028,1,2,5,6560
CID-673985,Hannah,Anderson,Hannah Anderson,Fall 2023,Transfer,Computer Science,Artificial Intelligence,Not Applicable,Not Applicable,Senior,In-State,Full-Time,FALSE,5,144,120,2.56,2.41,Good Standing,Spring 2027,2,0,3,15250
CID-464779,Mei,Turner,Mei Turner,Fall 2025,Transfer,Information Systems,Software Development,Not Applicable,Not Applicable,Junior,In-State,Part-Time,FALSE,15,75,120,3.00,3.20,Good Standing,Spring 2030,1,0,1,4010
CID-983744,Zara,Tran,Zara Tran,Fall 2025,First-Time Freshman,Information Systems,Cybersecurity Management,Not Applicable,Not Applicable,Freshman,In-State,Full-Time,TRUE,1,28,120,3.46,4.00,Good Standing,Spring 2030,1,2,3,9250
CID-262508,Omar,Liu,Omar Liu,Fall 2023,First-Time Freshman,Computer Science,Cybersecurity,Not Applicable,Not Applicable,Junior,In-State,Full-Time,FALSE,16,78,120,2.60,2.42,Good Standing,Spring 2028,1,1,3,25560
CID-844317,Luna,Richardson,Luna Richardson,Fall 2023,First-Time Freshman,Computer Science,Software Engineering,Not Applicable,Not Applicable,Sophomore,In-State,Part-Time,TRUE,26,44,120,3.07,3.18,Good Standing,Fall 2032,1,0,1,12490
CID-706273,Michael,Rivera,Michael Rivera,Fall 2026,First-Time Freshman,Information Systems,General,Not Applicable,Not Applicable,Freshman,Out-of-State,Full-Time,FALSE,7,0,120,Not Applicable,Not Applicable,Good Standing,Spring 2031,0,0,2,0
CID-353302,Elijah,Zhang,Elijah Zhang,Fall 2026,Transfer,Computer Science,General,Not Applicable,Not Applicable,Sophomore,In-State,Full-Time,FALSE,18,55,120,Not Applicable,Not Applicable,Good Standing,Spring 2029,0,2,1,0
CID-650803,Anika,Rogers,Anika Rogers,Fall 2026,First-Time Freshman,Computer Science,General,Not Applicable,Not Applicable,Freshman,In-State,Full-Time,FALSE,5,0,120,Not Applicable,Not Applicable,Good Standing,Spring 2031,0,3,3,0
CID-484109,William,Perry,William Perry,Fall 2024,First-Time Freshman,Computer Science,Artificial Intelligence,Not Applicable,Not Applicable,Junior,In-State,Full-Time,FALSE,8,67,120,3.72,3.71,Good Standing,Fall 2028,1,0,3,19600
CID-126364,Isabella,Ross,Isabella Ross,Fall 2023,First-Time Freshman,Information Systems,Business Analytics,Not Applicable,Not Applicable,Senior,In-State,Full-Time,FALSE,15,93,120,2.81,3.00,Good Standing,Fall 2027,1,0,1,33510
CID-741016,Ryan,Taylor,Ryan Taylor,Fall 2024,Transfer,Computer Science,Software Engineering,Not Applicable,Not Applicable,Senior,In-State,Full-Time,FALSE,18,107,120,2.34,2.47,Good Standing,Spring 2027,0,0,1,10820
CID-381325,Jasmine,Reyes,Jasmine Reyes,Fall 2025,Transfer,Computer Science,Artificial Intelligence,Not Applicable,Not Applicable,Junior,In-State,Full-Time,FALSE,3,68,120,2.46,2.30,Good Standing,Fall 2028,1,0,2,5910
CID-587696,Chloe,Coleman,Chloe Coleman,Fall 2023,Transfer,Information Systems,Cybersecurity Management,Not Applicable,Cybersecurity,Senior,In-State,Full-Time,FALSE,9,122,120,3.46,3.39,Good Standing,Spring 2027,2,0,2,18930
CID-543796,Noah,Powell,Noah Powell,Fall 2024,First-Time Freshman,Information Systems,Cybersecurity Management,Not Applicable,Not Applicable,Freshman,In-State,Part-Time,FALSE,23,28,120,3.11,3.50,Good Standing,Fall 2033,1,2,2,11660
CID-353890,Nora,Wright,Nora Wright,Fall 2026,First-Time Freshman,Information Systems,Software Development,Not Applicable,Not Applicable,Freshman,In-State,Full-Time,TRUE,5,0,120,Not Applicable,Not Applicable,Good Standing,Spring 2031,0,0,2,0
CID-188637,Khalil,Young,Khalil Young,Fall 2022,First-Time Freshman,Information Systems,Business Analytics,Not Applicable,Not Applicable,Senior,In-State,Full-Time,FALSE,12,114,120,3.13,3.11,Good Standing,Spring 2027,3,0,3,45120
CID-613715,Joseph,Wilson,Joseph Wilson,Fall 2024,First-Time Freshman,Information Systems,Health Information Technology,Not Applicable,Not Applicable,Junior,In-State,Full-Time,FALSE,10,66,120,3.35,3.14,Good Standing,Fall 2028,1,2,6,28860
CID-895810,Samir,Powell,Samir Powell,Fall 2026,Transfer,Information Systems,Cybersecurity Management,Not Applicable,Not Applicable,Sophomore,In-State,Full-Time,TRUE,21,31,120,Not Applicable,Not Applicable,Good Standing,Spring 2030,0,0,1,0
CID-890069,Nicholas,Ramirez,Nicholas Ramirez,Fall 2024,First-Time Freshman,Information Systems,General,Not Applicable,Not Applicable,Junior,In-State,Full-Time,FALSE,1,62,120,3.16,3.20,Good Standing,Fall 2028,1,0,1,19470
CID-943330,Liam,Huang,Liam Huang,Fall 2023,First-Time Freshman,Computer Science,Software Engineering,Not Applicable,Not Applicable,Junior,Out-of-State,Full-Time,FALSE,4,88,120,2.78,2.96,Good Standing,Fall 2027,0,0,2,60410
CID-313616,Amir,Perry,Amir Perry,Fall 2026,Transfer,Computer Science,Cybersecurity,Not Applicable,Philosophy,Sophomore,In-State,Full-Time,TRUE,19,36,120,Not Applicable,Not Applicable,Good Standing,Fall 2029,0,0,3,0
CID-940000,Kiara,King,Kiara King,Fall 2026,Transfer,Information Systems,Cybersecurity Management,Not Applicable,Not Applicable,Freshman,In-State,Full-Time,FALSE,8,26,120,Not Applicable,Not Applicable,Good Standing,Spring 2030,0,3,5,0
CID-612657,Ravi,Young,Ravi Young,Fall 2025,First-Time Freshman,Computer Science,General,Not Applicable,Not Applicable,Freshman,In-State,Full-Time,FALSE,7,29,120,2.83,3.50,Good Standing,Spring 2030,0,1,3,11890
CID-558500,Yusuf,Carter,Yusuf Carter,Fall 2025,First-Time Freshman,Information Systems,Health Information Technology,Mathematics,Mathematics,Sophomore,In-State,Full-Time,FALSE,4,38,120,3.66,4.00,Good Standing,Fall 2029,1,2,2,15260
CID-766931,Ansel,Smith,Ansel Smith,Fall 2024,First-Time Freshman,Computer Science,General,Not Applicable,Not Applicable,Sophomore,In-State,Full-Time,FALSE,9,53,120,2.70,2.83,Good Standing,Spring 2029,1,0,1,22330
CID-601343,Bianca,Hill,Bianca Hill,Fall 2023,First-Time Freshman,Information Systems,Health Information Technology,Not Applicable,Not Applicable,Sophomore,Out-of-State,Part-Time,FALSE,14,46,120,2.52,2.83,Good Standing,Spring 2032,0,0,1,54360
CID-312745,Jordan,Ward,Jordan Ward,Fall 2025,Transfer,Information Systems,Health Information Technology,Not Applicable,Not Applicable,Junior,In-State,Full-Time,FALSE,4,64,120,2.32,2.67,Good Standing,Fall 2028,0,0,1,7430
CID-951804,Anaya,Diaz,Anaya Diaz,Fall 2025,Transfer,Information Systems,Health Information Technology,Not Applicable,Not Applicable,Junior,In-State,Full-Time,FALSE,4,88,120,3.20,3.00,Good Standing,Fall 2027,1,0,2,4640
CID-448644,Joseph,Shah,Joseph Shah,Fall 2023,First-Time Freshman,Computer Science,Artificial Intelligence,Not Applicable,Not Applicable,Junior,In-State,Full-Time,FALSE,6,67,120,2.16,2.00,Good Standing,Fall 2028,1,0,1,33730
CID-512287,Anika,Roberts,Anika Roberts,Fall 2023,First-Time Freshman,Computer Science,Data Science,Not Applicable,Not Applicable,Senior,In-State,Full-Time,FALSE,10,101,120,3.50,3.65,Good Standing,Spring 2027,2,0,8,39110
CID-626778,Diego,Edwards,Diego Edwards,Fall 2025,First-Time Freshman,Information Systems,Business Analytics,Not Applicable,Not Applicable,Freshman,In-State,Full-Time,TRUE,5,25,120,3.04,3.00,Good Standing,Spring 2030,1,0,1,8000
CID-249600,Deepa,Edwards,Deepa Edwards,Fall 2023,First-Time Freshman,Information Systems,Business Analytics,Not Applicable,Not Applicable,Senior,Out-of-State,Full-Time,FALSE,7,91,120,3.42,3.70,Good Standing,Fall 2027,2,0,2,77830
CID-425968,Ethan,Ochoa,Ethan Ochoa,Fall 2025,Transfer,Computer Science,Data Science,Not Applicable,Not Applicable,Junior,In-State,Full-Time,FALSE,6,75,120,4.00,4.00,Good Standing,Spring 2028,1,2,1,4800
CID-520145,Omar,Anderson,Omar Anderson,Fall 2024,First-Time Freshman,Computer Science,Cybersecurity,Not Applicable,Not Applicable,Junior,Out-of-State,Full-Time,FALSE,8,60,120,2.70,2.71,Good Standing,Spring 2029,1,1,3,57740
CID-783648,Hannah,Nwosu,Hannah Nwosu,Fall 2023,First-Time Freshman,Information Systems,General,Not Applicable,Not Applicable,Senior,In-State,Full-Time,FALSE,8,90,120,3.70,3.46,Good Standing,Fall 2027,2,2,4,26710
CID-819587,Ansel,Williams,Ansel Williams,Fall 2026,Transfer,Computer Science,Cybersecurity,Not Applicable,Data Science,Sophomore,In-State,Full-Time,TRUE,13,58,120,Not Applicable,Not Applicable,Good Standing,Spring 2029,0,0,3,0
CID-771406,Jada,Hill,Jada Hill,Fall 2023,First-Time Freshman,Information Systems,Cybersecurity Management,Not Applicable,Not Applicable,Junior,In-State,Full-Time,FALSE,8,84,120,2.63,2.73,Good Standing,Spring 2028,0,0,1,33090
CID-113254,Rafael,Thomas,Rafael Thomas,Fall 2023,First-Time Freshman,Information Systems,Health Information Technology,Not Applicable,Not Applicable,Senior,In-State,Full-Time,TRUE,4,96,120,3.00,3.07,Good Standing,Fall 2027,0,0,3,25590
CID-399009,Jing,Ramirez,Jing Ramirez,Fall 2026,Transfer,Information Systems,Business Analytics,Not Applicable,Physics,Freshman,In-State,Full-Time,FALSE,0,29,120,Not Applicable,Not Applicable,Good Standing,Spring 2030,0,1,4,0
CID-671075,Priya,Walker,Priya Walker,Fall 2023,Transfer,Computer Science,General,Not Applicable,Not Applicable,Senior,In-State,Full-Time,FALSE,24,112,120,3.17,2.93,Good Standing,Spring 2027,2,0,2,19550
CID-707518,Jada,Harris,Jada Harris,Fall 2026,Transfer,Computer Science,Artificial Intelligence,Not Applicable,Not Applicable,Sophomore,In-State,Full-Time,TRUE,24,37,120,Not Applicable,Not Applicable,Good Standing,Fall 2029,0,2,3,0
CID-609671,Grace,Clark,Grace Clark,Fall 2024,First-Time Freshman,Information Systems,Software Development,Not Applicable,Not Applicable,Junior,In-State,Full-Time,FALSE,10,72,120,3.04,3.00,Good Standing,Fall 2028,1,3,2,23860
CID-828289,Isabella,Lewis,Isabella Lewis,Fall 2025,First-Time Freshman,Computer Science,General,Not Applicable,Not Applicable,Sophomore,In-State,Full-Time,FALSE,5,36,120,3.39,3.64,Good Standing,Fall 2029,1,0,2,14470
CID-992787,Ava,Brooks,Ava Brooks,Fall 2022,First-Time Freshman,Computer Science,General,Not Applicable,Not Applicable,Senior,Out-of-State,Full-Time,TRUE,14,132,120,3.21,3.18,Good Standing,Spring 2027,1,0,1,77370
CID-305218,Layla,Gray,Layla Gray,Fall 2024,First-Time Freshman,Information Systems,Business Analytics,Not Applicable,Not Applicable,Junior,In-State,Full-Time,FALSE,6,70,120,3.46,3.62,Good Standing,Fall 2028,0,1,2,23230
CID-221180,Layla,Price,Layla Price,Fall 2025,Transfer,Computer Science,General,Not Applicable,Not Applicable,Junior,In-State,Full-Time,FALSE,4,74,120,2.50,3.10,Good Standing,Fall 2028,1,2,2,8860
CID-882658,Emma,Gray,Emma Gray,Fall 2024,First-Time Freshman,Computer Science,General,Not Applicable,Not Applicable,Freshman,In-State,Part-Time,FALSE,26,29,120,2.00,2.00,Good Standing,Fall 2033,0,0,2,16900
CID-788448,Aaliyah,Ochoa,Aaliyah Ochoa,Fall 2023,First-Time Freshman,Computer Science,Data Science,Not Applicable,Not Applicable,Junior,Out-of-State,Full-Time,FALSE,7,85,120,2.98,2.90,Good Standing,Spring 2028,2,0,2,66440
CID-469631,Kevin,Williams,Kevin Williams,Fall 2026,First-Time Freshman,Information Systems,Cybersecurity Management,Not Applicable,Not Applicable,Freshman,In-State,Full-Time,TRUE,14,0,120,Not Applicable,Not Applicable,Good Standing,Spring 2031,0,0,3,0
CID-285360,Nia,Zhang,Nia Zhang,Fall 2025,First-Time Freshman,Computer Science,Cybersecurity,Not Applicable,Not Applicable,Freshman,Out-of-State,Full-Time,FALSE,22,29,120,2.62,3.00,Good Standing,Spring 2030,0,0,2,19370
CID-271716,Benjamin,Sullivan,Benjamin Sullivan,Fall 2026,Transfer,Computer Science,Artificial Intelligence,Not Applicable,Not Applicable,Sophomore,In-State,Part-Time,TRUE,24,37,120,Not Applicable,Not Applicable,Good Standing,Spring 2033,0,0,5,0
CID-548695,Luna,James,Luna James,Fall 2024,Transfer,Computer Science,Software Engineering,Not Applicable,Not Applicable,Senior,In-State,Full-Time,FALSE,10,94,120,3.07,3.33,Good Standing,Fall 2027,0,0,1,12390
CID-571341,Nicholas,Moore,Nicholas Moore,Fall 2024,First-Time Freshman,Information Systems,Software Development,Not Applicable,Physics,Sophomore,In-State,Full-Time,FALSE,13,49,120,2.88,3.20,Good Standing,Spring 2029,1,1,6,15760
CID-828552,Chidi,Sullivan,Chidi Sullivan,Fall 2024,Transfer,Computer Science,Data Science,Not Applicable,Not Applicable,Senior,In-State,Full-Time,FALSE,7,124,120,3.00,2.98,Good Standing,Spring 2027,0,0,2,13260
CID-312437,Yusuf,Mendez,Yusuf Mendez,Fall 2026,Transfer,Computer Science,Artificial Intelligence,Not Applicable,Not Applicable,Sophomore,In-State,Full-Time,FALSE,6,42,120,Not Applicable,Not Applicable,Good Standing,Fall 2029,0,2,2,0
CID-152317,Zoe,Young,Zoe Young,Fall 2024,First-Time Freshman,Computer Science,General,Not Applicable,Not Applicable,Sophomore,In-State,Full-Time,FALSE,5,56,120,3.20,3.46,Good Standing,Spring 2029,0,0,0,24740
CID-777572,Fatima,Mitchell,Fatima Mitchell,Fall 2026,First-Time Freshman,Information Systems,General,Not Applicable,Health Administration,Freshman,In-State,Full-Time,FALSE,7,0,120,Not Applicable,Not Applicable,Good Standing,Spring 2031,0,0,1,0
CID-766415,Xiomara,Torres,Xiomara Torres,Fall 2023,First-Time Freshman,Information Systems,General,Not Applicable,Not Applicable,Senior,Out-of-State,Full-Time,FALSE,0,91,120,2.90,3.10,Good Standing,Fall 2027,1,1,1,64490
CID-658313,Yusuf,Clark,Yusuf Clark,Fall 2022,First-Time Freshman,Computer Science,General,Not Applicable,Not Applicable,Senior,In-State,Full-Time,TRUE,21,123,120,3.05,2.91,Good Standing,Spring 2027,0,0,5,36210
CID-248486,Rafael,Wong,Rafael Wong,Fall 2025,Transfer,Computer Science,Artificial Intelligence,Not Applicable,Not Applicable,Sophomore,In-State,Part-Time,FALSE,15,49,120,3.40,4.00,Good Standing,Spring 2032,1,0,3,4420
CID-370167,Maya,Sullivan,Maya Sullivan,Fall 2023,First-Time Freshman,Computer Science,Data Science,Not Applicable,Not Applicable,Sophomore,In-State,Part-Time,TRUE,23,54,120,2.74,2.85,Good Standing,Fall 2031,2,0,3,24650
CID-962342,Daniel,King,Daniel King,Fall 2023,First-Time Freshman,Computer Science,Artificial Intelligence,Not Applicable,Not Applicable,Junior,In-State,Full-Time,FALSE,15,87,120,2.53,2.40,Good Standing,Spring 2028,0,0,1,24000
CID-882637,Keisha,Wood,Keisha Wood,Fall 2024,First-Time Freshman,Information Systems,Business Analytics,Not Applicable,Philosophy,Sophomore,In-State,Full-Time,FALSE,1,59,120,3.08,3.20,Good Standing,Spring 2029,1,0,2,26970
CID-808866,Valeria,Coleman,Valeria Coleman,Fall 2024,First-Time Freshman,Information Systems,Business Analytics,Not Applicable,Not Applicable,Junior,In-State,Full-Time,FALSE,6,60,120,2.80,2.20,Good Standing,Spring 2029,1,2,2,19450
CID-857042,Chloe,Zhao,Chloe Zhao,Fall 2022,First-Time Freshman,Information Systems,Cybersecurity Management,Not Applicable,Not Applicable,Senior,In-State,Full-Time,FALSE,3,121,120,3.82,3.80,Good Standing,Spring 2027,2,3,2,41940
CID-193029,Tobias,Tran,Tobias Tran,Fall 2024,First-Time Freshman,Computer Science,Software Engineering,Not Applicable,Not Applicable,Sophomore,In-State,Full-Time,FALSE,6,57,120,2.86,2.83,Good Standing,Spring 2029,0,0,1,24130
CID-485616,Caleb,Cruz,Caleb Cruz,Fall 2026,Transfer,Computer Science,General,Not Applicable,Entrepreneurship,Sophomore,In-State,Part-Time,FALSE,22,33,120,Not Applicable,Not Applicable,Good Standing,Spring 2033,0,0,2,0
CID-987036,Deepa,Zhao,Deepa Zhao,Fall 2025,First-Time Freshman,Computer Science,Software Engineering,Statistics,Not Applicable,Freshman,In-State,Part-Time,TRUE,30,15,120,2.53,2.53,Good Standing,Fall 2034,0,0,5,5400
CID-334850,Thomas,Ward,Thomas Ward,Fall 2025,First-Time Freshman,Computer Science,Cybersecurity,Not Applicable,Not Applicable,Freshman,In-State,Full-Time,FALSE,0,26,120,2.81,3.00,Good Standing,Spring 2030,0,0,4,8920
CID-605763,Ravi,Garcia,Ravi Garcia,Fall 2024,First-Time Freshman,Computer Science,Artificial Intelligence,Not Applicable,Not Applicable,Freshman,Out-of-State,Part-Time,FALSE,19,26,120,3.12,3.64,Good Standing,Fall 2033,1,2,6,25590
CID-132680,Tariq,Okafor,Tariq Okafor,Fall 2023,First-Time Freshman,Computer Science,Data Science,Not Applicable,Economics,Junior,In-State,Part-Time,FALSE,19,60,120,2.83,2.88,Good Standing,Spring 2031,1,0,1,21340
CID-483086,Liam,Cooper,Liam Cooper,Fall 2026,First-Time Freshman,Information Systems,Health Information Technology,Not Applicable,Not Applicable,Freshman,Out-of-State,Full-Time,FALSE,16,0,120,Not Applicable,Not Applicable,Good Standing,Spring 2031,0,0,0,0
CID-560152,Ibrahim,Anderson,Ibrahim Anderson,Fall 2024,Transfer,Computer Science,Data Science,Not Applicable,Not Applicable,Junior,In-State,Part-Time,FALSE,15,85,120,2.68,2.00,Good Standing,Spring 2029,0,2,6,8230
CID-801840,Kiara,Robinson,Kiara Robinson,Fall 2025,First-Time Freshman,Computer Science,Software Engineering,Not Applicable,Physics,Freshman,In-State,Part-Time,FALSE,20,15,120,3.47,3.47,Good Standing,Fall 2034,1,0,1,6480
CID-344681,Wei,Cooper,Wei Cooper,Fall 2025,First-Time Freshman,Information Systems,Cybersecurity Management,Not Applicable,Not Applicable,Freshman,In-State,Full-Time,FALSE,15,28,120,3.21,4.00,Good Standing,Spring 2030,0,0,3,8270
CID-523089,Nadia,Patel,Nadia Patel,Fall 2023,First-Time Freshman,Information Systems,Software Development,Not Applicable,Psychology,Junior,In-State,Full-Time,TRUE,4,81,120,2.69,2.70,Good Standing,Spring 2028,0,0,2,19780
CID-574694,Ravi,Ho,Ravi Ho,Fall 2023,First-Time Freshman,Computer Science,Software Engineering,Not Applicable,Not Applicable,Senior,In-State,Full-Time,FALSE,10,104,120,3.62,3.60,Good Standing,Spring 2027,0,0,4,31840
CID-218858,Diego,Perez,Diego Perez,Fall 2026,First-Time Freshman,Computer Science,Data Science,Not Applicable,Not Applicable,Freshman,Out-of-State,Full-Time,FALSE,8,0,120,Not Applicable,Not Applicable,Good Standing,Spring 2031,0,0,5,0
CID-978590,Aaliyah,Walker,Aaliyah Walker,Fall 2025,First-Time Freshman,Computer Science,General,Not Applicable,Not Applicable,Freshman,In-State,Part-Time,TRUE,22,15,120,3.27,3.27,Good Standing,Fall 2034,0,3,2,5790
CID-829352,Caleb,Patel,Caleb Patel,Fall 2024,First-Time Freshman,Computer Science,Cybersecurity,Not Applicable,Not Applicable,Junior,In-State,Full-Time,FALSE,18,63,120,2.51,2.17,Good Standing,Fall 2028,1,0,2,29430
CID-679759,Ansel,Alvarez,Ansel Alvarez,Fall 2023,First-Time Freshman,Information Systems,Health Information Technology,Not Applicable,Not Applicable,Senior,In-State,Full-Time,TRUE,24,91,120,2.95,3.08,Good Standing,Fall 2027,1,0,5,15990
CID-872774,Rachel,Thompson,Rachel Thompson,Fall 2026,First-Time Freshman,Information Systems,Business Analytics,Not Applicable,Not Applicable,Freshman,Out-of-State,Full-Time,FALSE,2,0,120,Not Applicable,Not Applicable,Good Standing,Spring 2031,0,0,3,0
CID-567685,Camila,Johnson,Camila Johnson,Fall 2024,First-Time Freshman,Computer Science,Artificial Intelligence,Not Applicable,Not Applicable,Sophomore,Out-of-State,Full-Time,FALSE,15,58,120,2.98,2.83,Good Standing,Spring 2029,1,0,2,51540
CID-839194,Tobias,Simmons,Tobias Simmons,Fall 2022,First-Time Freshman,Information Systems,Business Analytics,Not Applicable,Not Applicable,Senior,In-State,Full-Time,FALSE,1,109,120,2.91,3.25,Good Standing,Spring 2027,1,0,1,42530
CID-681540,Yara,Ross,Yara Ross,Fall 2026,First-Time Freshman,Information Systems,Software Development,Not Applicable,Not Applicable,Freshman,In-State,Full-Time,TRUE,23,0,120,Not Applicable,Not Applicable,Good Standing,Spring 2031,0,0,1,0
CID-355405,Lucas,Harris,Lucas Harris,Fall 2026,First-Time Freshman,Computer Science,General,Not Applicable,Entrepreneurship,Freshman,Out-of-State,Full-Time,TRUE,14,0,120,Not Applicable,Not Applicable,Good Standing,Spring 2031,0,2,4,0
CID-559783,Naomi,Simmons,Naomi Simmons,Fall 2024,Transfer,Computer Science,Software Engineering,Not Applicable,Not Applicable,Junior,In-State,Part-Time,TRUE,34,81,120,2.28,2.30,Good Standing,Fall 2029,0,0,1,5510
CID-869579,Hiroshi,Ho,Hiroshi Ho,Fall 2025,Transfer,Computer Science,Data Science,Not Applicable,Not Applicable,Sophomore,In-State,Full-Time,FALSE,5,56,120,2.77,3.00,Good Standing,Spring 2029,1,1,2,5450
CID-651349,Valeria,Sullivan,Valeria Sullivan,Fall 2026,Transfer,Computer Science,Data Science,Not Applicable,Mathematics,Freshman,In-State,Full-Time,TRUE,13,27,120,Not Applicable,Not Applicable,Good Standing,Spring 2030,0,0,0,0
CID-242053,Aaliyah,Singh,Aaliyah Singh,Fall 2026,First-Time Freshman,Computer Science,Software Engineering,Not Applicable,Not Applicable,Freshman,Out-of-State,Full-Time,FALSE,10,0,120,Not Applicable,Not Applicable,Good Standing,Spring 2031,0,2,2,0
CID-592485,Isabella,Adebayo,Isabella Adebayo,Fall 2023,First-Time Freshman,Computer Science,General,Not Applicable,Not Applicable,Senior,In-State,Full-Time,FALSE,20,96,120,2.99,3.21,Good Standing,Fall 2027,1,1,4,40380
CID-799291,Diego,Hughes,Diego Hughes,Fall 2025,Transfer,Computer Science,Cybersecurity,Statistics,Not Applicable,Sophomore,In-State,Full-Time,TRUE,11,53,120,3.41,3.50,Good Standing,Spring 2029,1,1,1,4950
CID-414844,Sophia,Gray,Sophia Gray,Fall 2026,First-Time Freshman,Information Systems,Cybersecurity Management,Not Applicable,Not Applicable,Freshman,In-State,Full-Time,FALSE,0,0,120,Not Applicable,Not Applicable,Good Standing,Spring 2031,0,0,6,0
CID-659715,Liam,Hill,Liam Hill,Fall 2025,First-Time Freshman,Computer Science,Data Science,Not Applicable,Not Applicable,Sophomore,In-State,Full-Time,TRUE,13,36,120,3.58,3.64,Good Standing,Fall 2029,1,1,5,15160
CID-749815,Victor,Henderson,Victor Henderson,Fall 2026,First-Time Freshman,Computer Science,Data Science,Not Applicable,Not Applicable,Freshman,In-State,Full-Time,FALSE,4,0,120,Not Applicable,Not Applicable,Good Standing,Spring 2031,0,0,0,0
CID-308070,Amir,Price,Amir Price,Fall 2025,Transfer,Computer Science,General,Not Applicable,Not Applicable,Junior,In-State,Full-Time,TRUE,9,74,120,3.10,3.19,Good Standing,Fall 2028,1,0,7,5160
CID-297610,Samir,Mendez,Samir Mendez,Fall 2022,First-Time Freshman,Computer Science,General,Not Applicable,Not Applicable,Senior,Out-of-State,Full-Time,FALSE,9,126,120,3.71,3.82,Good Standing,Spring 2027,0,0,0,92070
CID-233258,Daniel,Powell,Daniel Powell,Fall 2022,First-Time Freshman,Computer Science,Data Science,Not Applicable,Not Applicable,Senior,In-State,Full-Time,TRUE,17,128,120,3.59,3.59,Good Standing,Spring 2027,2,0,5,27270
CID-928441,Naomi,James,Naomi James,Fall 2025,First-Time Freshman,Information Systems,Cybersecurity Management,Not Applicable,Not Applicable,Freshman,In-State,Full-Time,TRUE,8,29,120,2.79,2.00,Good Standing,Spring 2030,1,0,2,6680
CID-156759,Sofia,Peterson,Sofia Peterson,Fall 2025,Transfer,Computer Science,Cybersecurity,Not Applicable,Not Applicable,Junior,In-State,Full-Time,FALSE,6,73,120,3.28,3.39,Good Standing,Fall 2028,1,2,3,7650
CID-501470,Miguel,Peterson,Miguel Peterson,Fall 2025,First-Time Freshman,Information Systems,Cybersecurity Management,Not Applicable,Not Applicable,Freshman,In-State,Full-Time,FALSE,0,29,120,3.52,4.00,Good Standing,Spring 2030,1,0,3,9860
CID-426843,Eli,Thompson,Eli Thompson,Fall 2025,First-Time Freshman,Information Systems,Cybersecurity Management,Not Applicable,Philosophy,Sophomore,In-State,Full-Time,FALSE,7,30,120,4.00,4.00,Good Standing,Spring 2030,1,0,3,8670
CID-886524,Xiomara,Anderson,Xiomara Anderson,Fall 2026,Transfer,Computer Science,Cybersecurity,Not Applicable,Not Applicable,Freshman,In-State,Full-Time,FALSE,15,28,120,Not Applicable,Not Applicable,Good Standing,Spring 2030,0,1,4,0
CID-415561,Tobias,Roberts,Tobias Roberts,Fall 2024,First-Time Freshman,Information Systems,Cybersecurity Management,Not Applicable,Not Applicable,Sophomore,Out-of-State,Full-Time,FALSE,21,55,120,2.73,2.60,Good Standing,Spring 2029,0,0,2,40480
CID-979746,Priya,Scott,Priya Scott,Fall 2026,First-Time Freshman,Information Systems,Software Development,Not Applicable,Not Applicable,Freshman,In-State,Part-Time,FALSE,28,0,120,Not Applicable,Not Applicable,Good Standing,Fall 2035,0,0,2,0
CID-714356,Diego,Carter,Diego Carter,Fall 2025,Transfer,Computer Science,Data Science,Not Applicable,Not Applicable,Junior,In-State,Part-Time,TRUE,14,79,120,1.75,2.00,Academic Warning,Fall 2029,0,0,1,4090
CID-803020,Zara,Morales,Zara Morales,Fall 2026,First-Time Freshman,Computer Science,General,Not Applicable,Not Applicable,Freshman,In-State,Full-Time,FALSE,1,0,120,Not Applicable,Not Applicable,Good Standing,Spring 2031,0,0,0,0
CID-139951,Simone,Scott,Simone Scott,Fall 2026,First-Time Freshman,Information Systems,Software Development,Not Applicable,Not Applicable,Freshman,In-State,Full-Time,FALSE,8,0,120,Not Applicable,Not Applicable,Good Standing,Spring 2031,0,0,2,0
CID-147525,Aiden,Roberts,Aiden Roberts,Fall 2024,First-Time Freshman,Computer Science,Data Science,Not Applicable,Statistics,Sophomore,In-State,Part-Time,FALSE,14,32,120,3.47,3.36,Good Standing,Fall 2033,1,0,3,13840
CID-257948,Khalil,Bell,Khalil Bell,Fall 2026,Transfer,Information Systems,Cybersecurity Management,Not Applicable,Not Applicable,Junior,In-State,Full-Time,FALSE,7,64,120,Not Applicable,Not Applicable,Good Standing,Fall 2028,0,0,4,0
CID-611073,Sofia,Okafor,Sofia Okafor,Fall 2022,First-Time Freshman,Information Systems,Business Analytics,Not Applicable,Not Applicable,Senior,In-State,Full-Time,FALSE,16,121,120,3.34,3.25,Good Standing,Spring 2027,2,2,3,53220
CID-490681,Caleb,Wilson,Caleb Wilson,Fall 2025,Transfer,Information Systems,Business Analytics,Not Applicable,Not Applicable,Senior,Out-of-State,Full-Time,FALSE,8,93,120,2.33,2.50,Good Standing,Fall 2027,0,0,3,16370
CID-495533,Kwame,Clark,Kwame Clark,Fall 2026,First-Time Freshman,Information Systems,Business Analytics,Not Applicable,Not Applicable,Freshman,Out-of-State,Full-Time,FALSE,1,0,120,Not Applicable,Not Applicable,Good Standing,Spring 2031,0,0,0,0
CID-118805,Kevin,Nguyen,Kevin Nguyen,Fall 2026,Transfer,Computer Science,Cybersecurity,Not Applicable,Not Applicable,Sophomore,In-State,Full-Time,FALSE,19,55,120,Not Applicable,Not Applicable,Good Standing,Spring 2029,0,0,1,0
CID-279840,Tariq,Coleman,Tariq Coleman,Fall 2023,Transfer,Information Systems,General,Not Applicable,Not Applicable,Senior,In-State,Full-Time,TRUE,14,128,120,3.48,3.39,Good Standing,Spring 2027,1,0,1,9700
CID-379016,Diego,Morales,Diego Morales,Fall 2025,First-Time Freshman,Information Systems,Software Development,Not Applicable,Not Applicable,Freshman,In-State,Full-Time,TRUE,17,22,120,2.00,2.00,Good Standing,Fall 2030,1,2,1,7580
CID-133196,Andre,Mitchell,Andre Mitchell,Fall 2024,Transfer,Computer Science,Cybersecurity,Not Applicable,Not Applicable,Junior,In-State,Part-Time,FALSE,20,64,120,2.75,2.50,Good Standing,Spring 2031,0,0,0,7240
CID-988544,Ravi,Nguyen,Ravi Nguyen,Fall 2025,First-Time Freshman,Computer Science,Data Science,Not Applicable,Not Applicable,Sophomore,In-State,Full-Time,FALSE,3,30,120,3.23,3.50,Good Standing,Spring 2030,1,2,5,11540
CID-224153,Ryan,Martin,Ryan Martin,Fall 2024,First-Time Freshman,Information Systems,General,Not Applicable,Not Applicable,Junior,In-State,Full-Time,FALSE,6,61,120,3.05,3.00,Good Standing,Spring 2029,1,0,1,20090
CID-364877,Nicholas,Bell,Nicholas Bell,Fall 2026,First-Time Freshman,Computer Science,Cybersecurity,Not Applicable,Not Applicable,Freshman,Out-of-State,Full-Time,FALSE,10,0,120,Not Applicable,Not Applicable,Good Standing,Spring 2031,0,2,2,0
CID-891704,Chloe,Phillips,Chloe Phillips,Fall 2022,First-Time Freshman,Computer Science,Artificial Intelligence,Not Applicable,Not Applicable,Senior,In-State,Full-Time,FALSE,9,121,120,2.48,2.43,Good Standing,Spring 2027,1,0,2,53020
CID-349617,Zara,Diaz,Zara Diaz,Fall 2024,First-Time Freshman,Information Systems,Health Information Technology,Not Applicable,Not Applicable,Freshman,Out-of-State,Part-Time,FALSE,21,25,120,2.12,2.00,Good Standing,Spring 2034,1,0,3,26860
CID-690814,Anika,Wang,Anika Wang,Fall 2022,First-Time Freshman,Computer Science,Artificial Intelligence,Not Applicable,Not Applicable,Senior,In-State,Full-Time,FALSE,4,105,120,2.99,2.92,Good Standing,Spring 2027,1,1,2,45240
CID-745335,Xiomara,Cruz,Xiomara Cruz,Fall 2025,Transfer,Information Systems,Cybersecurity Management,Not Applicable,Psychology,Junior,Out-of-State,Full-Time,FALSE,20,60,120,3.09,2.50,Good Standing,Spring 2029,1,0,1,14490
CID-506980,Kai,Phillips,Kai Phillips,Fall 2025,First-Time Freshman,Computer Science,Software Engineering,Not Applicable,Not Applicable,Freshman,In-State,Part-Time,TRUE,21,15,120,2.73,2.73,Good Standing,Fall 2034,1,1,2,6700
CID-561035,Kiara,Zhao,Kiara Zhao,Fall 2022,First-Time Freshman,Information Systems,General,Not Applicable,Not Applicable,Senior,In-State,Full-Time,FALSE,10,121,120,3.58,3.60,Good Standing,Spring 2027,2,3,2,44370
CID-290405,Aaliyah,Jones,Aaliyah Jones,Fall 2024,First-Time Freshman,Computer Science,General,Not Applicable,Not Applicable,Junior,In-State,Full-Time,FALSE,4,68,120,3.10,2.79,Good Standing,Fall 2028,1,2,3,23700
CID-573573,Kayla,Mendez,Kayla Mendez,Fall 2024,Transfer,Information Systems,Software Development,Not Applicable,Not Applicable,Senior,In-State,Full-Time,TRUE,6,111,120,2.67,2.60,Good Standing,Spring 2027,0,1,1,9820
CID-935647,Kayla,Nguyen,Kayla Nguyen,Fall 2023,Transfer,Computer Science,Cybersecurity,Not Applicable,Business Administration,Senior,In-State,Full-Time,TRUE,0,124,120,3.20,3.13,Good Standing,Spring 2027,2,3,2,16060
CID-562073,Ansel,Nguyen,Ansel Nguyen,Fall 2023,First-Time Freshman,Information Systems,General,Not Applicable,Not Applicable,Junior,Out-of-State,Full-Time,FALSE,9,78,120,2.37,2.50,Good Standing,Spring 2028,1,0,2,73120
CID-304384,Elena,Martin,Elena Martin,Fall 2024,Transfer,Information Systems,General,Not Applicable,Not Applicable,Senior,In-State,Full-Time,TRUE,9,108,120,2.94,2.86,Good Standing,Spring 2027,0,0,4,8590
CID-656102,Daniel,Peterson,Daniel Peterson,Fall 2026,First-Time Freshman,Information Systems,Business Analytics,Not Applicable,Not Applicable,Freshman,In-State,Part-Time,TRUE,21,0,120,Not Applicable,Not Applicable,Good Standing,Fall 2035,0,0,1,0
CID-827912,Aiden,Martin,Aiden Martin,Fall 2025,Transfer,Information Systems,General,Not Applicable,Not Applicable,Junior,In-State,Full-Time,FALSE,13,69,120,2.41,2.60,Good Standing,Fall 2028,1,0,0,5470
CID-611524,Jing,Wright,Jing Wright,Fall 2025,Transfer,Information Systems,Business Analytics,Not Applicable,Not Applicable,Junior,Out-of-State,Full-Time,TRUE,18,86,120,3.22,3.14,Good Standing,Spring 2028,1,0,3,9410
CID-907156,Anaya,Cruz,Anaya Cruz,Fall 2025,First-Time Freshman,Computer Science,Software Engineering,Not Applicable,Not Applicable,Freshman,Out-of-State,Full-Time,FALSE,5,29,120,3.72,3.50,Good Standing,Spring 2030,1,1,4,27820
CID-861255,Mohammed,Wilson,Mohammed Wilson,Fall 2026,Transfer,Computer Science,General,Information Systems,Not Applicable,Junior,In-State,Full-Time,FALSE,6,62,120,Not Applicable,Not Applicable,Good Standing,Fall 2028,0,2,4,0
CID-858155,Luna,Simmons,Luna Simmons,Fall 2023,First-Time Freshman,Information Systems,Health Information Technology,Not Applicable,Not Applicable,Junior,In-State,Full-Time,FALSE,8,78,120,2.45,2.73,Good Standing,Spring 2028,0,1,1,34360
CID-177576,Kwame,Yang,Kwame Yang,Fall 2026,First-Time Freshman,Information Systems,Cybersecurity Management,Not Applicable,Not Applicable,Freshman,In-State,Part-Time,FALSE,21,0,120,Not Applicable,Not Applicable,Good Standing,Fall 2035,0,0,2,0
CID-936367,Tariq,Foster,Tariq Foster,Fall 2025,First-Time Freshman,Computer Science,Cybersecurity,Not Applicable,Not Applicable,Freshman,In-State,Full-Time,TRUE,20,23,120,2.83,2.50,Good Standing,Spring 2030,1,1,3,7520
CID-838509,Luna,Johnson,Luna Johnson,Fall 2026,Transfer,Information Systems,Software Development,Not Applicable,Not Applicable,Sophomore,In-State,Full-Time,FALSE,16,58,120,Not Applicable,Not Applicable,Good Standing,Spring 2029,0,0,1,0
CID-604465,Michael,Zhao,Michael Zhao,Fall 2023,First-Time Freshman,Information Systems,Health Information Technology,Not Applicable,Not Applicable,Junior,In-State,Full-Time,TRUE,18,78,120,2.77,2.75,Good Standing,Spring 2028,1,0,3,23230
CID-784547,Nia,Rivera,Nia Rivera,Fall 2023,First-Time Freshman,Computer Science,General,Not Applicable,Not Applicable,Junior,In-State,Full-Time,FALSE,12,84,120,3.48,3.29,Good Standing,Spring 2028,1,0,4,28520
CID-748376,Nora,Gomez,Nora Gomez,Fall 2026,First-Time Freshman,Computer Science,General,Not Applicable,Not Applicable,Freshman,In-State,Full-Time,FALSE,11,0,120,Not Applicable,Not Applicable,Good Standing,Spring 2031,0,0,4,0
CID-425217,Grace,Price,Grace Price,Fall 2022,First-Time Freshman,Computer Science,Software Engineering,Not Applicable,Not Applicable,Junior,In-State,Part-Time,FALSE,12,66,120,2.65,3.03,Good Standing,Fall 2030,0,0,2,24240
CID-418053,Nora,Gupta,Nora Gupta,Fall 2025,Transfer,Computer Science,Cybersecurity,Not Applicable,Entrepreneurship,Senior,In-State,Full-Time,FALSE,8,97,120,2.84,2.44,Good Standing,Fall 2027,1,2,1,5130
CID-327357,Daniel,Mendez,Daniel Mendez,Fall 2025,First-Time Freshman,Information Systems,Cybersecurity Management,Not Applicable,Not Applicable,Freshman,Out-of-State,Full-Time,FALSE,10,29,120,3.45,4.00,Good Standing,Spring 2030,0,0,5,25840
CID-278648,Sebastian,Hall,Sebastian Hall,Fall 2023,Transfer,Computer Science,Software Engineering,Not Applicable,Not Applicable,Senior,In-State,Full-Time,FALSE,18,116,120,2.37,2.46,Good Standing,Spring 2027,1,0,3,21050
CID-453434,Elijah,Baker,Elijah Baker,Fall 2023,First-Time Freshman,Computer Science,Software Engineering,Statistics,Entrepreneurship,Senior,In-State,Full-Time,FALSE,11,97,120,3.49,3.58,Good Standing,Fall 2027,2,0,6,36500
CID-382001,David,Coleman,David Coleman,Fall 2022,First-Time Freshman,Computer Science,Cybersecurity,Not Applicable,Not Applicable,Senior,Out-of-State,Full-Time,FALSE,6,120,120,2.88,2.83,Good Standing,Spring 2027,1,0,0,86330
CID-805133,Nicholas,Martinez,Nicholas Martinez,Fall 2023,First-Time Freshman,Computer Science,General,Not Applicable,Not Applicable,Senior,Out-of-State,Full-Time,FALSE,8,97,120,3.16,3.08,Good Standing,Fall 2027,2,0,2,83820
CID-557553,Aiden,Hughes,Aiden Hughes,Fall 2024,Transfer,Computer Science,Cybersecurity,Not Applicable,Mathematics,Senior,In-State,Full-Time,FALSE,11,112,120,3.15,3.17,Good Standing,Spring 2027,1,2,2,12280
CID-696881,Ansel,Thompson,Ansel Thompson,Fall 2026,First-Time Freshman,Information Systems,Health Information Technology,Not Applicable,Not Applicable,Freshman,Out-of-State,Full-Time,TRUE,6,0,120,Not Applicable,Not Applicable,Good Standing,Spring 2031,0,1,5,0
CID-347284,Noah,Peterson,Noah Peterson,Fall 2025,First-Time Freshman,Information Systems,Health Information Technology,Not Applicable,Not Applicable,Sophomore,Out-of-State,Full-Time,FALSE,9,31,120,2.58,3.00,Good Standing,Spring 2030,0,2,3,23960
CID-849417,Sophia,Turner,Sophia Turner,Fall 2024,First-Time Freshman,Computer Science,Data Science,Not Applicable,Not Applicable,Junior,Out-of-State,Full-Time,FALSE,6,64,120,2.78,3.12,Good Standing,Fall 2028,1,2,2,55430
CID-767666,Joseph,Hill,Joseph Hill,Fall 2023,Transfer,Computer Science,Cybersecurity,Not Applicable,Not Applicable,Senior,In-State,Full-Time,FALSE,17,129,120,3.31,3.25,Good Standing,Spring 2027,0,1,1,21660
CID-534383,Rachel,Jones,Rachel Jones,Fall 2023,First-Time Freshman,Computer Science,Software Engineering,Not Applicable,Not Applicable,Senior,In-State,Full-Time,FALSE,16,90,120,3.21,3.36,Good Standing,Fall 2027,2,1,2,32610
CID-319901,Yusuf,Lewis,Yusuf Lewis,Fall 2026,Transfer,Computer Science,Software Engineering,Not Applicable,Not Applicable,Sophomore,In-State,Full-Time,TRUE,13,46,120,Not Applicable,Not Applicable,Good Standing,Fall 2029,0,0,1,0
CID-651917,Daniela,Martinez,Daniela Martinez,Fall 2024,Transfer,Computer Science,Artificial Intelligence,Not Applicable,Not Applicable,Senior,In-State,Full-Time,FALSE,12,103,120,3.43,3.34,Good Standing,Spring 2027,1,1,2,10370
CID-517583,Daniela,Richardson,Daniela Richardson,Fall 2023,First-Time Freshman,Information Systems,Business Analytics,Not Applicable,Not Applicable,Senior,In-State,Full-Time,TRUE,19,90,120,2.79,2.75,Good Standing,Fall 2027,0,2,1,29410
CID-378953,Jada,Okafor,Jada Okafor,Fall 2023,First-Time Freshman,Computer Science,Artificial Intelligence,Not Applicable,Business Administration,Junior,In-State,Full-Time,FALSE,7,89,120,3.18,3.20,Good Standing,Fall 2027,1,0,2,37510
CID-504301,Ava,Wilson,Ava Wilson,Fall 2023,Transfer,Information Systems,Software Development,Not Applicable,Not Applicable,Senior,In-State,Full-Time,TRUE,11,129,120,3.09,3.21,Good Standing,Spring 2027,1,0,3,13100
CID-450415,Priya,Gupta,Priya Gupta,Fall 2025,First-Time Freshman,Computer Science,General,Not Applicable,Not Applicable,Sophomore,Out-of-State,Full-Time,FALSE,0,36,120,3.08,3.00,Good Standing,Fall 2029,1,2,1,23170
CID-420363,Sophia,Sanders,Sophia Sanders,Fall 2024,First-Time Freshman,Computer Science,Data Science,Not Applicable,Not Applicable,Junior,In-State,Full-Time,FALSE,20,60,120,3.23,3.58,Good Standing,Spring 2029,0,0,2,23380
CID-399150,Omar,Nguyen,Omar Nguyen,Fall 2025,Transfer,Information Systems,Business Analytics,Not Applicable,Not Applicable,Junior,In-State,Full-Time,FALSE,7,67,120,3.30,3.50,Good Standing,Fall 2028,1,0,2,4560
CID-649423,Kayla,Ward,Kayla Ward,Fall 2026,First-Time Freshman,Information Systems,Software Development,Statistics,Not Applicable,Freshman,In-State,Full-Time,FALSE,18,0,120,Not Applicable,Not Applicable,Good Standing,Spring 2031,0,0,4,0
CID-896774,Kevin,Silva,Kevin Silva,Fall 2022,First-Time Freshman,Computer Science,General,Not Applicable,Not Applicable,Senior,In-State,Full-Time,FALSE,7,120,120,3.12,3.28,Good Standing,Spring 2027,3,2,1,46710
CID-550474,Ava,Perez,Ava Perez,Fall 2024,First-Time Freshman,Information Systems,Software Development,Not Applicable,Not Applicable,Junior,In-State,Full-Time,FALSE,8,62,120,3.63,3.67,Good Standing,Fall 2028,1,2,4,26540
CID-221189,Zara,Brown,Zara Brown,Fall 2024,First-Time Freshman,Computer Science,Cybersecurity,Not Applicable,Not Applicable,Junior,In-State,Full-Time,FALSE,11,65,120,3.29,2.96,Good Standing,Fall 2028,1,0,3,26220
CID-720820,Anika,Bell,Anika Bell,Fall 2025,Transfer,Information Systems,Business Analytics,Not Applicable,Physics,Sophomore,In-State,Full-Time,TRUE,18,57,120,3.48,3.00,Good Standing,Spring 2029,1,0,2,5230
CID-578429,Emma,Kim,Emma Kim,Fall 2026,First-Time Freshman,Information Systems,Health Information Technology,Statistics,Not Applicable,Freshman,In-State,Full-Time,TRUE,6,0,120,Not Applicable,Not Applicable,Good Standing,Spring 2031,0,3,7,0
CID-513436,Andre,Okafor,Andre Okafor,Fall 2025,Transfer,Computer Science,General,Statistics,Not Applicable,Junior,In-State,Full-Time,FALSE,9,66,120,3.87,4.00,Good Standing,Fall 2028,1,3,5,3870
CID-984531,Ryan,Harris,Ryan Harris,Fall 2024,Transfer,Information Systems,Business Analytics,Not Applicable,Not Applicable,Junior,In-State,Full-Time,TRUE,19,86,120,2.81,2.86,Good Standing,Spring 2028,1,3,5,9380
CID-311365,Layla,Reed,Layla Reed,Fall 2026,Transfer,Computer Science,Software Engineering,Not Applicable,Not Applicable,Junior,In-State,Full-Time,FALSE,11,62,120,Not Applicable,Not Applicable,Good Standing,Fall 2028,0,2,3,0
CID-550225,Layla,Powell,Layla Powell,Fall 2023,First-Time Freshman,Computer Science,General,Not Applicable,Not Applicable,Junior,In-State,Full-Time,FALSE,14,84,120,2.64,2.75,Good Standing,Spring 2028,2,1,6,40440
CID-929767,Priya,Martinez,Priya Martinez,Fall 2024,First-Time Freshman,Computer Science,General,Not Applicable,Not Applicable,Junior,In-State,Full-Time,FALSE,6,61,120,3.36,3.46,Good Standing,Spring 2029,1,0,0,24770
CID-178856,Michael,Simmons,Michael Simmons,Fall 2026,First-Time Freshman,Information Systems,Cybersecurity Management,Not Applicable,Not Applicable,Freshman,In-State,Part-Time,FALSE,25,0,120,Not Applicable,Not Applicable,Good Standing,Fall 2035,0,0,7,0
CID-975887,Julia,Ross,Julia Ross,Fall 2026,First-Time Freshman,Information Systems,Business Analytics,Not Applicable,Not Applicable,Freshman,Out-of-State,Part-Time,TRUE,23,0,120,Not Applicable,Not Applicable,Good Standing,Fall 2035,0,0,7,0
CID-707176,Diego,Alvarez,Diego Alvarez,Fall 2025,Transfer,Computer Science,Software Engineering,Not Applicable,Not Applicable,Junior,In-State,Full-Time,FALSE,22,65,120,3.17,2.64,Good Standing,Fall 2028,1,1,2,7350
CID-450034,Layla,Evans,Layla Evans,Fall 2023,First-Time Freshman,Computer Science,Software Engineering,Not Applicable,Data Science,Junior,In-State,Full-Time,FALSE,24,76,120,2.21,2.23,Good Standing,Spring 2028,0,0,4,24360
CID-587460,Nina,Nwosu,Nina Nwosu,Fall 2025,First-Time Freshman,Information Systems,Health Information Technology,Computer Science,Not Applicable,Sophomore,In-State,Full-Time,FALSE,7,32,120,3.72,4.00,Good Standing,Spring 2030,0,2,3,8680
CID-314678,Julia,Hall,Julia Hall,Fall 2024,First-Time Freshman,Information Systems,Health Information Technology,Not Applicable,Not Applicable,Sophomore,In-State,Full-Time,TRUE,21,47,120,2.89,2.60,Good Standing,Fall 2029,1,0,1,13780
CID-685301,Andre,Wright,Andre Wright,Fall 2025,First-Time Freshman,Computer Science,Artificial Intelligence,Not Applicable,Philosophy,Sophomore,In-State,Full-Time,TRUE,11,35,120,2.66,2.64,Good Standing,Spring 2030,1,0,1,16450
CID-416766,Mia,Murphy,Mia Murphy,Fall 2025,First-Time Freshman,Computer Science,Cybersecurity,Not Applicable,Cybersecurity,Freshman,Out-of-State,Part-Time,FALSE,29,14,120,3.29,3.29,Good Standing,Fall 2034,1,0,1,9400
CID-143059,Jing,Carter,Jing Carter,Fall 2023,Transfer,Information Systems,Business Analytics,Not Applicable,Not Applicable,Senior,In-State,Full-Time,FALSE,14,127,120,3.32,3.32,Good Standing,Spring 2027,2,1,2,15840
CID-628710,Olivia,Okafor,Olivia Okafor,Fall 2022,First-Time Freshman,Information Systems,Cybersecurity Management,Not Applicable,Cybersecurity,Senior,In-State,Full-Time,FALSE,22,115,120,2.97,3.00,Good Standing,Spring 2027,2,2,1,42310
CID-926778,Julia,Patel,Julia Patel,Fall 2026,First-Time Freshman,Computer Science,Cybersecurity,Not Applicable,Not Applicable,Freshman,In-State,Full-Time,FALSE,13,0,120,Not Applicable,Not Applicable,Good Standing,Spring 2031,0,0,0,0
CID-936824,Liam,Singh,Liam Singh,Fall 2024,First-Time Freshman,Computer Science,Software Engineering,Not Applicable,Physics,Junior,In-State,Full-Time,FALSE,11,60,120,3.67,3.78,Good Standing,Spring 2029,1,0,2,14780
CID-691148,Sofia,Jones,Sofia Jones,Fall 2026,First-Time Freshman,Information Systems,Business Analytics,Mathematics,Not Applicable,Freshman,Out-of-State,Part-Time,FALSE,24,0,120,Not Applicable,Not Applicable,Good Standing,Fall 2035,0,0,2,0
CID-889344,Tariq,Hill,Tariq Hill,Fall 2025,First-Time Freshman,Information Systems,General,Not Applicable,Statistics,Freshman,In-State,Full-Time,TRUE,3,28,120,2.82,3.00,Good Standing,Spring 2030,1,2,6,10710
CID-909842,Ravi,Morgan,Ravi Morgan,Fall 2025,First-Time Freshman,Computer Science,Data Science,Not Applicable,Not Applicable,Freshman,Out-of-State,Full-Time,TRUE,26,29,120,2.45,2.91,Good Standing,Spring 2030,0,2,3,18840
CID-621287,Priya,Turner,Priya Turner,Fall 2024,First-Time Freshman,Computer Science,Cybersecurity,Not Applicable,Mathematics,Junior,In-State,Full-Time,FALSE,12,64,120,3.55,3.46,Good Standing,Fall 2028,0,2,2,22970
CID-412023,Sebastian,Henderson,Sebastian Henderson,Fall 2022,First-Time Freshman,Computer Science,Artificial Intelligence,Not Applicable,Cybersecurity,Senior,In-State,Full-Time,FALSE,9,115,120,3.37,3.33,Good Standing,Spring 2027,0,0,1,45670
CID-267744,Kevin,Perez,Kevin Perez,Fall 2026,Transfer,Information Systems,Health Information Technology,Not Applicable,Not Applicable,Sophomore,In-State,Full-Time,FALSE,14,44,120,Not Applicable,Not Applicable,Good Standing,Fall 2029,0,0,4,0
CID-614029,Liam,James,Liam James,Fall 2023,Transfer,Information Systems,Business Analytics,Computer Science,Not Applicable,Senior,In-State,Full-Time,FALSE,3,122,120,3.26,3.22,Good Standing,Spring 2027,2,0,1,14490
CID-737376,Alina,Peterson,Alina Peterson,Fall 2024,First-Time Freshman,Information Systems,Cybersecurity Management,Not Applicable,Not Applicable,Sophomore,In-State,Full-Time,FALSE,1,59,120,2.49,2.43,Good Standing,Spring 2029,1,1,3,23670
CID-272845,Xiomara,Park,Xiomara Park,Fall 2025,First-Time Freshman,Information Systems,Business Analytics,Not Applicable,Statistics,Freshman,In-State,Part-Time,FALSE,15,18,120,3.67,4.00,Good Standing,Fall 2034,1,0,1,7260
CID-478247,Michael,Perez,Michael Perez,Fall 2023,First-Time Freshman,Computer Science,Data Science,Not Applicable,Not Applicable,Senior,In-State,Full-Time,FALSE,17,94,120,3.28,3.36,Good Standing,Fall 2027,1,2,8,37370
CID-949695,Eli,Hall,Eli Hall,Fall 2025,First-Time Freshman,Information Systems,Cybersecurity Management,Not Applicable,Not Applicable,Sophomore,In-State,Full-Time,TRUE,19,31,120,2.48,2.00,Good Standing,Spring 2030,1,0,3,10230
CID-863139,Naomi,Walker,Naomi Walker,Fall 2024,First-Time Freshman,Computer Science,General,Not Applicable,Not Applicable,Freshman,In-State,Part-Time,FALSE,19,28,120,2.61,3.00,Good Standing,Fall 2033,1,2,5,15000
CID-364004,Ethan,Lee,Ethan Lee,Fall 2023,Transfer,Computer Science,General,Not Applicable,Not Applicable,Senior,In-State,Full-Time,FALSE,14,142,120,3.26,3.26,Good Standing,Spring 2027,2,0,5,15280
CID-984319,Sophia,Okafor,Sophia Okafor,Fall 2024,First-Time Freshman,Computer Science,Artificial Intelligence,Not Applicable,Not Applicable,Junior,In-State,Full-Time,TRUE,6,62,120,3.26,3.25,Good Standing,Fall 2028,0,0,4,13100
CID-879252,Aaliyah,Brown,Aaliyah Brown,Fall 2024,First-Time Freshman,Computer Science,Software Engineering,Not Applicable,Not Applicable,Junior,In-State,Full-Time,FALSE,4,65,120,3.31,3.00,Good Standing,Fall 2028,1,1,1,17130
CID-908719,Elena,Mitchell,Elena Mitchell,Fall 2024,First-Time Freshman,Computer Science,Data Science,Not Applicable,Not Applicable,Junior,In-State,Full-Time,TRUE,13,61,120,3.51,3.58,Good Standing,Spring 2029,1,0,2,18800
CID-984174,Ansel,Martin,Ansel Martin,Fall 2025,First-Time Freshman,Computer Science,Artificial Intelligence,Not Applicable,Not Applicable,Freshman,In-State,Full-Time,FALSE,6,26,120,2.04,2.00,Good Standing,Spring 2030,1,0,4,14990
CID-435429,Nadia,Baker,Nadia Baker,Fall 2026,First-Time Freshman,Computer Science,Software Engineering,Not Applicable,Data Science,Freshman,In-State,Full-Time,TRUE,8,0,120,Not Applicable,Not Applicable,Good Standing,Spring 2031,0,0,0,0
CID-399483,Alina,Wright,Alina Wright,Fall 2026,Transfer,Computer Science,Software Engineering,Not Applicable,Not Applicable,Junior,In-State,Full-Time,TRUE,9,62,120,Not Applicable,Not Applicable,Good Standing,Fall 2028,0,3,2,0
CID-835310,Kayla,Wood,Kayla Wood,Fall 2025,Transfer,Computer Science,General,Not Applicable,Not Applicable,Junior,In-State,Full-Time,FALSE,0,67,120,2.48,3.40,Good Standing,Fall 2028,1,0,4,7310
CID-471194,Nia,Robinson,Nia Robinson,Fall 2023,First-Time Freshman,Computer Science,Data Science,Not Applicable,Not Applicable,Junior,In-State,Full-Time,FALSE,3,79,120,1.99,1.83,Academic Warning,Spring 2028,0,0,1,45080
CID-336075,Fatima,Simmons,Fatima Simmons,Fall 2024,Transfer,Information Systems,Software Development,Not Applicable,Statistics,Junior,In-State,Full-Time,FALSE,5,83,120,3.85,3.78,Good Standing,Spring 2028,1,0,3,8870
CID-270851,Yara,Ho,Yara Ho,Fall 2024,First-Time Freshman,Computer Science,Cybersecurity,Not Applicable,Not Applicable,Junior,Out-of-State,Full-Time,FALSE,7,61,120,3.43,3.42,Good Standing,Spring 2029,1,2,3,47090
CID-665852,Yara,Johnson,Yara Johnson,Fall 2025,First-Time Freshman,Information Systems,Software Development,Not Applicable,Not Applicable,Freshman,In-State,Full-Time,FALSE,4,28,120,3.75,4.00,Good Standing,Spring 2030,1,1,2,7780
CID-547885,Bianca,Jones,Bianca Jones,Fall 2025,Transfer,Information Systems,Cybersecurity Management,Not Applicable,Mathematics,Sophomore,In-State,Part-Time,TRUE,26,55,120,3.40,4.00,Good Standing,Fall 2031,1,0,3,3560
CID-312070,Nia,Martin,Nia Martin,Fall 2024,Transfer,Information Systems,General,Not Applicable,Not Applicable,Senior,In-State,Full-Time,FALSE,0,118,120,3.61,3.69,Good Standing,Spring 2027,0,0,5,5910
CID-811180,Nia,Kelly,Nia Kelly,Fall 2025,First-Time Freshman,Computer Science,General,Not Applicable,Not Applicable,Sophomore,In-State,Full-Time,FALSE,7,30,120,3.00,2.50,Good Standing,Spring 2030,1,0,0,9400
CID-880021,Aiden,Ellis,Aiden Ellis,Fall 2024,Transfer,Information Systems,Health Information Technology,Not Applicable,Not Applicable,Junior,In-State,Full-Time,FALSE,6,86,120,3.00,3.12,Good Standing,Spring 2028,1,0,2,11120
CID-264573,Aaliyah,Ramirez,Aaliyah Ramirez,Fall 2023,Transfer,Information Systems,Cybersecurity Management,Mathematics,Not Applicable,Junior,In-State,Part-Time,TRUE,23,74,120,2.52,2.50,Good Standing,Spring 2030,2,0,2,9970
CID-349736,Kiara,Cooper,Kiara Cooper,Fall 2026,First-Time Freshman,Computer Science,Data Science,Not Applicable,Not Applicable,Freshman,In-State,Full-Time,FALSE,9,0,120,Not Applicable,Not Applicable,Good Standing,Spring 2031,0,0,5,0
CID-291112,David,Hughes,David Hughes,Fall 2025,First-Time Freshman,Computer Science,General,Not Applicable,Not Applicable,Sophomore,In-State,Full-Time,TRUE,6,32,120,3.50,3.00,Good Standing,Spring 2030,0,0,5,12070
CID-413582,Jacob,Wood,Jacob Wood,Fall 2026,First-Time Freshman,Computer Science,Cybersecurity,Not Applicable,Not Applicable,Freshman,Out-of-State,Full-Time,TRUE,17,0,120,Not Applicable,Not Applicable,Good Standing,Spring 2031,0,0,4,0
CID-611643,Kiara,Jackson,Kiara Jackson,Fall 2026,First-Time Freshman,Computer Science,Cybersecurity,Not Applicable,Not Applicable,Freshman,Out-of-State,Full-Time,FALSE,14,0,120,Not Applicable,Not Applicable,Good Standing,Spring 2031,0,0,2,0
CID-996012,Simone,Williams,Simone Williams,Fall 2025,Transfer,Computer Science,General,Not Applicable,Not Applicable,Senior,In-State,Full-Time,FALSE,6,95,120,2.70,2.75,Good Standing,Fall 2027,1,0,2,6910
CID-704248,Fatima,Gupta,Fatima Gupta,Fall 2026,First-Time Freshman,Computer Science,Cybersecurity,Not Applicable,Health Administration,Freshman,In-State,Full-Time,TRUE,19,0,120,Not Applicable,Not Applicable,Good Standing,Spring 2031,0,0,4,0
CID-916766,Valeria,Gomez,Valeria Gomez,Fall 2023,First-Time Freshman,Information Systems,Software Development,Not Applicable,Mathematics,Junior,Out-of-State,Full-Time,FALSE,8,83,120,2.63,2.50,Good Standing,Spring 2028,1,0,3,76280
CID-581930,Tobias,Rogers,Tobias Rogers,Fall 2025,Transfer,Computer Science,Data Science,Not Applicable,Not Applicable,Junior,In-State,Full-Time,FALSE,0,89,120,2.72,2.70,Good Standing,Fall 2027,0,0,0,6350
CID-798477,Tariq,Owens,Tariq Owens,Fall 2026,First-Time Freshman,Information Systems,General,Not Applicable,Not Applicable,Freshman,In-State,Full-Time,FALSE,8,0,120,Not Applicable,Not Applicable,Good Standing,Spring 2031,0,0,9,0
CID-809875,Tariq,Kim,Tariq Kim,Fall 2024,First-Time Freshman,Computer Science,Cybersecurity,Mathematics,Not Applicable,Junior,Out-of-State,Full-Time,FALSE,5,67,120,3.00,3.17,Good Standing,Fall 2028,0,0,1,37920
CID-409918,Chidi,Liu,Chidi Liu,Fall 2023,Transfer,Computer Science,Artificial Intelligence,Mathematics,Not Applicable,Senior,In-State,Full-Time,FALSE,16,131,120,2.94,2.89,Good Standing,Spring 2027,0,1,2,25120
CID-879426,Rania,Ho,Rania Ho,Fall 2023,First-Time Freshman,Information Systems,Cybersecurity Management,Not Applicable,Not Applicable,Senior,In-State,Full-Time,TRUE,16,93,120,3.28,3.23,Good Standing,Fall 2027,1,2,1,24540
CID-471540,Liam,Wright,Liam Wright,Fall 2025,Transfer,Computer Science,General,Not Applicable,Not Applicable,Sophomore,In-State,Full-Time,TRUE,22,54,120,2.96,2.50,Good Standing,Spring 2029,1,2,4,4530
CID-596070,Mia,Henderson,Mia Henderson,Fall 2023,Transfer,Computer Science,Software Engineering,Not Applicable,Not Applicable,Senior,In-State,Full-Time,FALSE,3,105,120,2.12,1.79,Good Standing,Spring 2027,2,2,2,15950
CID-618447,Daniela,Evans,Daniela Evans,Fall 2024,Transfer,Information Systems,Health Information Technology,Not Applicable,Not Applicable,Junior,In-State,Full-Time,FALSE,13,86,120,2.81,2.83,Good Standing,Spring 2028,0,2,1,15380
CID-116255,Daniela,Perry,Daniela Perry,Fall 2024,Transfer,Computer Science,General,Not Applicable,Not Applicable,Junior,In-State,Full-Time,FALSE,5,75,120,1.91,1.36,Academic Warning,Spring 2028,0,1,1,14310
CID-922622,Kayla,Cruz,Kayla Cruz,Fall 2025,First-Time Freshman,Information Systems,Business Analytics,Not Applicable,Not Applicable,Freshman,In-State,Full-Time,FALSE,1,29,120,2.90,3.00,Good Standing,Spring 2030,1,3,2,8540
CID-443672,Thomas,Johnson,Thomas Johnson,Fall 2026,Transfer,Computer Science,Data Science,Not Applicable,Entrepreneurship,Sophomore,In-State,Part-Time,TRUE,20,58,120,Not Applicable,Not Applicable,Good Standing,Fall 2031,0,0,8,0
CID-333324,Andre,Patel,Andre Patel,Fall 2026,First-Time Freshman,Computer Science,Data Science,Not Applicable,Philosophy,Freshman,In-State,Full-Time,FALSE,5,0,120,Not Applicable,Not Applicable,Good Standing,Spring 2031,0,0,7,0
CID-387241,Khalil,Ochoa,Khalil Ochoa,Fall 2024,Transfer,Computer Science,General,Not Applicable,Not Applicable,Senior,In-State,Full-Time,FALSE,3,114,120,3.40,3.17,Good Standing,Spring 2027,1,0,0,16520
CID-197052,Yara,Cooper,Yara Cooper,Fall 2024,First-Time Freshman,Computer Science,Artificial Intelligence,Not Applicable,Not Applicable,Sophomore,In-State,Part-Time,TRUE,21,35,120,2.69,2.50,Good Standing,Spring 2033,1,0,0,11400
CID-783488,Mei,Nwosu,Mei Nwosu,Fall 2024,First-Time Freshman,Computer Science,Software Engineering,Not Applicable,Not Applicable,Junior,In-State,Full-Time,FALSE,0,67,120,3.76,4.00,Good Standing,Fall 2028,1,0,3,16730
CID-442524,Benjamin,Clark,Benjamin Clark,Fall 2025,First-Time Freshman,Information Systems,General,Not Applicable,Not Applicable,Sophomore,In-State,Full-Time,FALSE,0,38,120,3.58,4.00,Good Standing,Fall 2029,1,0,5,10250
CID-147189,Benjamin,Huang,Benjamin Huang,Fall 2025,Transfer,Information Systems,Business Analytics,Not Applicable,Not Applicable,Junior,In-State,Full-Time,FALSE,6,63,120,2.41,2.00,Good Standing,Fall 2028,1,0,2,8370
CID-124041,Yusuf,Morales,Yusuf Morales,Fall 2024,Transfer,Computer Science,Data Science,Not Applicable,Not Applicable,Senior,In-State,Full-Time,FALSE,12,95,120,2.61,2.38,Good Standing,Fall 2027,0,0,1,15050
CID-417153,Rania,Hall,Rania Hall,Fall 2023,First-Time Freshman,Information Systems,Health Information Technology,Not Applicable,Not Applicable,Junior,In-State,Full-Time,FALSE,13,83,120,2.30,2.25,Good Standing,Spring 2028,1,3,2,40340
CID-825229,Daniel,Hernandez,Daniel Hernandez,Fall 2025,Transfer,Information Systems,General,Not Applicable,Not Applicable,Junior,In-State,Full-Time,TRUE,6,67,120,3.29,3.50,Good Standing,Fall 2028,0,0,6,4250
CID-468300,Emma,Walker,Emma Walker,Fall 2022,First-Time Freshman,Information Systems,Health Information Technology,Not Applicable,Not Applicable,Senior,Out-of-State,Full-Time,FALSE,2,121,120,3.20,3.10,Good Standing,Spring 2027,2,3,3,82210
CID-711684,Eli,Perry,Eli Perry,Fall 2023,Transfer,Information Systems,Business Analytics,Not Applicable,Not Applicable,Senior,Out-of-State,Part-Time,FALSE,18,92,120,3.25,3.36,Good Standing,Fall 2028,1,0,3,15510
CID-665995,Bianca,Thompson,Bianca Thompson,Fall 2024,First-Time Freshman,Computer Science,Software Engineering,Not Applicable,Not Applicable,Sophomore,Out-of-State,Full-Time,FALSE,12,52,120,2.38,2.42,Good Standing,Spring 2029,1,2,5,39450
CID-758766,Andre,Baker,Andre Baker,Fall 2024,First-Time Freshman,Information Systems,General,Not Applicable,Not Applicable,Sophomore,In-State,Part-Time,FALSE,18,34,120,3.82,4.00,Good Standing,Spring 2033,1,0,2,14380
CID-487573,Kiara,Jones,Kiara Jones,Fall 2024,Transfer,Computer Science,Cybersecurity,Mathematics,Not Applicable,Senior,In-State,Full-Time,FALSE,9,126,120,3.13,3.12,Good Standing,Spring 2027,1,1,1,12140
CID-444830,Rania,Powell,Rania Powell,Fall 2026,Transfer,Computer Science,General,Not Applicable,Not Applicable,Junior,In-State,Full-Time,FALSE,11,65,120,Not Applicable,Not Applicable,Good Standing,Fall 2028,0,3,3,0
CID-599677,Chloe,Wright,Chloe Wright,Fall 2026,Transfer,Information Systems,General,Not Applicable,Not Applicable,Sophomore,In-State,Full-Time,TRUE,5,40,120,Not Applicable,Not Applicable,Good Standing,Fall 2029,0,0,5,0
CID-474402,Kayla,Foster,Kayla Foster,Fall 2023,First-Time Freshman,Computer Science,Artificial Intelligence,Not Applicable,Not Applicable,Senior,In-State,Full-Time,FALSE,12,98,120,3.02,2.98,Good Standing,Fall 2027,1,0,5,28980
CID-666132,Kayla,Scott,Kayla Scott,Fall 2022,First-Time Freshman,Computer Science,Software Engineering,Not Applicable,Not Applicable,Senior,In-State,Full-Time,FALSE,7,113,120,2.90,2.81,Good Standing,Spring 2027,2,0,3,33960
CID-209115,Kevin,Gonzalez,Kevin Gonzalez,Fall 2024,Transfer,Information Systems,Software Development,Not Applicable,Not Applicable,Senior,In-State,Full-Time,FALSE,11,97,120,2.61,2.50,Good Standing,Fall 2027,1,0,0,13830
CID-506446,Tobias,Lopez,Tobias Lopez,Fall 2026,First-Time Freshman,Computer Science,Artificial Intelligence,Not Applicable,Not Applicable,Freshman,In-State,Part-Time,FALSE,7,0,120,Not Applicable,Not Applicable,Good Standing,Fall 2035,0,0,1,0
CID-705913,Naomi,Thomas,Naomi Thomas,Fall 2026,First-Time Freshman,Computer Science,General,Not Applicable,Not Applicable,Freshman,In-State,Full-Time,FALSE,3,0,120,Not Applicable,Not Applicable,Good Standing,Spring 2031,0,0,1,0
CID-275187,Layla,Davis,Layla Davis,Fall 2026,Transfer,Computer Science,Data Science,Not Applicable,Not Applicable,Sophomore,In-State,Full-Time,FALSE,0,55,120,Not Applicable,Not Applicable,Good Standing,Spring 2029,0,2,7,0
CID-907127,Diego,Torres,Diego Torres,Fall 2025,Transfer,Computer Science,Artificial Intelligence,Not Applicable,Not Applicable,Junior,In-State,Full-Time,TRUE,25,76,120,3.29,3.25,Good Standing,Spring 2028,1,2,4,4270
CID-882685,Nicholas,Yang,Nicholas Yang,Fall 2023,First-Time Freshman,Computer Science,Cybersecurity,Not Applicable,Psychology,Senior,In-State,Full-Time,TRUE,8,90,120,2.62,2.33,Good Standing,Fall 2027,2,0,7,32480
CID-735544,Nadia,Gray,Nadia Gray,Fall 2025,First-Time Freshman,Information Systems,Software Development,Not Applicable,Not Applicable,Freshman,In-State,Full-Time,TRUE,3,26,120,2.50,2.00,Good Standing,Spring 2030,1,0,1,9710
CID-458577,Diego,Ibrahim,Diego Ibrahim,Fall 2023,Transfer,Computer Science,Cybersecurity,Not Applicable,Statistics,Junior,In-State,Part-Time,FALSE,17,87,120,2.37,2.45,Good Standing,Spring 2029,1,0,1,10590
CID-873892,Diego,Rogers,Diego Rogers,Fall 2025,Transfer,Information Systems,Health Information Technology,Not Applicable,Not Applicable,Junior,In-State,Full-Time,FALSE,2,63,120,3.30,4.00,Good Standing,Fall 2028,1,0,2,7100
CID-522365,Victor,Hill,Victor Hill,Fall 2025,First-Time Freshman,Computer Science,Software Engineering,Not Applicable,Not Applicable,Sophomore,In-State,Full-Time,FALSE,18,35,120,2.60,3.00,Good Standing,Spring 2030,1,0,3,18960
CID-303566,Wei,Gupta,Wei Gupta,Fall 2022,First-Time Freshman,Computer Science,General,Not Applicable,Not Applicable,Senior,In-State,Full-Time,FALSE,7,126,120,3.52,3.58,Good Standing,Spring 2027,2,0,1,37590
CID-603565,Michael,Singh,Michael Singh,Fall 2026,Transfer,Computer Science,Cybersecurity,Not Applicable,Not Applicable,Freshman,In-State,Full-Time,FALSE,5,28,120,Not Applicable,Not Applicable,Good Standing,Spring 2030,0,0,2,0
CID-977625,Nia,Chen,Nia Chen,Fall 2024,First-Time Freshman,Information Systems,Business Analytics,Not Applicable,Not Applicable,Sophomore,In-State,Full-Time,FALSE,8,54,120,2.59,2.75,Good Standing,Spring 2029,1,0,0,21850
CID-868635,Liam,Oliveira,Liam Oliveira,Fall 2025,First-Time Freshman,Computer Science,General,Not Applicable,Not Applicable,Sophomore,In-State,Full-Time,TRUE,2,32,120,3.19,3.27,Good Standing,Spring 2030,1,1,2,10720
CID-477883,Priya,Murphy,Priya Murphy,Fall 2023,Transfer,Computer Science,Data Science,Not Applicable,Not Applicable,Senior,In-State,Full-Time,TRUE,13,141,120,2.86,2.95,Good Standing,Spring 2027,1,0,5,14150
CID-198169,Miguel,Rodriguez,Miguel Rodriguez,Fall 2025,Transfer,Computer Science,Software Engineering,Not Applicable,Not Applicable,Senior,In-State,Full-Time,FALSE,6,96,120,3.20,3.29,Good Standing,Fall 2027,0,1,3,6720
CID-929049,Aaliyah,Hughes,Aaliyah Hughes,Fall 2026,First-Time Freshman,Computer Science,Cybersecurity,Not Applicable,Not Applicable,Freshman,In-State,Full-Time,FALSE,10,0,120,Not Applicable,Not Applicable,Good Standing,Spring 2031,0,2,1,0
CID-154627,Nathan,Edwards,Nathan Edwards,Fall 2024,Transfer,Information Systems,Health Information Technology,Not Applicable,Not Applicable,Senior,In-State,Full-Time,FALSE,10,111,120,3.26,3.20,Good Standing,Spring 2027,1,0,2,11030
CID-713502,Ansel,Hall,Ansel Hall,Fall 2024,First-Time Freshman,Information Systems,Business Analytics,Not Applicable,Not Applicable,Sophomore,In-State,Full-Time,TRUE,13,59,120,3.15,3.00,Good Standing,Spring 2029,1,1,3,17040
CID-915009,Maya,Flores,Maya Flores,Fall 2024,First-Time Freshman,Computer Science,Data Science,Not Applicable,Not Applicable,Sophomore,In-State,Full-Time,FALSE,28,41,120,2.59,2.00,Good Standing,Fall 2029,1,2,4,21120
CID-412040,Xiomara,Harris,Xiomara Harris,Fall 2026,First-Time Freshman,Computer Science,Data Science,Not Applicable,Not Applicable,Freshman,In-State,Part-Time,FALSE,19,0,120,Not Applicable,Not Applicable,Good Standing,Fall 2035,0,0,5,0
CID-799206,Khalil,Wood,Khalil Wood,Fall 2025,First-Time Freshman,Information Systems,Cybersecurity Management,Not Applicable,Not Applicable,Freshman,Out-of-State,Full-Time,TRUE,7,26,120,3.12,4.00,Good Standing,Spring 2030,0,1,4,14190
CID-603367,Sofia,Henderson,Sofia Henderson,Fall 2023,Transfer,Computer Science,Cybersecurity,Not Applicable,Not Applicable,Senior,In-State,Full-Time,TRUE,0,148,120,2.36,2.32,Good Standing,Spring 2027,1,0,4,15840
CID-294405,Rachel,Zhao,Rachel Zhao,Fall 2026,First-Time Freshman,Computer Science,Cybersecurity,Not Applicable,Not Applicable,Freshman,In-State,Full-Time,FALSE,15,0,120,Not Applicable,Not Applicable,Good Standing,Spring 2031,0,1,3,0
CID-127486,Sophia,Jackson,Sophia Jackson,Fall 2025,First-Time Freshman,Computer Science,General,Not Applicable,Not Applicable,Sophomore,In-State,Full-Time,FALSE,5,33,120,2.94,3.00,Good Standing,Spring 2030,0,0,2,12270
CID-537061,Gabriel,Lopez,Gabriel Lopez,Fall 2026,Transfer,Computer Science,Cybersecurity,Not Applicable,Not Applicable,Sophomore,In-State,Full-Time,FALSE,7,53,120,Not Applicable,Not Applicable,Good Standing,Spring 2029,0,0,2,0
CID-738552,Priya,Kaur,Priya Kaur,Fall 2024,Transfer,Computer Science,Artificial Intelligence,Not Applicable,Health Administration,Senior,In-State,Part-Time,FALSE,20,101,120,3.24,3.18,Good Standing,Spring 2028,0,0,6,8520
CID-341215,Kwame,Ibrahim,Kwame Ibrahim,Fall 2026,First-Time Freshman,Information Systems,Business Analytics,Not Applicable,Not Applicable,Freshman,In-State,Full-Time,FALSE,1,0,120,Not Applicable,Not Applicable,Good Standing,Spring 2031,0,0,4,0
CID-154226,Joseph,Ochoa,Joseph Ochoa,Fall 2023,Transfer,Information Systems,Business Analytics,Not Applicable,Not Applicable,Senior,In-State,Full-Time,FALSE,18,124,120,2.61,2.53,Good Standing,Spring 2027,2,0,2,15130
CID-695191,Alina,Wilson,Alina Wilson,Fall 2023,First-Time Freshman,Computer Science,Software Engineering,Not Applicable,Not Applicable,Junior,In-State,Full-Time,FALSE,15,82,120,2.28,2.49,Good Standing,Spring 2028,0,2,1,30590
CID-127428,Camila,Turner,Camila Turner,Fall 2026,Transfer,Computer Science,General,Not Applicable,Not Applicable,Sophomore,In-State,Full-Time,FALSE,16,34,120,Not Applicable,Not Applicable,Good Standing,Spring 2030,0,0,1,0
CID-794309,Rachel,Rogers,Rachel Rogers,Fall 2026,Transfer,Computer Science,Data Science,Not Applicable,Entrepreneurship,Freshman,In-State,Full-Time,FALSE,11,27,120,Not Applicable,Not Applicable,Good Standing,Spring 2030,0,0,0,0
CID-901486,Mohammed,Watson,Mohammed Watson,Fall 2026,First-Time Freshman,Computer Science,General,Not Applicable,Not Applicable,Freshman,Out-of-State,Full-Time,FALSE,9,0,120,Not Applicable,Not Applicable,Good Standing,Spring 2031,0,1,2,0
CID-279395,Chloe,Nguyen,Chloe Nguyen,Fall 2026,First-Time Freshman,Computer Science,Data Science,Not Applicable,Not Applicable,Freshman,In-State,Full-Time,FALSE,10,0,120,Not Applicable,Not Applicable,Good Standing,Spring 2031,0,2,1,0
CID-343135,Ryan,Robinson,Ryan Robinson,Fall 2023,First-Time Freshman,Information Systems,Health Information Technology,Not Applicable,Not Applicable,Junior,Out-of-State,Full-Time,FALSE,5,84,120,2.51,2.20,Good Standing,Spring 2028,1,0,3,55440
CID-987824,Rafael,Ramirez,Rafael Ramirez,Fall 2024,Transfer,Computer Science,General,Not Applicable,Not Applicable,Senior,In-State,Full-Time,FALSE,3,100,120,2.15,2.23,Good Standing,Fall 2027,1,0,3,10870
CID-948599,Aaliyah,Peterson,Aaliyah Peterson,Fall 2024,First-Time Freshman,Computer Science,General,Not Applicable,Entrepreneurship,Sophomore,Out-of-State,Full-Time,FALSE,7,47,120,2.43,2.15,Good Standing,Fall 2029,0,0,0,33880
CID-901625,Elijah,Foster,Elijah Foster,Fall 2026,First-Time Freshman,Computer Science,Cybersecurity,Not Applicable,Not Applicable,Freshman,Out-of-State,Part-Time,FALSE,2,0,120,Not Applicable,Not Applicable,Good Standing,Fall 2035,0,0,3,0
CID-362322,Deepa,Brown,Deepa Brown,Fall 2022,First-Time Freshman,Computer Science,Software Engineering,Not Applicable,Philosophy,Senior,Out-of-State,Full-Time,FALSE,1,102,120,2.73,2.58,Good Standing,Spring 2027,0,0,2,96410
CID-511300,Hannah,Garcia,Hannah Garcia,Fall 2023,First-Time Freshman,Computer Science,Cybersecurity,Not Applicable,Not Applicable,Senior,In-State,Full-Time,FALSE,12,94,120,2.72,2.79,Good Standing,Fall 2027,0,0,2,33480
CID-936993,Nora,Ramirez,Nora Ramirez,Fall 2025,Transfer,Information Systems,General,Not Applicable,Not Applicable,Junior,In-State,Full-Time,TRUE,16,84,120,4.00,4.00,Good Standing,Spring 2028,1,0,4,3110
CID-492837,Hannah,Baker,Hannah Baker,Fall 2026,Transfer,Computer Science,Cybersecurity,Not Applicable,Not Applicable,Junior,In-State,Part-Time,TRUE,15,60,120,Not Applicable,Not Applicable,Good Standing,Spring 2031,0,0,1,0
CID-910822,Benjamin,Chen,Benjamin Chen,Fall 2025,First-Time Freshman,Computer Science,Data Science,Not Applicable,Not Applicable,Sophomore,In-State,Full-Time,TRUE,12,32,120,3.62,3.64,Good Standing,Spring 2030,1,1,5,9050
CID-122811,Grace,Owens,Grace Owens,Fall 2025,Transfer,Information Systems,Business Analytics,Not Applicable,Not Applicable,Junior,In-State,Full-Time,FALSE,9,80,120,3.16,3.60,Good Standing,Spring 2028,0,0,2,5390
CID-545395,Kiara,Bell,Kiara Bell,Fall 2024,Transfer,Information Systems,Cybersecurity Management,Not Applicable,Not Applicable,Junior,In-State,Part-Time,FALSE,23,70,120,2.59,2.20,Good Standing,Fall 2030,1,0,4,8900
CID-177875,Nathan,Rivera,Nathan Rivera,Fall 2022,First-Time Freshman,Computer Science,Cybersecurity,Statistics,Not Applicable,Senior,Out-of-State,Full-Time,TRUE,4,111,120,2.85,2.88,Good Standing,Spring 2027,1,0,4,80950
CID-811040,Maya,Ochoa,Maya Ochoa,Fall 2026,Transfer,Information Systems,Software Development,Not Applicable,Not Applicable,Sophomore,In-State,Full-Time,TRUE,16,56,120,Not Applicable,Not Applicable,Good Standing,Spring 2029,0,0,1,0
CID-629143,Jordan,Zhao,Jordan Zhao,Fall 2025,First-Time Freshman,Computer Science,Data Science,Statistics,Not Applicable,Sophomore,In-State,Full-Time,FALSE,15,30,120,3.50,3.50,Good Standing,Spring 2030,1,2,2,8590
CID-195044,Alina,Owens,Alina Owens,Fall 2022,First-Time Freshman,Information Systems,General,Not Applicable,Not Applicable,Senior,Out-of-State,Full-Time,FALSE,5,112,120,3.04,2.88,Good Standing,Spring 2027,2,1,2,78120
CID-147640,Tariq,James,Tariq James,Fall 2025,First-Time Freshman,Computer Science,Cybersecurity,Not Applicable,Political Science,Freshman,In-State,Full-Time,TRUE,15,26,120,3.58,3.50,Good Standing,Spring 2030,1,3,3,6140
CID-654638,Nicholas,Reed,Nicholas Reed,Fall 2026,First-Time Freshman,Information Systems,Business Analytics,Not Applicable,Not Applicable,Freshman,In-State,Full-Time,TRUE,8,0,120,Not Applicable,Not Applicable,Good Standing,Spring 2031,0,1,4,0
CID-501121,Isabella,Reed,Isabella Reed,Fall 2025,Transfer,Computer Science,Cybersecurity,Mathematics,Not Applicable,Sophomore,In-State,Part-Time,FALSE,11,46,120,3.00,4.00,Good Standing,Spring 2032,1,2,2,4040
CID-472022,Jacob,Gray,Jacob Gray,Fall 2023,First-Time Freshman,Computer Science,Cybersecurity,Not Applicable,Economics,Senior,Out-of-State,Full-Time,TRUE,5,92,120,3.54,3.27,Good Standing,Fall 2027,2,0,4,38340
CID-707804,Samir,Johnson,Samir Johnson,Fall 2022,First-Time Freshman,Computer Science,Cybersecurity,Not Applicable,Business Administration,Senior,In-State,Full-Time,FALSE,6,131,120,3.45,3.49,Good Standing,Spring 2027,2,2,2,43030
CID-289411,Lucas,Diaz,Lucas Diaz,Fall 2023,First-Time Freshman,Information Systems,Health Information Technology,Not Applicable,Not Applicable,Senior,In-State,Full-Time,FALSE,15,94,120,2.93,3.15,Good Standing,Fall 2027,1,0,2,35410
CID-664092,Zoe,Zhao,Zoe Zhao,Fall 2026,First-Time Freshman,Computer Science,General,Not Applicable,Not Applicable,Freshman,In-State,Full-Time,FALSE,15,0,120,Not Applicable,Not Applicable,Good Standing,Spring 2031,0,3,3,0
CID-167556,Xiomara,Jackson,Xiomara Jackson,Fall 2025,Transfer,Computer Science,Software Engineering,Not Applicable,Not Applicable,Junior,In-State,Full-Time,FALSE,11,66,120,2.57,2.60,Good Standing,Fall 2028,0,3,1,6610
CID-314684,Elijah,Lopez,Elijah Lopez,Fall 2026,First-Time Freshman,Computer Science,General,Not Applicable,Not Applicable,Freshman,Out-of-State,Full-Time,TRUE,3,0,120,Not Applicable,Not Applicable,Good Standing,Spring 2031,0,2,5,0
CID-125333,Ethan,Nwosu,Ethan Nwosu,Fall 2026,Transfer,Computer Science,Data Science,Not Applicable,Not Applicable,Sophomore,In-State,Full-Time,FALSE,9,58,120,Not Applicable,Not Applicable,Good Standing,Spring 2029,0,2,1,0
CID-142531,Rachel,Hall,Rachel Hall,Fall 2022,First-Time Freshman,Computer Science,General,Not Applicable,Not Applicable,Senior,In-State,Full-Time,FALSE,6,129,120,3.04,3.00,Good Standing,Spring 2027,1,0,4,41000
CID-511240,Deepa,Kaur,Deepa Kaur,Fall 2024,First-Time Freshman,Computer Science,Software Engineering,Not Applicable,Not Applicable,Sophomore,Out-of-State,Full-Time,FALSE,22,58,120,2.74,2.83,Good Standing,Spring 2029,0,2,1,34820
CID-501415,Nora,Zhang,Nora Zhang,Fall 2025,Transfer,Computer Science,Data Science,Not Applicable,Not Applicable,Junior,In-State,Full-Time,TRUE,10,64,120,2.00,2.00,Good Standing,Fall 2028,1,0,1,5820
CID-900832,Jacob,Wilson,Jacob Wilson,Fall 2025,Transfer,Information Systems,Software Development,Not Applicable,Not Applicable,Junior,In-State,Full-Time,FALSE,14,66,120,3.24,3.00,Good Standing,Fall 2028,0,1,2,6560
CID-724293,Mia,Baker,Mia Baker,Fall 2023,First-Time Freshman,Computer Science,Data Science,Not Applicable,Not Applicable,Junior,Out-of-State,Full-Time,FALSE,0,85,120,2.92,3.04,Good Standing,Spring 2028,0,0,0,69310
CID-644902,Jing,Jenkins,Jing Jenkins,Fall 2025,First-Time Freshman,Information Systems,Software Development,Not Applicable,Not Applicable,Sophomore,In-State,Full-Time,FALSE,17,35,120,2.29,3.00,Good Standing,Spring 2030,1,1,6,15060
CID-167268,Nora,Henderson,Nora Henderson,Fall 2025,First-Time Freshman,Information Systems,General,Not Applicable,Not Applicable,Freshman,In-State,Part-Time,FALSE,20,12,120,2.50,3.00,Good Standing,Spring 2035,1,0,3,6000
CID-225020,Jada,Liu,Jada Liu,Fall 2026,First-Time Freshman,Information Systems,Cybersecurity Management,Not Applicable,Entrepreneurship,Freshman,In-State,Full-Time,FALSE,5,0,120,Not Applicable,Not Applicable,Good Standing,Spring 2031,0,0,0,0
CID-903630,Ava,Roberts,Ava Roberts,Fall 2025,First-Time Freshman,Information Systems,Business Analytics,Not Applicable,Economics,Freshman,Out-of-State,Full-Time,TRUE,24,29,120,2.90,1.00,Good Standing,Spring 2030,0,0,0,20090
CID-223244,Caleb,Gray,Caleb Gray,Fall 2024,First-Time Freshman,Information Systems,Business Analytics,Not Applicable,Not Applicable,Junior,In-State,Full-Time,TRUE,2,64,120,3.77,3.83,Good Standing,Fall 2028,0,0,2,19060
CID-648010,Fatima,James,Fatima James,Fall 2025,Transfer,Information Systems,Business Analytics,Not Applicable,Mathematics,Junior,In-State,Full-Time,TRUE,20,73,120,3.44,3.33,Good Standing,Fall 2028,1,0,3,5240
CID-524402,Zoe,Edwards,Zoe Edwards,Fall 2025,First-Time Freshman,Information Systems,Business Analytics,Not Applicable,Not Applicable,Freshman,Out-of-State,Full-Time,FALSE,23,23,120,2.48,3.00,Good Standing,Spring 2030,1,0,4,18410
CID-403200,Fatima,Okafor,Fatima Okafor,Fall 2024,First-Time Freshman,Computer Science,Artificial Intelligence,Not Applicable,Not Applicable,Junior,In-State,Full-Time,TRUE,6,60,120,3.35,3.50,Good Standing,Spring 2029,1,0,5,14100
CID-871579,Sara,Okafor,Sara Okafor,Fall 2026,First-Time Freshman,Computer Science,Artificial Intelligence,Not Applicable,Not Applicable,Freshman,In-State,Full-Time,FALSE,5,0,120,Not Applicable,Not Applicable,Good Standing,Spring 2031,0,0,4,0
CID-289978,Daniela,Foster,Daniela Foster,Fall 2026,Transfer,Computer Science,Software Engineering,Information Systems,Not Applicable,Sophomore,In-State,Full-Time,FALSE,7,52,120,Not Applicable,Not Applicable,Good Standing,Spring 2029,0,1,1,0
CID-432323,Fatima,Chen,Fatima Chen,Fall 2025,Transfer,Computer Science,General,Not Applicable,Not Applicable,Junior,In-State,Full-Time,FALSE,5,61,120,3.42,3.50,Good Standing,Spring 2029,0,0,1,5980
CID-121659,Sofia,Nguyen,Sofia Nguyen,Fall 2024,First-Time Freshman,Computer Science,General,Not Applicable,Economics,Junior,In-State,Full-Time,TRUE,11,63,120,3.75,3.58,Good Standing,Fall 2028,0,2,4,12860
CID-965579,Rafael,Diaz,Rafael Diaz,Fall 2024,Transfer,Computer Science,Data Science,Not Applicable,Not Applicable,Junior,In-State,Part-Time,TRUE,22,83,120,3.52,3.45,Good Standing,Fall 2029,0,1,2,7460
CID-831510,Yara,Wright,Yara Wright,Fall 2026,First-Time Freshman,Computer Science,General,Not Applicable,Not Applicable,Freshman,In-State,Full-Time,FALSE,14,0,120,Not Applicable,Not Applicable,Good Standing,Spring 2031,0,1,0,0
CID-285223,Olivia,Gonzalez,Olivia Gonzalez,Fall 2023,Transfer,Information Systems,General,Not Applicable,Psychology,Senior,In-State,Full-Time,FALSE,8,119,120,2.22,2.22,Good Standing,Spring 2027,1,0,1,15220
CID-546104,Naomi,Kaur,Naomi Kaur,Fall 2023,Transfer,Computer Science,Cybersecurity,Not Applicable,Not Applicable,Senior,In-State,Full-Time,FALSE,20,136,120,2.41,2.38,Good Standing,Spring 2027,1,0,3,23340
CID-550914,Fatima,Singh,Fatima Singh,Fall 2023,Transfer,Computer Science,General,Information Systems,Not Applicable,Junior,In-State,Part-Time,FALSE,27,72,120,3.28,3.20,Good Standing,Spring 2030,2,2,5,11620
CID-672032,Jacob,Cruz,Jacob Cruz,Fall 2026,First-Time Freshman,Computer Science,General,Not Applicable,Not Applicable,Freshman,Out-of-State,Full-Time,TRUE,10,0,120,Not Applicable,Not Applicable,Good Standing,Spring 2031,0,2,4,0
CID-210995,Andre,Lopez,Andre Lopez,Fall 2024,First-Time Freshman,Information Systems,General,Not Applicable,Not Applicable,Sophomore,In-State,Full-Time,FALSE,6,55,120,2.89,3.00,Good Standing,Spring 2029,1,0,4,24860
CID-823329,Elena,Oliveira,Elena Oliveira,Fall 2026,First-Time Freshman,Computer Science,Artificial Intelligence,Not Applicable,Not Applicable,Freshman,In-State,Full-Time,FALSE,11,0,120,Not Applicable,Not Applicable,Good Standing,Spring 2031,0,0,1,0
CID-404756,Zoe,Gomez,Zoe Gomez,Fall 2026,Transfer,Computer Science,Cybersecurity,Not Applicable,Not Applicable,Sophomore,In-State,Full-Time,TRUE,15,31,120,Not Applicable,Not Applicable,Good Standing,Spring 2030,0,0,3,0
CID-577678,Grace,Reyes,Grace Reyes,Fall 2024,First-Time Freshman,Computer Science,General,Mathematics,Not Applicable,Freshman,In-State,Part-Time,TRUE,28,28,120,2.75,3.00,Good Standing,Fall 2033,0,0,3,10930
CID-515763,Julia,Nwosu,Julia Nwosu,Fall 2024,First-Time Freshman,Information Systems,Business Analytics,Not Applicable,Not Applicable,Sophomore,Out-of-State,Full-Time,FALSE,15,47,120,2.06,2.00,Good Standing,Fall 2029,0,2,0,42340
CID-677385,Lucas,Walker,Lucas Walker,Fall 2026,First-Time Freshman,Information Systems,General,Not Applicable,Philosophy,Freshman,In-State,Full-Time,FALSE,12,0,120,Not Applicable,Not Applicable,Good Standing,Spring 2031,0,0,7,0
CID-242651,Aiden,Kelly,Aiden Kelly,Fall 2024,First-Time Freshman,Computer Science,Data Science,Not Applicable,Not Applicable,Sophomore,Out-of-State,Full-Time,TRUE,4,55,120,3.11,3.29,Good Standing,Spring 2029,1,1,2,31990
CID-334587,Kiara,Ward,Kiara Ward,Fall 2023,Transfer,Information Systems,Cybersecurity Management,Not Applicable,Not Applicable,Senior,In-State,Full-Time,FALSE,8,119,120,2.76,2.82,Good Standing,Spring 2027,1,2,2,20780
CID-241441,Joseph,Evans,Joseph Evans,Fall 2026,Transfer,Computer Science,Software Engineering,Not Applicable,Not Applicable,Junior,In-State,Full-Time,FALSE,7,66,120,Not Applicable,Not Applicable,Good Standing,Fall 2028,0,1,4,0
CID-562469,Liam,Stewart,Liam Stewart,Fall 2024,First-Time Freshman,Computer Science,General,Not Applicable,Business Administration,Sophomore,In-State,Full-Time,FALSE,6,57,120,3.12,3.17,Good Standing,Spring 2029,0,0,3,13750
CID-636719,Anaya,Walker,Anaya Walker,Fall 2024,Transfer,Computer Science,Software Engineering,Not Applicable,Not Applicable,Junior,In-State,Part-Time,FALSE,18,70,120,3.54,3.65,Good Standing,Fall 2030,1,0,5,9720
CID-459861,Xiomara,Hughes,Xiomara Hughes,Fall 2026,Transfer,Computer Science,Cybersecurity,Not Applicable,Not Applicable,Sophomore,In-State,Full-Time,FALSE,0,42,120,Not Applicable,Not Applicable,Good Standing,Fall 2029,0,0,2,0
CID-511318,Rafael,Roberts,Rafael Roberts,Fall 2025,Transfer,Information Systems,Cybersecurity Management,Not Applicable,Not Applicable,Junior,In-State,Full-Time,TRUE,24,72,120,2.91,3.00,Good Standing,Fall 2028,0,0,1,5170
CID-439631,Nina,Harris,Nina Harris,Fall 2023,First-Time Freshman,Information Systems,Business Analytics,Not Applicable,Not Applicable,Sophomore,In-State,Part-Time,FALSE,17,55,120,3.16,2.67,Good Standing,Fall 2031,1,0,8,27010
CID-924231,Layla,Campbell,Layla Campbell,Fall 2023,First-Time Freshman,Information Systems,Health Information Technology,Not Applicable,Entrepreneurship,Senior,In-State,Full-Time,FALSE,7,94,120,3.80,3.73,Good Standing,Fall 2027,1,0,3,36340
CID-393496,Kwame,Okafor,Kwame Okafor,Fall 2025,First-Time Freshman,Information Systems,Software Development,Not Applicable,Not Applicable,Sophomore,In-State,Full-Time,FALSE,5,30,120,2.77,3.00,Good Standing,Spring 2030,1,3,2,11700
CID-386957,Zara,Cooper,Zara Cooper,Fall 2025,First-Time Freshman,Computer Science,General,Not Applicable,Not Applicable,Freshman,In-State,Part-Time,FALSE,15,18,120,3.17,3.17,Good Standing,Fall 2034,0,1,2,7430
CID-740928,Ansel,Nwosu,Ansel Nwosu,Fall 2025,Transfer,Information Systems,General,Not Applicable,Not Applicable,Junior,In-State,Full-Time,FALSE,4,77,120,2.75,3.00,Good Standing,Spring 2028,0,0,1,6360
CID-835674,Ethan,Wood,Ethan Wood,Fall 2026,First-Time Freshman,Computer Science,Software Engineering,Not Applicable,Not Applicable,Freshman,In-State,Full-Time,FALSE,8,0,120,Not Applicable,Not Applicable,Good Standing,Spring 2031,0,0,2,0
CID-816335,Kayla,Ochoa,Kayla Ochoa,Fall 2023,First-Time Freshman,Computer Science,General,Not Applicable,Not Applicable,Junior,In-State,Full-Time,FALSE,3,83,120,3.70,3.76,Good Standing,Spring 2028,1,1,1,25830
CID-213497,Isabella,Morgan,Isabella Morgan,Fall 2026,Transfer,Computer Science,Artificial Intelligence,Not Applicable,Not Applicable,Sophomore,In-State,Full-Time,FALSE,8,38,120,Not Applicable,Not Applicable,Good Standing,Fall 2029,0,0,1,0
CID-696587,Kai,Clark,Kai Clark,Fall 2024,First-Time Freshman,Information Systems,Cybersecurity Management,Not Applicable,Not Applicable,Junior,Out-of-State,Full-Time,FALSE,3,63,120,3.38,3.67,Good Standing,Fall 2028,1,1,6,48300
CID-596197,Eli,Henderson,Eli Henderson,Fall 2025,First-Time Freshman,Information Systems,Business Analytics,Not Applicable,Not Applicable,Sophomore,In-State,Full-Time,FALSE,11,31,120,3.29,4.00,Good Standing,Spring 2030,1,1,3,12310
CID-939472,Aiden,Edwards,Aiden Edwards,Fall 2026,First-Time Freshman,Computer Science,Data Science,Not Applicable,Not Applicable,Freshman,In-State,Full-Time,FALSE,4,0,120,Not Applicable,Not Applicable,Good Standing,Spring 2031,0,1,2,0
CID-995478,Julia,Johnson,Julia Johnson,Fall 2024,First-Time Freshman,Information Systems,Business Analytics,Not Applicable,Statistics,Sophomore,Out-of-State,Part-Time,FALSE,34,31,120,2.71,2.67,Good Standing,Fall 2033,1,0,2,33940
CID-922517,Kiara,Martin,Kiara Martin,Fall 2022,First-Time Freshman,Computer Science,Software Engineering,Not Applicable,Not Applicable,Senior,In-State,Full-Time,FALSE,11,135,120,3.43,3.48,Good Standing,Spring 2027,3,0,3,42710
CID-666746,Hannah,Wood,Hannah Wood,Fall 2022,First-Time Freshman,Information Systems,Software Development,Not Applicable,Not Applicable,Sophomore,In-State,Part-Time,FALSE,31,55,120,2.49,2.67,Good Standing,Fall 2031,0,0,4,33240
CID-266365,Fatima,Hughes,Fatima Hughes,Fall 2025,First-Time Freshman,Computer Science,Artificial Intelligence,Not Applicable,Not Applicable,Freshman,Out-of-State,Full-Time,TRUE,12,26,120,2.69,2.50,Good Standing,Spring 2030,1,0,2,14180
CID-238089,Mei,Lopez,Mei Lopez,Fall 2025,Transfer,Computer Science,General,Not Applicable,Not Applicable,Junior,In-State,Full-Time,FALSE,4,86,120,2.61,2.54,Good Standing,Spring 2028,0,1,1,6020
CID-535043,Joseph,Wood,Joseph Wood,Fall 2026,Transfer,Computer Science,Software Engineering,Not Applicable,Entrepreneurship,Sophomore,In-State,Full-Time,FALSE,3,35,120,Not Applicable,Not Applicable,Good Standing,Spring 2030,0,0,3,0
CID-494968,Rania,Roberts,Rania Roberts,Fall 2026,Transfer,Information Systems,General,Not Applicable,Cybersecurity,Sophomore,In-State,Full-Time,FALSE,11,49,120,Not Applicable,Not Applicable,Good Standing,Spring 2029,0,1,2,0
CID-794047,Samir,Anderson,Samir Anderson,Fall 2026,First-Time Freshman,Information Systems,Cybersecurity Management,Not Applicable,Not Applicable,Freshman,Out-of-State,Full-Time,TRUE,10,0,120,Not Applicable,Not Applicable,Good Standing,Spring 2031,0,0,1,0
CID-571249,Michael,Anderson,Michael Anderson,Fall 2026,First-Time Freshman,Computer Science,General,Not Applicable,Business Administration,Freshman,In-State,Full-Time,TRUE,0,0,120,Not Applicable,Not Applicable,Good Standing,Spring 2031,0,0,1,0
CID-591650,Anika,Martinez,Anika Martinez,Fall 2023,First-Time Freshman,Computer Science,Cybersecurity,Not Applicable,Not Applicable,Junior,In-State,Full-Time,TRUE,11,72,120,2.19,2.25,Good Standing,Fall 2028,1,0,1,24490
CID-574081,Julia,King,Julia King,Fall 2024,Transfer,Computer Science,Artificial Intelligence,Not Applicable,Not Applicable,Senior,In-State,Full-Time,TRUE,16,114,120,3.36,3.34,Good Standing,Spring 2027,0,0,1,7670
CID-478336,Emma,Wright,Emma Wright,Fall 2023,First-Time Freshman,Information Systems,Software Development,Not Applicable,Not Applicable,Junior,In-State,Full-Time,FALSE,6,85,120,2.98,3.11,Good Standing,Spring 2028,1,2,6,41750
CID-194135,Jordan,Williams,Jordan Williams,Fall 2024,First-Time Freshman,Computer Science,Software Engineering,Not Applicable,Not Applicable,Junior,Out-of-State,Full-Time,TRUE,18,60,120,3.22,3.25,Good Standing,Spring 2029,1,1,0,34070
CID-508823,Jordan,Kelly,Jordan Kelly,Fall 2025,First-Time Freshman,Computer Science,Data Science,Not Applicable,Business Administration,Sophomore,In-State,Full-Time,FALSE,3,30,120,3.00,3.00,Good Standing,Spring 2030,0,0,2,12290
CID-905854,Isabella,Wong,Isabella Wong,Fall 2023,First-Time Freshman,Computer Science,General,Not Applicable,Not Applicable,Junior,In-State,Full-Time,FALSE,6,79,120,2.61,2.55,Good Standing,Spring 2028,1,0,1,27280
CID-246316,Lucas,Lopez,Lucas Lopez,Fall 2023,First-Time Freshman,Computer Science,General,Not Applicable,Not Applicable,Senior,In-State,Full-Time,TRUE,16,91,120,2.96,2.91,Good Standing,Fall 2027,2,0,1,26220
CID-778052,Nia,Adebayo,Nia Adebayo,Fall 2023,Transfer,Information Systems,Business Analytics,Not Applicable,Not Applicable,Senior,In-State,Full-Time,FALSE,3,122,120,2.66,2.61,Good Standing,Spring 2027,0,0,2,19510
CID-216478,Ibrahim,Thomas,Ibrahim Thomas,Fall 2023,First-Time Freshman,Computer Science,Cybersecurity,Not Applicable,Not Applicable,Freshman,In-State,Part-Time,FALSE,33,24,120,2.25,2.25,Good Standing,Spring 2034,0,0,2,19250
CID-511009,Fatima,Ochoa,Fatima Ochoa,Fall 2024,First-Time Freshman,Information Systems,Business Analytics,Not Applicable,Not Applicable,Sophomore,In-State,Part-Time,FALSE,22,37,120,3.41,3.50,Good Standing,Spring 2033,1,2,6,16850
CID-465609,Amir,Bell,Amir Bell,Fall 2024,First-Time Freshman,Information Systems,Software Development,Not Applicable,Data Science,Sophomore,Out-of-State,Full-Time,TRUE,11,50,120,2.36,2.00,Good Standing,Spring 2029,1,0,4,40220
CID-901098,Zara,Harris,Zara Harris,Fall 2025,Transfer,Computer Science,Data Science,Not Applicable,Not Applicable,Junior,In-State,Full-Time,TRUE,18,69,120,2.61,3.00,Good Standing,Fall 2028,0,0,0,4800
CID-303430,Caleb,Gomez,Caleb Gomez,Fall 2024,Transfer,Computer Science,General,Not Applicable,Not Applicable,Senior,In-State,Full-Time,FALSE,12,98,120,3.15,3.17,Good Standing,Fall 2027,0,1,3,13010
CID-369859,Jacob,Murphy,Jacob Murphy,Fall 2024,Transfer,Information Systems,Software Development,Not Applicable,Mathematics,Senior,In-State,Part-Time,FALSE,10,93,120,2.91,2.75,Good Standing,Fall 2028,1,0,5,7520
CID-712682,Aiden,Davis,Aiden Davis,Fall 2025,First-Time Freshman,Computer Science,Artificial Intelligence,Not Applicable,Political Science,Freshman,In-State,Full-Time,FALSE,12,26,120,2.38,2.50,Good Standing,Spring 2030,0,0,4,11000
CID-368690,Kayla,Watson,Kayla Watson,Fall 2025,First-Time Freshman,Computer Science,Data Science,Not Applicable,Not Applicable,Sophomore,Out-of-State,Full-Time,FALSE,9,30,120,3.10,3.50,Good Standing,Spring 2030,1,1,3,17180
CID-632332,Layla,Gomez,Layla Gomez,Fall 2024,First-Time Freshman,Information Systems,General,Not Applicable,Health Administration,Sophomore,In-State,Full-Time,FALSE,22,46,120,2.39,3.00,Good Standing,Fall 2029,0,0,2,20540
CID-860778,Yara,Patel,Yara Patel,Fall 2025,Transfer,Information Systems,Cybersecurity Management,Not Applicable,Not Applicable,Junior,In-State,Full-Time,FALSE,6,81,120,3.00,2.71,Good Standing,Spring 2028,1,1,2,6730
CID-535092,Ethan,Baker,Ethan Baker,Fall 2025,Transfer,Computer Science,Artificial Intelligence,Not Applicable,Philosophy,Senior,In-State,Full-Time,FALSE,12,91,120,3.21,3.46,Good Standing,Fall 2027,0,0,3,6770
CID-339406,Joseph,Jones,Joseph Jones,Fall 2022,First-Time Freshman,Computer Science,Artificial Intelligence,Not Applicable,Not Applicable,Senior,In-State,Full-Time,TRUE,16,123,120,2.99,2.90,Good Standing,Spring 2027,1,0,2,37150
CID-188106,Wei,Wright,Wei Wright,Fall 2026,First-Time Freshman,Computer Science,Data Science,Not Applicable,Not Applicable,Freshman,Out-of-State,Full-Time,TRUE,13,0,120,Not Applicable,Not Applicable,Good Standing,Spring 2031,0,1,1,0
CID-908803,Joseph,Ibrahim,Joseph Ibrahim,Fall 2026,First-Time Freshman,Information Systems,Cybersecurity Management,Not Applicable,Not Applicable,Freshman,In-State,Full-Time,FALSE,24,0,120,Not Applicable,Not Applicable,Good Standing,Spring 2031,0,0,2,0
CID-600340,Julia,Reyes,Julia Reyes,Fall 2025,First-Time Freshman,Information Systems,Business Analytics,Not Applicable,Not Applicable,Sophomore,In-State,Full-Time,FALSE,6,32,120,3.81,4.00,Good Standing,Spring 2030,1,0,2,9890
CID-290098,Jacob,Ellis,Jacob Ellis,Fall 2025,Transfer,Computer Science,Data Science,Not Applicable,Economics,Junior,In-State,Full-Time,FALSE,4,84,120,3.86,4.00,Good Standing,Spring 2028,1,0,0,4620
CID-602473,Kwame,Sanchez,Kwame Sanchez,Fall 2023,First-Time Freshman,Information Systems,Health Information Technology,Not Applicable,Not Applicable,Senior,In-State,Full-Time,FALSE,0,94,120,3.61,3.73,Good Standing,Fall 2027,0,0,1,34120
CID-655364,Nora,Adebayo,Nora Adebayo,Fall 2024,Transfer,Information Systems,Software Development,Not Applicable,Not Applicable,Junior,In-State,Full-Time,TRUE,11,80,120,2.36,2.50,Good Standing,Spring 2028,0,0,2,8920
CID-767652,Elena,Brooks,Elena Brooks,Fall 2023,First-Time Freshman,Information Systems,Software Development,Not Applicable,Not Applicable,Senior,Out-of-State,Full-Time,FALSE,11,95,120,3.17,3.07,Good Standing,Fall 2027,1,0,0,82130
CID-120825,Caleb,Anderson,Caleb Anderson,Fall 2023,First-Time Freshman,Computer Science,General,Not Applicable,Not Applicable,Sophomore,In-State,Part-Time,FALSE,23,48,120,2.38,2.58,Good Standing,Spring 2032,1,1,1,26490
CID-765189,Nia,Carter,Nia Carter,Fall 2024,First-Time Freshman,Information Systems,Business Analytics,Not Applicable,Not Applicable,Junior,In-State,Full-Time,FALSE,0,63,120,2.94,3.00,Good Standing,Fall 2028,1,0,1,25120
CID-211823,Caleb,Bell,Caleb Bell,Fall 2023,First-Time Freshman,Information Systems,Cybersecurity Management,Not Applicable,Not Applicable,Senior,In-State,Full-Time,FALSE,14,92,120,3.34,3.33,Good Standing,Fall 2027,1,0,3,37570
CID-343766,William,Garcia,William Garcia,Fall 2025,Transfer,Information Systems,Software Development,Not Applicable,Not Applicable,Junior,In-State,Full-Time,TRUE,3,79,120,2.81,2.83,Good Standing,Spring 2028,0,0,4,5120
CID-613912,Samir,Cruz,Samir Cruz,Fall 2023,Transfer,Computer Science,Cybersecurity,Not Applicable,Data Science,Senior,In-State,Full-Time,FALSE,9,142,120,3.35,3.31,Good Standing,Spring 2027,2,2,3,12550
CID-317397,Fatima,Brown,Fatima Brown,Fall 2025,First-Time Freshman,Information Systems,Cybersecurity Management,Not Applicable,Not Applicable,Freshman,In-State,Full-Time,FALSE,8,29,120,3.00,3.00,Good Standing,Spring 2030,1,1,1,13350
CID-281992,Bianca,Clark,Bianca Clark,Fall 2026,Transfer,Computer Science,Artificial Intelligence,Not Applicable,Not Applicable,Sophomore,In-State,Full-Time,FALSE,4,43,120,Not Applicable,Not Applicable,Good Standing,Fall 2029,0,0,0,0
CID-353935,Amir,Ibrahim,Amir Ibrahim,Fall 2022,First-Time Freshman,Computer Science,General,Not Applicable,Not Applicable,Senior,In-State,Full-Time,FALSE,21,119,120,2.88,2.94,Good Standing,Spring 2027,2,1,2,48820
CID-167158,Alina,Rogers,Alina Rogers,Fall 2024,Transfer,Information Systems,Business Analytics,Not Applicable,Not Applicable,Senior,In-State,Full-Time,TRUE,12,109,120,2.83,2.86,Good Standing,Spring 2027,0,0,2,10990
CID-449005,Grace,Ochoa,Grace Ochoa,Fall 2025,First-Time Freshman,Computer Science,Artificial Intelligence,Not Applicable,Not Applicable,Freshman,Out-of-State,Full-Time,FALSE,12,22,120,2.32,2.50,Good Standing,Fall 2030,1,2,2,28390
CID-190436,Amir,Singh,Amir Singh,Fall 2026,Transfer,Information Systems,Health Information Technology,Not Applicable,Not Applicable,Sophomore,Out-of-State,Full-Time,FALSE,6,50,120,Not Applicable,Not Applicable,Good Standing,Spring 2029,0,0,2,0
CID-991072,Joseph,Bell,Joseph Bell,Fall 2023,First-Time Freshman,Computer Science,Cybersecurity,Not Applicable,Not Applicable,Junior,In-State,Full-Time,FALSE,17,78,120,2.67,2.40,Good Standing,Spring 2028,0,0,1,33730
CID-140246,Jada,Moore,Jada Moore,Fall 2024,First-Time Freshman,Computer Science,Software Engineering,Not Applicable,Not Applicable,Sophomore,In-State,Full-Time,FALSE,1,52,120,3.31,3.54,Good Standing,Spring 2029,1,0,1,20430
CID-217400,Elijah,Martin,Elijah Martin,Fall 2024,First-Time Freshman,Computer Science,Data Science,Not Applicable,Not Applicable,Sophomore,Out-of-State,Full-Time,FALSE,5,54,120,3.02,3.00,Good Standing,Spring 2029,1,1,6,48600
CID-749687,Grace,Hughes,Grace Hughes,Fall 2025,First-Time Freshman,Computer Science,Artificial Intelligence,Not Applicable,Not Applicable,Sophomore,In-State,Full-Time,FALSE,9,30,120,3.13,3.50,Good Standing,Spring 2030,1,0,1,9760
CID-404579,Yara,Rogers,Yara Rogers,Fall 2024,First-Time Freshman,Information Systems,Business Analytics,Not Applicable,Not Applicable,Junior,In-State,Full-Time,TRUE,17,69,120,3.45,3.33,Good Standing,Fall 2028,0,0,1,23090
CID-545800,Daniela,Owens,Daniela Owens,Fall 2024,First-Time Freshman,Computer Science,General,Not Applicable,Not Applicable,Sophomore,In-State,Full-Time,FALSE,9,57,120,2.51,2.42,Good Standing,Spring 2029,0,0,2,24040
CID-623503,Kwame,Morales,Kwame Morales,Fall 2025,Transfer,Computer Science,Data Science,Not Applicable,Not Applicable,Junior,In-State,Full-Time,FALSE,3,60,120,3.85,4.00,Good Standing,Spring 2029,1,0,2,5060
CID-615169,Olivia,Cruz,Olivia Cruz,Fall 2023,First-Time Freshman,Computer Science,Data Science,Not Applicable,Not Applicable,Senior,In-State,Full-Time,TRUE,6,104,120,3.23,3.06,Good Standing,Spring 2027,1,0,2,34710
CID-854202,Hannah,Wright,Hannah Wright,Fall 2023,First-Time Freshman,Information Systems,Business Analytics,Not Applicable,Not Applicable,Senior,In-State,Full-Time,TRUE,16,90,120,3.60,3.64,Good Standing,Fall 2027,1,0,3,24000
CID-266199,Mohammed,Hill,Mohammed Hill,Fall 2022,First-Time Freshman,Computer Science,Software Engineering,Not Applicable,Not Applicable,Senior,In-State,Full-Time,FALSE,7,113,120,2.78,2.75,Good Standing,Spring 2027,1,0,1,51260
CID-231030,Isabella,Harris,Isabella Harris,Fall 2024,Transfer,Computer Science,Data Science,Not Applicable,Health Administration,Senior,In-State,Full-Time,FALSE,17,114,120,2.85,2.79,Good Standing,Spring 2027,1,2,5,15440
CID-650742,Ansel,Flores,Ansel Flores,Fall 2023,First-Time Freshman,Computer Science,Software Engineering,Not Applicable,Not Applicable,Junior,In-State,Full-Time,TRUE,20,82,120,2.13,2.10,Good Standing,Spring 2028,0,2,2,26660
CID-796367,Yusuf,Reed,Yusuf Reed,Fall 2025,Transfer,Computer Science,General,Not Applicable,Not Applicable,Senior,In-State,Full-Time,FALSE,10,99,120,3.21,2.75,Good Standing,Fall 2027,1,2,3,6960
CID-217823,Aaliyah,Davis,Aaliyah Davis,Fall 2025,First-Time Freshman,Computer Science,Data Science,Not Applicable,Not Applicable,Sophomore,In-State,Full-Time,FALSE,5,35,120,3.09,3.50,Good Standing,Spring 2030,0,2,3,16900
CID-608477,Kiara,Davis,Kiara Davis,Fall 2022,First-Time Freshman,Computer Science,Cybersecurity,Not Applicable,Not Applicable,Senior,Out-of-State,Full-Time,FALSE,0,123,120,3.84,3.72,Good Standing,Spring 2027,2,0,3,55900
CID-480875,Nia,Edwards,Nia Edwards,Fall 2026,Transfer,Computer Science,General,Not Applicable,Not Applicable,Sophomore,In-State,Full-Time,FALSE,4,40,120,Not Applicable,Not Applicable,Good Standing,Fall 2029,0,0,5,0
CID-987701,Maya,Anderson,Maya Anderson,Fall 2023,First-Time Freshman,Computer Science,Software Engineering,Not Applicable,Physics,Junior,In-State,Full-Time,FALSE,5,80,120,2.50,2.33,Good Standing,Spring 2028,1,0,4,37080
CID-635875,Nora,Wang,Nora Wang,Fall 2026,First-Time Freshman,Computer Science,Software Engineering,Not Applicable,Not Applicable,Freshman,Out-of-State,Full-Time,FALSE,12,0,120,Not Applicable,Not Applicable,Good Standing,Spring 2031,0,1,3,0
CID-666857,Thomas,Rogers,Thomas Rogers,Fall 2026,First-Time Freshman,Computer Science,Data Science,Not Applicable,Not Applicable,Freshman,Out-of-State,Full-Time,FALSE,26,0,120,Not Applicable,Not Applicable,Good Standing,Spring 2031,0,3,2,0
CID-974880,Alina,Sanchez,Alina Sanchez,Fall 2023,First-Time Freshman,Computer Science,Artificial Intelligence,Not Applicable,Cybersecurity,Junior,Out-of-State,Full-Time,TRUE,11,88,120,2.65,2.57,Good Standing,Fall 2027,0,0,1,52300
CID-820268,Mohammed,Rogers,Mohammed Rogers,Fall 2025,First-Time Freshman,Information Systems,Business Analytics,Not Applicable,Not Applicable,Freshman,In-State,Full-Time,FALSE,3,26,120,2.15,2.00,Good Standing,Spring 2030,0,0,3,11740
CID-270217,Sofia,Mitchell,Sofia Mitchell,Fall 2024,First-Time Freshman,Information Systems,General,Not Applicable,Not Applicable,Junior,Out-of-State,Full-Time,FALSE,9,69,120,3.35,3.57,Good Standing,Fall 2028,0,0,1,48730
CID-587269,Maya,Carter,Maya Carter,Fall 2025,First-Time Freshman,Computer Science,General,Not Applicable,Cybersecurity,Freshman,In-State,Full-Time,FALSE,9,25,120,2.84,3.00,Good Standing,Spring 2030,1,2,2,12580
CID-336594,Jordan,Jones,Jordan Jones,Fall 2022,First-Time Freshman,Computer Science,Software Engineering,Not Applicable,Not Applicable,Senior,Out-of-State,Full-Time,TRUE,6,132,120,3.61,3.55,Good Standing,Spring 2027,1,3,4,63990
CID-605646,Anaya,Ellis,Anaya Ellis,Fall 2026,First-Time Freshman,Information Systems,Health Information Technology,Not Applicable,Not Applicable,Freshman,In-State,Full-Time,TRUE,8,0,120,Not Applicable,Not Applicable,Good Standing,Spring 2031,0,0,3,0
CID-713406,Nora,Powell,Nora Powell,Fall 2025,First-Time Freshman,Computer Science,Software Engineering,Not Applicable,Not Applicable,Sophomore,In-State,Full-Time,FALSE,1,39,120,3.28,3.73,Good Standing,Fall 2029,1,0,1,15160
CID-894262,Sebastian,Peterson,Sebastian Peterson,Fall 2025,Transfer,Computer Science,Cybersecurity,Not Applicable,Not Applicable,Junior,In-State,Full-Time,FALSE,6,71,120,3.14,3.31,Good Standing,Fall 2028,1,0,0,6040
CID-840535,Nia,Park,Nia Park,Fall 2025,Transfer,Information Systems,Cybersecurity Management,Not Applicable,Not Applicable,Junior,In-State,Full-Time,FALSE,6,79,120,3.43,3.40,Good Standing,Spring 2028,1,0,4,6080
CID-224201,Camila,Phillips,Camila Phillips,Fall 2024,Transfer,Computer Science,Data Science,Not Applicable,Not Applicable,Senior,Out-of-State,Full-Time,TRUE,11,94,120,3.37,3.12,Good Standing,Fall 2027,1,0,3,15380
CID-504335,Luna,Coleman,Luna Coleman,Fall 2025,First-Time Freshman,Information Systems,Business Analytics,Not Applicable,Not Applicable,Sophomore,Out-of-State,Full-Time,FALSE,3,37,120,3.11,3.50,Good Standing,Fall 2029,0,2,2,27450
CID-665558,Nadia,Ward,Nadia Ward,Fall 2025,First-Time Freshman,Computer Science,Data Science,Not Applicable,Not Applicable,Freshman,In-State,Part-Time,FALSE,22,14,120,2.00,2.00,Good Standing,Fall 2034,0,0,2,7090
CID-724689,Zoe,Sanchez,Zoe Sanchez,Fall 2025,First-Time Freshman,Computer Science,Cybersecurity,Not Applicable,Not Applicable,Sophomore,Out-of-State,Full-Time,FALSE,6,32,120,3.34,4.00,Good Standing,Spring 2030,1,2,5,29580
CID-812700,Chidi,Oliveira,Chidi Oliveira,Fall 2023,First-Time Freshman,Information Systems,General,Not Applicable,Not Applicable,Junior,In-State,Full-Time,FALSE,0,82,120,3.10,3.55,Good Standing,Spring 2028,1,1,3,30060
CID-454759,Alina,Brooks,Alina Brooks,Fall 2023,First-Time Freshman,Information Systems,Health Information Technology,Not Applicable,Not Applicable,Junior,Out-of-State,Full-Time,FALSE,6,87,120,3.32,3.33,Good Standing,Spring 2028,2,0,3,77110
CID-132499,Caleb,Evans,Caleb Evans,Fall 2026,First-Time Freshman,Information Systems,General,Not Applicable,Not Applicable,Freshman,In-State,Full-Time,FALSE,6,0,120,Not Applicable,Not Applicable,Good Standing,Spring 2031,0,0,1,0
CID-320448,Daniel,Clark,Daniel Clark,Fall 2026,First-Time Freshman,Information Systems,Cybersecurity Management,Not Applicable,Not Applicable,Freshman,In-State,Full-Time,FALSE,11,0,120,Not Applicable,Not Applicable,Good Standing,Spring 2031,0,0,0,0
CID-787264,Isabella,Baker,Isabella Baker,Fall 2025,Transfer,Computer Science,Software Engineering,Not Applicable,Not Applicable,Junior,In-State,Full-Time,FALSE,10,66,120,3.03,3.50,Good Standing,Fall 2028,1,3,6,5650
CID-586510,Kwame,Foster,Kwame Foster,Fall 2026,Transfer,Computer Science,General,Not Applicable,Not Applicable,Sophomore,In-State,Full-Time,FALSE,1,45,120,Not Applicable,Not Applicable,Good Standing,Fall 2029,0,0,2,0
CID-330754,Luna,Williams,Luna Williams,Fall 2026,Transfer,Information Systems,Cybersecurity Management,Not Applicable,Not Applicable,Sophomore,In-State,Full-Time,TRUE,10,41,120,Not Applicable,Not Applicable,Good Standing,Fall 2029,0,3,2,0
CID-340419,Luna,Liu,Luna Liu,Fall 2023,First-Time Freshman,Computer Science,General,Not Applicable,Not Applicable,Senior,Out-of-State,Full-Time,FALSE,8,94,120,2.66,2.59,Good Standing,Fall 2027,1,0,3,75040
CID-767755,Thomas,Gupta,Thomas Gupta,Fall 2023,First-Time Freshman,Computer Science,Software Engineering,Not Applicable,Not Applicable,Junior,In-State,Full-Time,TRUE,7,82,120,3.10,2.73,Good Standing,Spring 2028,1,0,4,24330
CID-450813,Camila,Huang,Camila Huang,Fall 2025,First-Time Freshman,Computer Science,Cybersecurity,Not Applicable,Data Science,Freshman,In-State,Full-Time,FALSE,11,29,120,2.90,3.00,Good Standing,Spring 2030,1,0,6,13020
CID-693835,Benjamin,Okafor,Benjamin Okafor,Fall 2022,First-Time Freshman,Computer Science,Software Engineering,Not Applicable,Not Applicable,Senior,In-State,Full-Time,FALSE,13,123,120,2.82,2.74,Good Standing,Spring 2027,1,1,2,35680
CID-644512,Amir,Flores,Amir Flores,Fall 2024,First-Time Freshman,Computer Science,Cybersecurity,Not Applicable,Political Science,Sophomore,In-State,Full-Time,FALSE,5,48,120,2.16,2.33,Good Standing,Fall 2029,1,1,0,20170
CID-492548,Nathan,Sullivan,Nathan Sullivan,Fall 2025,First-Time Freshman,Computer Science,Data Science,Not Applicable,Mathematics,Sophomore,Out-of-State,Full-Time,FALSE,12,38,120,3.08,3.64,Good Standing,Fall 2029,0,0,2,30380
CID-858913,Ryan,Cooper,Ryan Cooper,Fall 2025,First-Time Freshman,Information Systems,General,Not Applicable,Not Applicable,Sophomore,In-State,Full-Time,FALSE,1,32,120,3.28,4.00,Good Standing,Spring 2030,0,0,0,16040
CID-894420,Camila,Wright,Camila Wright,Fall 2025,First-Time Freshman,Information Systems,Business Analytics,Not Applicable,Data Science,Freshman,In-State,Full-Time,FALSE,11,29,120,3.41,3.00,Good Standing,Spring 2030,1,1,2,13190
CID-279122,Khalil,Wood,Khalil Wood,Fall 2024,First-Time Freshman,Computer Science,Software Engineering,Not Applicable,Economics,Sophomore,In-State,Full-Time,TRUE,8,46,120,2.61,2.71,Good Standing,Fall 2029,1,0,1,17990
CID-670732,Ryan,Silva,Ryan Silva,Fall 2026,First-Time Freshman,Computer Science,Data Science,Not Applicable,Not Applicable,Freshman,In-State,Full-Time,FALSE,1,0,120,Not Applicable,Not Applicable,Good Standing,Spring 2031,0,0,5,0
CID-592144,Zoe,Coleman,Zoe Coleman,Fall 2022,First-Time Freshman,Computer Science,Artificial Intelligence,Not Applicable,Not Applicable,Senior,In-State,Full-Time,FALSE,11,116,120,2.81,2.60,Good Standing,Spring 2027,0,0,2,45180
CID-609409,Emma,Powell,Emma Powell,Fall 2024,Transfer,Information Systems,Business Analytics,Statistics,Political Science,Senior,In-State,Full-Time,FALSE,14,95,120,3.04,2.90,Good Standing,Fall 2027,0,2,3,12080
CID-392163,Noah,Nwosu,Noah Nwosu,Fall 2023,First-Time Freshman,Computer Science,Cybersecurity,Not Applicable,Not Applicable,Junior,In-State,Full-Time,FALSE,8,85,120,2.93,3.10,Good Standing,Spring 2028,0,0,6,40020
CID-764842,William,Peterson,William Peterson,Fall 2026,Transfer,Information Systems,Cybersecurity Management,Not Applicable,Not Applicable,Junior,In-State,Full-Time,TRUE,4,62,120,Not Applicable,Not Applicable,Good Standing,Fall 2028,0,0,4,0
CID-705619,Bianca,White,Bianca White,Fall 2026,First-Time Freshman,Computer Science,Data Science,Not Applicable,Not Applicable,Freshman,In-State,Full-Time,FALSE,1,0,120,Not Applicable,Not Applicable,Good Standing,Spring 2031,0,0,2,0
CID-111057,Zara,Price,Zara Price,Fall 2024,First-Time Freshman,Information Systems,Business Analytics,Statistics,Entrepreneurship,Sophomore,In-State,Full-Time,FALSE,4,59,120,3.61,3.67,Good Standing,Spring 2029,1,0,1,20420
CID-226455,Kwame,Ellis,Kwame Ellis,Fall 2023,First-Time Freshman,Computer Science,General,Not Applicable,Not Applicable,Senior,Out-of-State,Full-Time,FALSE,2,92,120,3.79,3.86,Good Standing,Fall 2027,1,2,2,54980
CID-678942,Mohammed,Nwosu,Mohammed Nwosu,Fall 2025,Transfer,Computer Science,Data Science,Not Applicable,Not Applicable,Junior,In-State,Full-Time,FALSE,6,88,120,2.21,2.21,Good Standing,Fall 2027,0,0,1,8210
CID-108982,Samir,Phillips,Samir Phillips,Fall 2023,First-Time Freshman,Information Systems,Health Information Technology,Not Applicable,Not Applicable,Junior,In-State,Full-Time,TRUE,21,83,120,2.90,3.40,Good Standing,Spring 2028,0,0,2,25630
CID-210587,Amir,Perez,Amir Perez,Fall 2025,Transfer,Computer Science,General,Not Applicable,Not Applicable,Junior,In-State,Full-Time,FALSE,7,68,120,2.24,1.90,Good Standing,Fall 2028,0,0,2,5590
CID-451386,Nicholas,Ward,Nicholas Ward,Fall 2023,First-Time Freshman,Computer Science,General,Not Applicable,Physics,Senior,In-State,Full-Time,TRUE,10,94,120,3.31,3.38,Good Standing,Fall 2027,2,2,3,23050
CID-178138,Elena,Patel,Elena Patel,Fall 2024,First-Time Freshman,Information Systems,Health Information Technology,Not Applicable,Not Applicable,Junior,In-State,Full-Time,FALSE,8,63,120,2.98,2.40,Good Standing,Fall 2028,0,1,1,23820
CID-436910,Nina,Reed,Nina Reed,Fall 2023,First-Time Freshman,Information Systems,Software Development,Not Applicable,Not Applicable,Junior,In-State,Full-Time,TRUE,3,84,120,3.17,3.30,Good Standing,Spring 2028,1,0,2,24910
CID-303281,Olivia,Price,Olivia Price,Fall 2023,First-Time Freshman,Computer Science,General,Not Applicable,Health Administration,Senior,Out-of-State,Full-Time,FALSE,7,107,120,3.29,3.00,Good Standing,Spring 2027,1,2,5,20780
CID-694799,Ravi,Lewis,Ravi Lewis,Fall 2024,Transfer,Information Systems,General,Not Applicable,Health Administration,Senior,In-State,Full-Time,FALSE,5,105,120,3.12,3.08,Good Standing,Spring 2027,0,2,2,13220
CID-911683,Emma,Price,Emma Price,Fall 2026,Transfer,Information Systems,General,Statistics,Not Applicable,Freshman,In-State,Full-Time,FALSE,2,25,120,Not Applicable,Not Applicable,Good Standing,Spring 2030,0,1,4,0
CID-369160,Caleb,Lewis,Caleb Lewis,Fall 2023,First-Time Freshman,Information Systems,Software Development,Not Applicable,Not Applicable,Junior,Out-of-State,Full-Time,TRUE,11,82,120,3.35,3.33,Good Standing,Spring 2028,0,0,4,50950
CID-423792,Elena,Brown,Elena Brown,Fall 2025,First-Time Freshman,Computer Science,Cybersecurity,Not Applicable,Entrepreneurship,Freshman,In-State,Full-Time,FALSE,8,29,120,2.59,2.00,Good Standing,Spring 2030,1,0,2,11450
CID-188833,Tobias,Hall,Tobias Hall,Fall 2025,First-Time Freshman,Computer Science,General,Not Applicable,Not Applicable,Freshman,In-State,Full-Time,FALSE,13,29,120,2.10,2.00,Good Standing,Spring 2030,0,0,2,11220
CID-221866,Emma,Cruz,Emma Cruz,Fall 2025,First-Time Freshman,Information Systems,General,Not Applicable,Not Applicable,Sophomore,In-State,Full-Time,FALSE,9,31,120,3.39,3.67,Good Standing,Spring 2030,1,0,3,14230
CID-361652,Anaya,White,Anaya White,Fall 2026,First-Time Freshman,Computer Science,General,Not Applicable,Not Applicable,Freshman,Out-of-State,Full-Time,TRUE,15,0,120,Not Applicable,Not Applicable,Good Standing,Spring 2031,0,1,1,0
CID-975714,Jing,Turner,Jing Turner,Fall 2024,First-Time Freshman,Computer Science,General,Not Applicable,Not Applicable,Sophomore,In-State,Full-Time,FALSE,18,54,120,3.46,3.50,Good Standing,Spring 2029,0,0,1,18540
CID-921975,Priya,Bell,Priya Bell,Fall 2026,First-Time Freshman,Computer Science,General,Not Applicable,Not Applicable,Freshman,Out-of-State,Full-Time,FALSE,5,0,120,Not Applicable,Not Applicable,Good Standing,Spring 2031,0,2,4,0
CID-505669,Victor,Liu,Victor Liu,Fall 2026,First-Time Freshman,Computer Science,Cybersecurity,Not Applicable,Not Applicable,Freshman,In-State,Full-Time,TRUE,18,0,120,Not Applicable,Not Applicable,Good Standing,Spring 2031,0,0,2,0
CID-562907,Emma,Okafor,Emma Okafor,Fall 2023,First-Time Freshman,Computer Science,General,Not Applicable,Psychology,Junior,Out-of-State,Full-Time,TRUE,7,70,120,1.89,1.95,Academic Warning,Fall 2028,0,2,3,55480
CID-253705,Bianca,Carter,Bianca Carter,Fall 2025,Transfer,Information Systems,Business Analytics,Not Applicable,Not Applicable,Junior,In-State,Full-Time,FALSE,10,78,120,2.86,3.17,Good Standing,Spring 2028,0,0,3,5830
CID-233908,David,Lopez,David Lopez,Fall 2025,Transfer,Computer Science,Cybersecurity,Not Applicable,Not Applicable,Junior,In-State,Full-Time,FALSE,6,71,120,2.52,1.90,Good Standing,Fall 2028,0,1,2,6920
CID-523552,Aaliyah,Powell,Aaliyah Powell,Fall 2025,Transfer,Information Systems,Business Analytics,Not Applicable,Not Applicable,Junior,In-State,Part-Time,FALSE,20,76,120,2.20,2.00,Good Standing,Spring 2030,0,0,5,3650
CID-143785,Jordan,Hill,Jordan Hill,Fall 2025,Transfer,Computer Science,Cybersecurity,Not Applicable,Not Applicable,Senior,In-State,Full-Time,FALSE,8,90,120,3.15,2.82,Good Standing,Fall 2027,1,0,3,8420
CID-577798,Hiroshi,Sanchez,Hiroshi Sanchez,Fall 2024,First-Time Freshman,Computer Science,General,Not Applicable,Not Applicable,Sophomore,Out-of-State,Part-Time,FALSE,19,36,120,2.86,2.94,Good Standing,Spring 2033,0,2,4,24130
CID-254806,Kevin,Mitchell,Kevin Mitchell,Fall 2023,First-Time Freshman,Computer Science,Software Engineering,Not Applicable,Not Applicable,Sophomore,In-State,Part-Time,TRUE,39,35,120,2.31,2.79,Good Standing,Spring 2033,1,0,2,14990
CID-786043,Ethan,Cruz,Ethan Cruz,Fall 2026,First-Time Freshman,Information Systems,Health Information Technology,Computer Science,Economics,Freshman,Out-of-State,Full-Time,FALSE,6,0,120,Not Applicable,Not Applicable,Good Standing,Spring 2031,0,2,2,0
CID-194744,Olivia,Harris,Olivia Harris,Fall 2026,First-Time Freshman,Information Systems,Business Analytics,Not Applicable,Mathematics,Freshman,Out-of-State,Full-Time,FALSE,13,0,120,Not Applicable,Not Applicable,Good Standing,Spring 2031,0,2,5,0
CID-879790,Ansel,Murphy,Ansel Murphy,Fall 2026,Transfer,Information Systems,General,Not Applicable,Entrepreneurship,Sophomore,In-State,Part-Time,TRUE,18,50,120,Not Applicable,Not Applicable,Good Standing,Spring 2032,0,2,2,0
CID-244431,Ryan,Okafor,Ryan Okafor,Fall 2025,First-Time Freshman,Information Systems,Business Analytics,Not Applicable,Not Applicable,Freshman,In-State,Full-Time,TRUE,11,22,120,2.41,2.00,Good Standing,Fall 2030,0,0,4,6510
CID-542446,Joseph,Clark,Joseph Clark,Fall 2022,First-Time Freshman,Computer Science,Data Science,Not Applicable,Not Applicable,Senior,In-State,Full-Time,FALSE,6,117,120,3.29,3.27,Good Standing,Spring 2027,0,0,3,39660
CID-308729,Ibrahim,Cooper,Ibrahim Cooper,Fall 2025,Transfer,Computer Science,Software Engineering,Not Applicable,Philosophy,Junior,In-State,Full-Time,FALSE,8,74,120,2.50,2.70,Good Standing,Fall 2028,0,0,1,7500
CID-852592,Bianca,Kaur,Bianca Kaur,Fall 2026,First-Time Freshman,Computer Science,General,Not Applicable,Not Applicable,Freshman,In-State,Full-Time,FALSE,3,0,120,Not Applicable,Not Applicable,Good Standing,Spring 2031,0,1,1,0
CID-731479,Layla,Lopez,Layla Lopez,Fall 2023,First-Time Freshman,Information Systems,Business Analytics,Not Applicable,Statistics,Junior,In-State,Full-Time,FALSE,0,77,120,2.71,2.89,Good Standing,Spring 2028,1,0,2,32530
CID-164353,Jacob,Baker,Jacob Baker,Fall 2025,Transfer,Computer Science,Cybersecurity,Not Applicable,Not Applicable,Junior,In-State,Full-Time,FALSE,11,76,120,2.50,2.30,Good Standing,Spring 2028,1,0,0,6790
CID-273439,Zara,Thompson,Zara Thompson,Fall 2024,First-Time Freshman,Information Systems,Cybersecurity Management,Not Applicable,Philosophy,Sophomore,Out-of-State,Part-Time,FALSE,21,40,120,2.85,3.00,Good Standing,Fall 2032,0,0,0,29330
CID-603101,Ryan,Ward,Ryan Ward,Fall 2025,First-Time Freshman,Computer Science,Artificial Intelligence,Not Applicable,Not Applicable,Freshman,In-State,Full-Time,FALSE,6,26,120,1.81,2.00,Academic Warning,Spring 2030,1,2,0,7940
CID-809870,Sofia,Silva,Sofia Silva,Fall 2026,First-Time Freshman,Information Systems,Software Development,Not Applicable,Not Applicable,Freshman,In-State,Part-Time,FALSE,7,0,120,Not Applicable,Not Applicable,Good Standing,Fall 2035,0,0,6,0
CID-735673,Jing,Nguyen,Jing Nguyen,Fall 2025,Transfer,Information Systems,General,Not Applicable,Not Applicable,Junior,In-State,Full-Time,FALSE,6,66,120,3.00,3.00,Good Standing,Fall 2028,1,2,3,6060
CID-630189,Jordan,Murphy,Jordan Murphy,Fall 2026,First-Time Freshman,Computer Science,Software Engineering,Not Applicable,Physics,Freshman,In-State,Full-Time,FALSE,0,0,120,Not Applicable,Not Applicable,Good Standing,Spring 2031,0,3,2,0
CID-309303,Elijah,Sullivan,Elijah Sullivan,Fall 2023,Transfer,Information Systems,Business Analytics,Not Applicable,Not Applicable,Senior,In-State,Full-Time,FALSE,12,119,120,2.74,2.82,Good Standing,Spring 2027,1,0,2,19780
CID-693303,Kai,Campbell,Kai Campbell,Fall 2025,First-Time Freshman,Information Systems,Cybersecurity Management,Not Applicable,Statistics,Freshman,In-State,Full-Time,FALSE,24,26,120,2.00,1.00,Good Standing,Spring 2030,0,0,1,7550
CID-695642,Nia,Wong,Nia Wong,Fall 2026,First-Time Freshman,Information Systems,Health Information Technology,Not Applicable,Not Applicable,Freshman,In-State,Full-Time,FALSE,7,0,120,Not Applicable,Not Applicable,Good Standing,Spring 2031,0,1,1,0
CID-717689,Hannah,Carter,Hannah Carter,Fall 2026,First-Time Freshman,Computer Science,Software Engineering,Not Applicable,Political Science,Freshman,Out-of-State,Full-Time,TRUE,15,0,120,Not Applicable,Not Applicable,Good Standing,Spring 2031,0,0,6,0
CID-605360,Mia,Hall,Mia Hall,Fall 2025,First-Time Freshman,Computer Science,General,Not Applicable,Not Applicable,Sophomore,In-State,Full-Time,TRUE,15,30,120,3.10,3.50,Good Standing,Spring 2030,0,3,2,9900
CID-332966,Grace,Tran,Grace Tran,Fall 2026,First-Time Freshman,Information Systems,Health Information Technology,Not Applicable,Not Applicable,Freshman,In-State,Full-Time,FALSE,5,0,120,Not Applicable,Not Applicable,Good Standing,Spring 2031,0,0,2,0
CID-553153,Sofia,Thomas,Sofia Thomas,Fall 2026,First-Time Freshman,Computer Science,Software Engineering,Not Applicable,Not Applicable,Freshman,Out-of-State,Full-Time,FALSE,9,0,120,Not Applicable,Not Applicable,Good Standing,Spring 2031,0,0,2,0
CID-716433,Elena,Garcia,Elena Garcia,Fall 2025,Transfer,Information Systems,General,Not Applicable,Not Applicable,Sophomore,Out-of-State,Part-Time,FALSE,18,51,120,2.56,2.56,Good Standing,Spring 2032,0,0,3,7270
CID-431930,Liam,Okafor,Liam Okafor,Fall 2024,First-Time Freshman,Computer Science,General,Not Applicable,Not Applicable,Sophomore,In-State,Full-Time,FALSE,7,57,120,3.02,3.17,Good Standing,Spring 2029,0,0,1,21340
CID-721164,Sara,Wang,Sara Wang,Fall 2024,Transfer,Computer Science,Software Engineering,Not Applicable,Psychology,Senior,In-State,Full-Time,FALSE,0,93,120,2.68,2.62,Good Standing,Fall 2027,1,2,2,15490
CID-339238,Caleb,Okafor,Caleb Okafor,Fall 2026,First-Time Freshman,Information Systems,Cybersecurity Management,Not Applicable,Cybersecurity,Freshman,Out-of-State,Full-Time,TRUE,2,0,120,Not Applicable,Not Applicable,Good Standing,Spring 2031,0,0,2,0
CID-306297,Ibrahim,Shah,Ibrahim Shah,Fall 2025,First-Time Freshman,Computer Science,Artificial Intelligence,Not Applicable,Not Applicable,Freshman,In-State,Full-Time,FALSE,18,26,120,2.27,2.00,Good Standing,Spring 2030,0,0,5,10960
CID-809374,Sebastian,Smith,Sebastian Smith,Fall 2023,Transfer,Computer Science,Software Engineering,Not Applicable,Not Applicable,Senior,In-State,Full-Time,FALSE,7,155,120,3.30,3.34,Good Standing,Spring 2027,1,0,0,18270
CID-560573,Daniela,Ibrahim,Daniela Ibrahim,Fall 2025,First-Time Freshman,Computer Science,General,Not Applicable,Not Applicable,Sophomore,In-State,Full-Time,FALSE,14,32,120,2.75,3.27,Good Standing,Spring 2030,0,0,3,14770
CID-857153,Mia,Walker,Mia Walker,Fall 2025,Transfer,Computer Science,Cybersecurity,Not Applicable,Not Applicable,Junior,In-State,Full-Time,FALSE,10,69,120,2.52,2.54,Good Standing,Fall 2028,0,0,1,6520
CID-526916,Sara,Kim,Sara Kim,Fall 2024,Transfer,Information Systems,Health Information Technology,Not Applicable,Not Applicable,Senior,In-State,Full-Time,FALSE,14,99,120,3.23,3.23,Good Standing,Fall 2027,0,0,2,10810
CID-750473,William,Owens,William Owens,Fall 2025,First-Time Freshman,Information Systems,Cybersecurity Management,Not Applicable,Not Applicable,Sophomore,In-State,Full-Time,FALSE,0,38,120,3.68,4.00,Good Standing,Fall 2029,0,0,3,17620
CID-887710,Nicholas,Rivera,Nicholas Rivera,Fall 2026,First-Time Freshman,Computer Science,Cybersecurity,Not Applicable,Not Applicable,Freshman,Out-of-State,Full-Time,TRUE,5,0,120,Not Applicable,Not Applicable,Good Standing,Spring 2031,0,0,4,0
CID-409500,Keisha,Gupta,Keisha Gupta,Fall 2022,First-Time Freshman,Information Systems,Cybersecurity Management,Not Applicable,Not Applicable,Senior,In-State,Full-Time,TRUE,7,112,120,2.57,2.94,Good Standing,Spring 2027,1,0,1,35570
CID-121274,Khalil,Clark,Khalil Clark,Fall 2025,First-Time Freshman,Information Systems,General,Not Applicable,Not Applicable,Freshman,Out-of-State,Full-Time,FALSE,0,28,120,3.21,4.00,Good Standing,Spring 2030,0,0,3,16100
CID-243529,Wei,Watson,Wei Watson,Fall 2025,First-Time Freshman,Computer Science,General,Not Applicable,Statistics,Freshman,Out-of-State,Full-Time,TRUE,12,26,120,3.12,3.50,Good Standing,Spring 2030,0,0,2,14880
CID-206409,Emma,Lewis,Emma Lewis,Fall 2024,Transfer,Computer Science,General,Not Applicable,Not Applicable,Senior,In-State,Full-Time,TRUE,16,120,120,2.51,2.53,Good Standing,Spring 2027,1,0,3,8570
CID-344206,William,Okafor,William Okafor,Fall 2023,First-Time Freshman,Information Systems,Cybersecurity Management,Not Applicable,Not Applicable,Senior,In-State,Full-Time,FALSE,1,97,120,3.60,3.54,Good Standing,Fall 2027,2,0,3,37840
CID-482339,Layla,Wood,Layla Wood,Fall 2025,First-Time Freshman,Computer Science,Data Science,Not Applicable,Not Applicable,Freshman,In-State,Full-Time,FALSE,1,29,120,2.93,3.36,Good Standing,Spring 2030,1,2,2,11500
CID-174866,Liam,Price,Liam Price,Fall 2025,First-Time Freshman,Information Systems,Cybersecurity Management,Not Applicable,Not Applicable,Freshman,Out-of-State,Part-Time,FALSE,21,18,120,2.50,2.00,Good Standing,Fall 2034,0,1,1,15300
CID-421649,Olivia,Shah,Olivia Shah,Fall 2025,First-Time Freshman,Information Systems,General,Not Applicable,Not Applicable,Freshman,Out-of-State,Full-Time,TRUE,9,25,120,2.24,2.24,Good Standing,Spring 2030,0,2,2,14210
CID-409351,Naomi,Tran,Naomi Tran,Fall 2026,First-Time Freshman,Computer Science,General,Not Applicable,Not Applicable,Freshman,In-State,Full-Time,TRUE,12,0,120,Not Applicable,Not Applicable,Good Standing,Spring 2031,0,0,3,0
CID-863996,Gabriel,Baker,Gabriel Baker,Fall 2023,First-Time Freshman,Computer Science,Data Science,Not Applicable,Not Applicable,Junior,In-State,Full-Time,FALSE,10,82,120,2.33,2.33,Good Standing,Spring 2028,1,0,3,28040
CID-663954,Aaliyah,Johnson,Aaliyah Johnson,Fall 2026,First-Time Freshman,Computer Science,Software Engineering,Not Applicable,Not Applicable,Freshman,Out-of-State,Full-Time,TRUE,13,0,120,Not Applicable,Not Applicable,Good Standing,Spring 2031,0,0,2,0
CID-373076,Layla,Ho,Layla Ho,Fall 2024,Transfer,Computer Science,Cybersecurity,Not Applicable,Not Applicable,Junior,In-State,Full-Time,FALSE,3,84,120,2.27,2.15,Good Standing,Spring 2028,0,0,2,13580
CID-195677,Joseph,Yang,Joseph Yang,Fall 2024,First-Time Freshman,Computer Science,Data Science,Not Applicable,Not Applicable,Junior,In-State,Full-Time,FALSE,19,61,120,3.08,2.75,Good Standing,Spring 2029,1,0,2,22260
CID-672579,Ryan,Mitchell,Ryan Mitchell,Fall 2023,First-Time Freshman,Information Systems,Software Development,Not Applicable,Not Applicable,Senior,In-State,Full-Time,FALSE,17,94,120,2.53,2.50,Good Standing,Fall 2027,1,0,1,39220
CID-436205,Hannah,Bell,Hannah Bell,Fall 2026,First-Time Freshman,Computer Science,General,Not Applicable,Not Applicable,Freshman,In-State,Full-Time,TRUE,8,0,120,Not Applicable,Not Applicable,Good Standing,Spring 2031,0,3,2,0
CID-639312,Amir,Young,Amir Young,Fall 2024,First-Time Freshman,Information Systems,Cybersecurity Management,Not Applicable,Health Administration,Junior,Out-of-State,Full-Time,TRUE,6,69,120,3.72,3.83,Good Standing,Fall 2028,1,1,6,46050
CID-889939,Ibrahim,Alvarez,Ibrahim Alvarez,Fall 2024,First-Time Freshman,Information Systems,Software Development,Not Applicable,Not Applicable,Junior,In-State,Full-Time,TRUE,3,69,120,3.94,4.00,Good Standing,Fall 2028,1,0,2,14270
CID-734253,Amir,Park,Amir Park,Fall 2023,First-Time Freshman,Computer Science,Cybersecurity,Not Applicable,Not Applicable,Junior,Out-of-State,Full-Time,TRUE,0,76,120,3.09,3.10,Good Standing,Spring 2028,1,0,9,36310
CID-257173,Rachel,Murphy,Rachel Murphy,Fall 2025,Transfer,Computer Science,Software Engineering,Not Applicable,Not Applicable,Junior,In-State,Full-Time,FALSE,5,71,120,3.48,3.30,Good Standing,Fall 2028,1,0,4,5800
CID-183654,Victor,Cruz,Victor Cruz,Fall 2026,Transfer,Computer Science,Data Science,Not Applicable,Political Science,Sophomore,Out-of-State,Part-Time,FALSE,16,31,120,Not Applicable,Not Applicable,Good Standing,Fall 2033,0,2,6,0
CID-719287,Grace,Foster,Grace Foster,Fall 2024,First-Time Freshman,Information Systems,General,Not Applicable,Not Applicable,Sophomore,In-State,Part-Time,FALSE,21,40,120,3.20,3.75,Good Standing,Fall 2032,0,0,3,15340
CID-158529,Samir,White,Samir White,Fall 2022,First-Time Freshman,Information Systems,General,Not Applicable,Not Applicable,Senior,In-State,Full-Time,TRUE,10,97,120,2.26,2.21,Good Standing,Fall 2027,0,0,1,42920
CID-712006,Caleb,Alvarez,Caleb Alvarez,Fall 2022,First-Time Freshman,Information Systems,Software Development,Not Applicable,Not Applicable,Senior,In-State,Full-Time,FALSE,10,118,120,3.25,3.26,Good Standing,Spring 2027,1,0,2,52200
CID-116770,Sofia,Oliveira,Sofia Oliveira,Fall 2025,First-Time Freshman,Information Systems,General,Not Applicable,Cybersecurity,Sophomore,In-State,Full-Time,FALSE,3,31,120,2.97,3.00,Good Standing,Spring 2030,1,0,5,10630
CID-217407,Olivia,Jenkins,Olivia Jenkins,Fall 2026,Transfer,Computer Science,General,Not Applicable,Not Applicable,Freshman,Out-of-State,Full-Time,FALSE,11,26,120,Not Applicable,Not Applicable,Good Standing,Spring 2030,0,0,3,0
CID-705881,Grace,Johnson,Grace Johnson,Fall 2026,First-Time Freshman,Computer Science,General,Not Applicable,Not Applicable,Freshman,Out-of-State,Full-Time,FALSE,16,0,120,Not Applicable,Not Applicable,Good Standing,Spring 2031,0,0,6,0
CID-189296,Kwame,Reed,Kwame Reed,Fall 2026,Transfer,Computer Science,Data Science,Information Systems,Mathematics,Freshman,Out-of-State,Part-Time,FALSE,18,24,120,Not Applicable,Not Applicable,Good Standing,Spring 2034,0,0,1,0
CID-607946,Daniel,Hill,Daniel Hill,Fall 2026,First-Time Freshman,Computer Science,Cybersecurity,Not Applicable,Not Applicable,Freshman,Out-of-State,Full-Time,TRUE,21,0,120,Not Applicable,Not Applicable,Good Standing,Spring 2031,0,1,3,0
CID-401506,Jasmine,Kelly,Jasmine Kelly,Fall 2026,Transfer,Information Systems,Business Analytics,Not Applicable,Not Applicable,Sophomore,In-State,Full-Time,FALSE,13,41,120,Not Applicable,Not Applicable,Good Standing,Fall 2029,0,1,3,0
CID-924562,Bianca,Watson,Bianca Watson,Fall 2022,First-Time Freshman,Computer Science,General,Not Applicable,Not Applicable,Senior,In-State,Full-Time,FALSE,1,138,120,3.51,3.51,Good Standing,Spring 2027,2,1,3,50410
CID-275857,Sara,Henderson,Sara Henderson,Fall 2024,Transfer,Information Systems,General,Not Applicable,Not Applicable,Senior,In-State,Full-Time,FALSE,7,110,120,3.33,3.33,Good Standing,Spring 2027,1,0,1,11930
CID-614105,Jacob,Morales,Jacob Morales,Fall 2024,First-Time Freshman,Computer Science,Software Engineering,Not Applicable,Not Applicable,Sophomore,Out-of-State,Full-Time,TRUE,12,57,120,2.67,2.52,Good Standing,Spring 2029,0,0,1,44150
CID-721077,Grace,Taylor,Grace Taylor,Fall 2024,First-Time Freshman,Computer Science,Software Engineering,Not Applicable,Not Applicable,Junior,Out-of-State,Full-Time,FALSE,9,69,120,3.70,3.71,Good Standing,Fall 2028,1,0,1,29420
CID-146821,Tariq,Simmons,Tariq Simmons,Fall 2024,First-Time Freshman,Computer Science,Software Engineering,Not Applicable,Not Applicable,Sophomore,In-State,Full-Time,FALSE,7,54,120,2.56,2.71,Good Standing,Spring 2029,1,0,2,22750
CID-607090,Michael,Morgan,Michael Morgan,Fall 2024,First-Time Freshman,Computer Science,Data Science,Not Applicable,Not Applicable,Junior,In-State,Full-Time,FALSE,9,61,120,2.70,2.38,Good Standing,Spring 2029,0,0,1,27960
CID-352789,Keisha,James,Keisha James,Fall 2026,First-Time Freshman,Computer Science,Software Engineering,Not Applicable,Not Applicable,Freshman,In-State,Full-Time,FALSE,3,0,120,Not Applicable,Not Applicable,Good Standing,Spring 2031,0,3,2,0
CID-510035,Andre,Williams,Andre Williams,Fall 2025,First-Time Freshman,Information Systems,Cybersecurity Management,Not Applicable,Not Applicable,Sophomore,In-State,Full-Time,TRUE,21,31,120,3.71,4.00,Good Standing,Spring 2030,1,0,3,11920
CID-851615,Julia,Smith,Julia Smith,Fall 2025,First-Time Freshman,Computer Science,Software Engineering,Not Applicable,Not Applicable,Freshman,In-State,Full-Time,FALSE,0,27,120,2.81,2.50,Good Standing,Spring 2030,0,2,3,10300
CID-308873,Rachel,King,Rachel King,Fall 2025,Transfer,Information Systems,General,Not Applicable,Not Applicable,Sophomore,In-State,Full-Time,FALSE,8,57,120,3.26,3.67,Good Standing,Spring 2029,1,0,2,6030
CID-177964,Caleb,Walker,Caleb Walker,Fall 2022,First-Time Freshman,Information Systems,Business Analytics,Not Applicable,Political Science,Senior,In-State,Full-Time,FALSE,13,121,120,3.45,3.40,Good Standing,Spring 2027,2,2,6,33510
CID-546417,Tobias,Morgan,Tobias Morgan,Fall 2022,First-Time Freshman,Information Systems,Health Information Technology,Not Applicable,Not Applicable,Junior,In-State,Part-Time,FALSE,31,70,120,2.90,2.60,Good Standing,Fall 2030,1,1,5,34800
CID-794263,Fatima,Roberts,Fatima Roberts,Fall 2024,Transfer,Information Systems,Health Information Technology,Not Applicable,Physics,Senior,In-State,Full-Time,TRUE,9,105,120,2.93,2.92,Good Standing,Spring 2027,0,0,1,10660
CID-331519,Thomas,Morales,Thomas Morales,Fall 2025,First-Time Freshman,Computer Science,Data Science,Not Applicable,Not Applicable,Freshman,Out-of-State,Full-Time,FALSE,0,26,120,2.00,2.50,Good Standing,Spring 2030,1,0,2,21520
CID-478421,Sophia,Clark,Sophia Clark,Fall 2024,Transfer,Information Systems,Software Development,Not Applicable,Not Applicable,Junior,In-State,Part-Time,TRUE,18,66,120,3.92,4.00,Good Standing,Fall 2030,0,0,2,4620
CID-734259,Xiomara,Phillips,Xiomara Phillips,Fall 2026,Transfer,Computer Science,General,Not Applicable,Not Applicable,Sophomore,In-State,Full-Time,FALSE,10,57,120,Not Applicable,Not Applicable,Good Standing,Spring 2029,0,2,2,0
CID-366838,Yusuf,Hill,Yusuf Hill,Fall 2025,Transfer,Computer Science,Artificial Intelligence,Not Applicable,Not Applicable,Junior,Out-of-State,Full-Time,FALSE,9,83,120,3.06,2.88,Good Standing,Spring 2028,1,0,1,18130
CID-299762,Isabella,Price,Isabella Price,Fall 2024,First-Time Freshman,Computer Science,Cybersecurity,Not Applicable,Health Administration,Sophomore,In-State,Full-Time,FALSE,14,54,120,2.91,2.83,Good Standing,Spring 2029,0,0,1,21790
CID-284423,Sebastian,Perez,Sebastian Perez,Fall 2022,First-Time Freshman,Computer Science,Software Engineering,Not Applicable,Not Applicable,Senior,Out-of-State,Full-Time,FALSE,19,110,120,2.66,2.65,Good Standing,Spring 2027,0,0,3,100030
CID-240396,Benjamin,Wilson,Benjamin Wilson,Fall 2023,First-Time Freshman,Information Systems,Software Development,Not Applicable,Not Applicable,Senior,In-State,Full-Time,FALSE,2,92,120,3.26,3.23,Good Standing,Fall 2027,1,1,2,40430
CID-172803,Khalil,Tran,Khalil Tran,Fall 2023,Transfer,Information Systems,Health Information Technology,Not Applicable,Health Administration,Senior,In-State,Full-Time,TRUE,9,125,120,2.91,2.89,Good Standing,Spring 2027,1,1,7,12620
CID-939274,Bianca,Alvarez,Bianca Alvarez,Fall 2024,Transfer,Information Systems,General,Not Applicable,Not Applicable,Junior,In-State,Full-Time,TRUE,12,86,120,2.83,2.50,Good Standing,Spring 2028,0,0,2,10530
CID-119204,Elijah,Campbell,Elijah Campbell,Fall 2023,Transfer,Computer Science,General,Not Applicable,Not Applicable,Senior,In-State,Full-Time,FALSE,5,145,120,2.77,2.75,Good Standing,Spring 2027,0,2,1,21010
CID-212933,Yara,Wood,Yara Wood,Fall 2025,Transfer,Information Systems,Health Information Technology,Not Applicable,Not Applicable,Junior,In-State,Full-Time,FALSE,10,71,120,3.21,3.67,Good Standing,Fall 2028,1,0,3,4860
CID-774359,Nathan,Anderson,Nathan Anderson,Fall 2025,First-Time Freshman,Computer Science,Software Engineering,Not Applicable,Not Applicable,Freshman,In-State,Part-Time,FALSE,24,19,120,3.79,4.00,Good Standing,Fall 2034,1,2,8,9360
CID-373452,Eli,Brooks,Eli Brooks,Fall 2026,First-Time Freshman,Computer Science,Cybersecurity,Not Applicable,Not Applicable,Freshman,In-State,Full-Time,TRUE,7,0,120,Not Applicable,Not Applicable,Good Standing,Spring 2031,0,0,0,0
CID-838915,William,Coleman,William Coleman,Fall 2023,First-Time Freshman,Information Systems,Cybersecurity Management,Not Applicable,Not Applicable,Senior,Out-of-State,Full-Time,FALSE,11,91,120,3.12,3.00,Good Standing,Fall 2027,2,1,0,64990
CID-904518,Aaliyah,Lewis,Aaliyah Lewis,Fall 2024,First-Time Freshman,Information Systems,General,Not Applicable,Not Applicable,Sophomore,In-State,Part-Time,TRUE,20,31,120,2.71,2.50,Good Standing,Fall 2033,0,1,0,13050
CID-666990,Nadia,Cruz,Nadia Cruz,Fall 2025,First-Time Freshman,Computer Science,General,Not Applicable,Not Applicable,Sophomore,Out-of-State,Full-Time,TRUE,11,32,120,4.00,4.00,Good Standing,Spring 2030,1,2,6,11210
CID-623236,Sophia,Rodriguez,Sophia Rodriguez,Fall 2025,Transfer,Computer Science,Data Science,Not Applicable,Psychology,Junior,In-State,Full-Time,FALSE,6,67,120,2.87,2.50,Good Standing,Fall 2028,1,0,0,6390
CID-859425,Victor,Silva,Victor Silva,Fall 2023,First-Time Freshman,Computer Science,Data Science,Not Applicable,Data Science,Sophomore,In-State,Part-Time,FALSE,27,54,120,3.67,3.74,Good Standing,Fall 2031,0,0,5,20700
CID-243482,Julia,Brooks,Julia Brooks,Fall 2024,First-Time Freshman,Computer Science,General,Not Applicable,Statistics,Sophomore,In-State,Full-Time,FALSE,1,59,120,2.44,2.55,Good Standing,Spring 2029,1,0,1,20590
CID-147918,Rafael,Nwosu,Rafael Nwosu,Fall 2022,First-Time Freshman,Computer Science,Data Science,Not Applicable,Not Applicable,Senior,Out-of-State,Full-Time,FALSE,9,113,120,2.73,2.72,Good Standing,Spring 2027,0,2,0,92800
CID-291746,Nora,Johnson,Nora Johnson,Fall 2023,First-Time Freshman,Computer Science,Software Engineering,Not Applicable,Not Applicable,Junior,In-State,Full-Time,FALSE,15,60,120,1.81,1.65,Academic Warning,Spring 2029,1,0,2,22230
CID-236021,Priya,Park,Priya Park,Fall 2024,First-Time Freshman,Information Systems,General,Not Applicable,Not Applicable,Junior,Out-of-State,Full-Time,FALSE,13,65,120,3.49,3.50,Good Standing,Fall 2028,1,2,4,47060
CID-731653,Kayla,Brown,Kayla Brown,Fall 2026,Transfer,Computer Science,Data Science,Not Applicable,Not Applicable,Sophomore,In-State,Full-Time,FALSE,4,42,120,Not Applicable,Not Applicable,Good Standing,Fall 2029,0,3,3,0
CID-294733,Tobias,Gupta,Tobias Gupta,Fall 2026,First-Time Freshman,Information Systems,General,Not Applicable,Not Applicable,Freshman,In-State,Full-Time,TRUE,9,0,120,Not Applicable,Not Applicable,Good Standing,Spring 2031,0,1,2,0
CID-973623,Gabriel,Lee,Gabriel Lee,Fall 2023,Transfer,Computer Science,Cybersecurity,Information Systems,Not Applicable,Senior,In-State,Full-Time,TRUE,2,114,120,3.15,3.19,Good Standing,Spring 2027,2,0,3,13720
CID-800644,Gabriel,Gonzalez,Gabriel Gonzalez,Fall 2024,Transfer,Computer Science,Data Science,Not Applicable,Economics,Senior,In-State,Full-Time,TRUE,18,109,120,2.74,2.50,Good Standing,Spring 2027,0,0,2,11390
CID-251363,Camila,Reed,Camila Reed,Fall 2022,First-Time Freshman,Computer Science,General,Not Applicable,Not Applicable,Senior,Out-of-State,Full-Time,FALSE,3,110,120,2.55,2.47,Good Standing,Spring 2027,2,0,2,81820
CID-247040,Bianca,Ward,Bianca Ward,Fall 2023,First-Time Freshman,Computer Science,Software Engineering,Not Applicable,Not Applicable,Senior,In-State,Full-Time,FALSE,7,90,120,3.44,3.12,Good Standing,Fall 2027,1,0,1,39940
CID-552185,Zoe,Henderson,Zoe Henderson,Fall 2024,First-Time Freshman,Computer Science,Cybersecurity,Not Applicable,Not Applicable,Sophomore,In-State,Full-Time,FALSE,8,50,120,2.44,2.50,Good Standing,Spring 2029,0,1,5,28610
CID-448905,Jing,Ellis,Jing Ellis,Fall 2026,First-Time Freshman,Information Systems,Business Analytics,Not Applicable,Not Applicable,Freshman,Out-of-State,Full-Time,FALSE,1,0,120,Not Applicable,Not Applicable,Good Standing,Spring 2031,0,3,1,0
CID-922350,Zoe,Gupta,Zoe Gupta,Fall 2026,First-Time Freshman,Information Systems,Software Development,Not Applicable,Not Applicable,Freshman,In-State,Full-Time,TRUE,9,0,120,Not Applicable,Not Applicable,Good Standing,Spring 2031,0,0,3,0
CID-753870,Jordan,Rivera,Jordan Rivera,Fall 2026,First-Time Freshman,Computer Science,Artificial Intelligence,Not Applicable,Not Applicable,Freshman,In-State,Full-Time,FALSE,8,0,120,Not Applicable,Not Applicable,Good Standing,Spring 2031,0,0,0,0
CID-806721,Mohammed,White,Mohammed White,Fall 2024,Transfer,Computer Science,General,Not Applicable,Not Applicable,Senior,In-State,Full-Time,FALSE,12,91,120,2.55,2.41,Good Standing,Fall 2027,0,0,2,16530
CID-195154,Jada,Mendez,Jada Mendez,Fall 2023,First-Time Freshman,Computer Science,Software Engineering,Statistics,Entrepreneurship,Senior,In-State,Full-Time,TRUE,11,91,120,3.31,3.53,Good Standing,Fall 2027,1,0,6,26200
CID-533676,Naomi,Zhao,Naomi Zhao,Fall 2023,First-Time Freshman,Information Systems,Business Analytics,Not Applicable,Not Applicable,Sophomore,In-State,Part-Time,TRUE,25,55,120,3.00,2.67,Good Standing,Fall 2031,1,0,5,15840
CID-289633,Kwame,Wright,Kwame Wright,Fall 2025,First-Time Freshman,Computer Science,Software Engineering,Not Applicable,Not Applicable,Sophomore,In-State,Full-Time,FALSE,3,32,120,3.31,3.50,Good Standing,Spring 2030,1,0,8,12320
CID-870058,Hannah,Liu,Hannah Liu,Fall 2026,First-Time Freshman,Information Systems,Business Analytics,Not Applicable,Not Applicable,Freshman,Out-of-State,Full-Time,FALSE,23,0,120,Not Applicable,Not Applicable,Good Standing,Spring 2031,0,1,5,0
CID-403882,Victor,Thompson,Victor Thompson,Fall 2023,First-Time Freshman,Computer Science,General,Not Applicable,Not Applicable,Junior,In-State,Full-Time,FALSE,5,85,120,2.75,2.77,Good Standing,Spring 2028,1,1,1,37010
CID-786608,Grace,Scott,Grace Scott,Fall 2025,First-Time Freshman,Computer Science,Data Science,Not Applicable,Not Applicable,Sophomore,In-State,Full-Time,TRUE,12,32,120,3.00,3.50,Good Standing,Spring 2030,1,1,6,6370
CID-850575,Sophia,Phillips,Sophia Phillips,Fall 2026,First-Time Freshman,Computer Science,General,Not Applicable,Not Applicable,Freshman,In-State,Part-Time,FALSE,18,0,120,Not Applicable,Not Applicable,Good Standing,Fall 2035,0,0,2,0
CID-785298,Joseph,Brooks,Joseph Brooks,Fall 2025,First-Time Freshman,Information Systems,Cybersecurity Management,Not Applicable,Not Applicable,Freshman,In-State,Part-Time,FALSE,30,12,120,3.00,3.00,Good Standing,Spring 2035,1,0,3,5040
CID-612830,Sebastian,Gomez,Sebastian Gomez,Fall 2026,First-Time Freshman,Information Systems,General,Not Applicable,Not Applicable,Freshman,In-State,Full-Time,FALSE,2,0,120,Not Applicable,Not Applicable,Good Standing,Spring 2031,0,2,3,0
CID-332044,Nora,Garcia,Nora Garcia,Fall 2024,First-Time Freshman,Computer Science,Cybersecurity,Not Applicable,Not Applicable,Junior,Out-of-State,Full-Time,FALSE,19,67,120,2.91,3.17,Good Standing,Fall 2028,1,1,4,59990
CID-352889,Wei,Henderson,Wei Henderson,Fall 2024,Transfer,Computer Science,Software Engineering,Not Applicable,Not Applicable,Junior,In-State,Part-Time,FALSE,18,84,120,2.25,2.00,Good Standing,Fall 2029,0,0,2,6790
CID-652123,Rachel,Jenkins,Rachel Jenkins,Fall 2026,First-Time Freshman,Computer Science,General,Not Applicable,Not Applicable,Freshman,In-State,Full-Time,FALSE,0,0,120,Not Applicable,Not Applicable,Good Standing,Spring 2031,0,2,2,0
CID-515982,Fatima,Harris,Fatima Harris,Fall 2025,Transfer,Computer Science,Artificial Intelligence,Not Applicable,Not Applicable,Junior,In-State,Full-Time,FALSE,6,63,120,2.39,2.27,Good Standing,Fall 2028,1,1,2,7970
CID-537950,Thomas,Campbell,Thomas Campbell,Fall 2025,First-Time Freshman,Information Systems,General,Not Applicable,Not Applicable,Sophomore,In-State,Full-Time,FALSE,2,32,120,3.59,3.00,Good Standing,Spring 2030,0,0,1,12010
CID-873704,Jing,James,Jing James,Fall 2025,First-Time Freshman,Computer Science,Artificial Intelligence,Not Applicable,Not Applicable,Freshman,In-State,Full-Time,TRUE,16,21,120,2.52,2.36,Good Standing,Fall 2030,0,1,1,7400
CID-124024,Lucas,Coleman,Lucas Coleman,Fall 2025,First-Time Freshman,Computer Science,Cybersecurity,Not Applicable,Not Applicable,Sophomore,In-State,Full-Time,FALSE,9,32,120,2.66,2.50,Good Standing,Spring 2030,1,2,2,12190
CID-956455,Sophia,Hughes,Sophia Hughes,Fall 2025,Transfer,Computer Science,Cybersecurity,Not Applicable,Statistics,Junior,In-State,Full-Time,FALSE,19,77,120,3.61,3.47,Good Standing,Spring 2028,1,0,2,6370
CID-259794,Alina,Adebayo,Alina Adebayo,Fall 2024,Transfer,Computer Science,Artificial Intelligence,Not Applicable,Not Applicable,Senior,In-State,Full-Time,FALSE,7,102,120,2.70,2.69,Good Standing,Spring 2027,0,2,5,12990
CID-893207,Olivia,Garcia,Olivia Garcia,Fall 2022,First-Time Freshman,Computer Science,General,Not Applicable,Not Applicable,Senior,In-State,Full-Time,FALSE,7,117,120,2.74,2.53,Good Standing,Spring 2027,0,0,3,46660
CID-247796,Ava,Morgan,Ava Morgan,Fall 2026,Transfer,Information Systems,Software Development,Not Applicable,Not Applicable,Junior,In-State,Part-Time,FALSE,22,61,120,Not Applicable,Not Applicable,Good Standing,Spring 2031,0,1,7,0
CID-834504,Benjamin,Henderson,Benjamin Henderson,Fall 2022,First-Time Freshman,Information Systems,General,Not Applicable,Not Applicable,Senior,In-State,Full-Time,FALSE,3,118,120,3.52,3.42,Good Standing,Spring 2027,1,2,4,36530
CID-937847,Kayla,Robinson,Kayla Robinson,Fall 2026,First-Time Freshman,Computer Science,General,Not Applicable,Not Applicable,Freshman,Out-of-State,Full-Time,FALSE,11,0,120,Not Applicable,Not Applicable,Good Standing,Spring 2031,0,0,2,0
CID-660743,Ansel,Wang,Ansel Wang,Fall 2024,Transfer,Information Systems,Software Development,Not Applicable,Not Applicable,Senior,In-State,Full-Time,FALSE,9,117,120,2.89,2.94,Good Standing,Spring 2027,1,1,0,13410
CID-478739,Zara,Gray,Zara Gray,Fall 2024,First-Time Freshman,Computer Science,General,Not Applicable,Not Applicable,Sophomore,In-State,Full-Time,FALSE,10,53,120,2.83,2.94,Good Standing,Spring 2029,0,2,4,14980
CID-209591,Jacob,Robinson,Jacob Robinson,Fall 2024,Transfer,Computer Science,General,Not Applicable,Psychology,Senior,In-State,Full-Time,FALSE,9,108,120,2.84,2.83,Good Standing,Spring 2027,1,2,3,12480
CID-269592,Thomas,Coleman,Thomas Coleman,Fall 2025,First-Time Freshman,Information Systems,Health Information Technology,Not Applicable,Not Applicable,Freshman,Out-of-State,Full-Time,FALSE,15,28,120,3.39,3.00,Good Standing,Spring 2030,0,1,2,12670
CID-902544,Gabriel,Clark,Gabriel Clark,Fall 2026,First-Time Freshman,Computer Science,General,Information Systems,Not Applicable,Freshman,In-State,Full-Time,FALSE,8,0,120,Not Applicable,Not Applicable,Good Standing,Spring 2031,0,0,1,0
CID-141976,Mohammed,Gray,Mohammed Gray,Fall 2025,First-Time Freshman,Computer Science,Software Engineering,Not Applicable,Mathematics,Sophomore,Out-of-State,Full-Time,FALSE,12,32,120,3.34,3.00,Good Standing,Spring 2030,1,0,5,28990
CID-225620,Camila,Evans,Camila Evans,Fall 2025,Transfer,Computer Science,Software Engineering,Not Applicable,Economics,Junior,In-State,Full-Time,FALSE,16,85,120,3.00,3.00,Good Standing,Spring 2028,1,0,3,3250
CID-997169,Zoe,Martin,Zoe Martin,Fall 2026,First-Time Freshman,Information Systems,General,Not Applicable,Not Applicable,Freshman,Out-of-State,Part-Time,TRUE,21,0,120,Not Applicable,Not Applicable,Good Standing,Fall 2035,0,2,1,0
CID-331109,Beatriz,Henderson,Beatriz Henderson,Fall 2025,First-Time Freshman,Information Systems,General,Not Applicable,Not Applicable,Freshman,In-State,Full-Time,FALSE,16,26,120,3.00,3.00,Good Standing,Spring 2030,1,0,2,9790
CID-291621,Ibrahim,Powell,Ibrahim Powell,Fall 2022,First-Time Freshman,Computer Science,General,Not Applicable,Not Applicable,Sophomore,In-State,Part-Time,FALSE,16,54,120,2.44,2.22,Good Standing,Fall 2031,1,0,1,27460
CID-385562,Miguel,Mitchell,Miguel Mitchell,Fall 2025,First-Time Freshman,Information Systems,Business Analytics,Not Applicable,Not Applicable,Freshman,In-State,Full-Time,FALSE,16,29,120,3.31,4.00,Good Standing,Spring 2030,0,0,6,8830
CID-434611,Elena,Torres,Elena Torres,Fall 2025,Transfer,Information Systems,Business Analytics,Not Applicable,Not Applicable,Junior,In-State,Full-Time,TRUE,14,81,120,2.86,3.00,Good Standing,Spring 2028,1,0,2,5100
CID-539762,Khalil,Huang,Khalil Huang,Fall 2026,First-Time Freshman,Computer Science,Software Engineering,Not Applicable,Not Applicable,Freshman,Out-of-State,Full-Time,FALSE,17,0,120,Not Applicable,Not Applicable,Good Standing,Spring 2031,0,2,2,0
CID-378432,Fatima,Bell,Fatima Bell,Fall 2024,First-Time Freshman,Computer Science,Software Engineering,Not Applicable,Entrepreneurship,Sophomore,In-State,Full-Time,FALSE,11,55,120,2.60,2.38,Good Standing,Spring 2029,0,0,6,17000
CID-803539,Nadia,Kaur,Nadia Kaur,Fall 2026,Transfer,Information Systems,Business Analytics,Not Applicable,Not Applicable,Sophomore,In-State,Full-Time,TRUE,16,35,120,Not Applicable,Not Applicable,Good Standing,Spring 2030,0,0,0,0
CID-204527,Wei,Ellis,Wei Ellis,Fall 2026,Transfer,Computer Science,Cybersecurity,Mathematics,Not Applicable,Sophomore,In-State,Full-Time,FALSE,4,48,120,Not Applicable,Not Applicable,Good Standing,Fall 2029,0,2,4,0
CID-330047,Kiara,Peterson,Kiara Peterson,Fall 2025,Transfer,Computer Science,Cybersecurity,Not Applicable,Not Applicable,Senior,In-State,Full-Time,FALSE,7,95,120,2.20,2.35,Good Standing,Fall 2027,1,0,7,8800
CID-752308,Valeria,Shah,Valeria Shah,Fall 2025,Transfer,Information Systems,Health Information Technology,Not Applicable,Not Applicable,Senior,In-State,Full-Time,FALSE,9,93,120,3.33,3.29,Good Standing,Fall 2027,1,0,1,4430
CID-240427,Camila,Silva,Camila Silva,Fall 2026,First-Time Freshman,Computer Science,General,Not Applicable,Not Applicable,Freshman,Out-of-State,Part-Time,TRUE,20,0,120,Not Applicable,Not Applicable,Good Standing,Fall 2035,0,3,5,0
CID-630666,Luna,Clark,Luna Clark,Fall 2024,First-Time Freshman,Information Systems,Business Analytics,Not Applicable,Not Applicable,Sophomore,Out-of-State,Full-Time,TRUE,18,57,120,2.86,2.75,Good Standing,Spring 2029,0,0,3,41870
CID-158116,Benjamin,Gray,Benjamin Gray,Fall 2025,Transfer,Computer Science,Cybersecurity,Not Applicable,Economics,Senior,In-State,Full-Time,FALSE,3,93,120,3.86,3.71,Good Standing,Fall 2027,1,0,2,4770
CID-235707,Alina,Rodriguez,Alina Rodriguez,Fall 2024,Transfer,Computer Science,Data Science,Not Applicable,Entrepreneurship,Senior,In-State,Full-Time,FALSE,5,117,120,2.90,2.82,Good Standing,Spring 2027,0,0,2,15200
CID-115192,Keisha,Cooper,Keisha Cooper,Fall 2026,First-Time Freshman,Computer Science,General,Not Applicable,Not Applicable,Freshman,In-State,Part-Time,FALSE,20,0,120,Not Applicable,Not Applicable,Good Standing,Fall 2035,0,0,2,0
CID-337614,Rafael,Jones,Rafael Jones,Fall 2023,First-Time Freshman,Computer Science,Software Engineering,Not Applicable,Not Applicable,Junior,In-State,Full-Time,TRUE,15,72,120,2.51,2.54,Good Standing,Fall 2028,1,0,5,29300
CID-826272,Jing,Zhao,Jing Zhao,Fall 2026,Transfer,Information Systems,General,Not Applicable,Not Applicable,Sophomore,In-State,Full-Time,TRUE,11,30,120,Not Applicable,Not Applicable,Good Standing,Spring 2030,0,1,3,0
CID-835177,Alina,Yang,Alina Yang,Fall 2026,Transfer,Information Systems,Business Analytics,Not Applicable,Not Applicable,Sophomore,In-State,Full-Time,TRUE,11,33,120,Not Applicable,Not Applicable,Good Standing,Spring 2030,0,0,2,0
CID-353705,Ethan,Ellis,Ethan Ellis,Fall 2023,First-Time Freshman,Computer Science,General,Not Applicable,Not Applicable,Senior,In-State,Full-Time,FALSE,12,93,120,2.87,2.67,Good Standing,Fall 2027,1,2,1,36200
CID-172150,Chidi,Rivera,Chidi Rivera,Fall 2024,First-Time Freshman,Information Systems,General,Not Applicable,Not Applicable,Sophomore,In-State,Full-Time,FALSE,3,55,120,2.80,3.20,Good Standing,Spring 2029,1,0,7,16000
CID-626273,Anika,Davis,Anika Davis,Fall 2022,First-Time Freshman,Computer Science,Artificial Intelligence,Not Applicable,Not Applicable,Senior,Out-of-State,Full-Time,FALSE,12,123,120,2.42,2.45,Good Standing,Spring 2027,0,2,3,90250
CID-440791,David,Sanchez,David Sanchez,Fall 2025,First-Time Freshman,Computer Science,Data Science,Not Applicable,Not Applicable,Freshman,Out-of-State,Full-Time,FALSE,11,29,120,2.72,2.50,Good Standing,Spring 2030,1,1,4,24620
CID-397020,Tariq,Martin,Tariq Martin,Fall 2026,Transfer,Computer Science,Cybersecurity,Not Applicable,Not Applicable,Sophomore,Out-of-State,Full-Time,FALSE,12,43,120,Not Applicable,Not Applicable,Good Standing,Fall 2029,0,0,1,0
CID-960585,Lucas,Rivera,Lucas Rivera,Fall 2025,First-Time Freshman,Computer Science,Software Engineering,Not Applicable,Not Applicable,Freshman,In-State,Full-Time,FALSE,19,21,120,2.62,2.91,Good Standing,Fall 2030,0,2,3,11490
CID-237250,Simone,Campbell,Simone Campbell,Fall 2024,First-Time Freshman,Computer Science,Data Science,Not Applicable,Not Applicable,Junior,In-State,Full-Time,FALSE,12,64,120,2.92,2.79,Good Standing,Fall 2028,1,0,4,26040
CID-165463,Isabella,Shah,Isabella Shah,Fall 2023,First-Time Freshman,Computer Science,General,Not Applicable,Not Applicable,Sophomore,Out-of-State,Part-Time,FALSE,19,38,120,2.53,2.76,Good Standing,Spring 2033,0,0,1,37750
CID-373774,Eli,Mitchell,Eli Mitchell,Fall 2023,First-Time Freshman,Information Systems,General,Not Applicable,Psychology,Senior,Out-of-State,Full-Time,FALSE,5,91,120,3.69,3.91,Good Standing,Fall 2027,2,2,1,62940
CID-447134,Elena,Williams,Elena Williams,Fall 2022,First-Time Freshman,Information Systems,General,Not Applicable,Not Applicable,Senior,In-State,Full-Time,FALSE,9,121,120,3.54,3.55,Good Standing,Spring 2027,0,0,0,35750
CID-469338,William,Turner,William Turner,Fall 2025,First-Time Freshman,Computer Science,Cybersecurity,Not Applicable,Psychology,Freshman,Out-of-State,Full-Time,FALSE,4,23,120,3.00,3.00,Good Standing,Spring 2030,0,0,1,20060
CID-276857,Joseph,Ramirez,Joseph Ramirez,Fall 2025,First-Time Freshman,Information Systems,General,Not Applicable,Not Applicable,Sophomore,In-State,Full-Time,FALSE,1,31,120,3.48,4.00,Good Standing,Spring 2030,1,0,1,10970
CID-626797,Yara,Taylor,Yara Taylor,Fall 2023,First-Time Freshman,Information Systems,Business Analytics,Not Applicable,Not Applicable,Junior,In-State,Full-Time,FALSE,5,84,120,3.81,3.91,Good Standing,Spring 2028,1,0,5,24840
CID-235775,Jasmine,Davis,Jasmine Davis,Fall 2023,First-Time Freshman,Computer Science,Data Science,Not Applicable,Not Applicable,Senior,In-State,Full-Time,FALSE,7,98,120,3.22,3.35,Good Standing,Fall 2027,1,0,1,40630
CID-637124,Victor,Flores,Victor Flores,Fall 2025,Transfer,Information Systems,Software Development,Not Applicable,Not Applicable,Junior,In-State,Full-Time,FALSE,8,78,120,3.11,3.17,Good Standing,Spring 2028,0,0,5,6610
CID-211346,Eli,Ibrahim,Eli Ibrahim,Fall 2024,Transfer,Computer Science,General,Not Applicable,Not Applicable,Senior,In-State,Full-Time,FALSE,10,109,120,2.86,2.69,Good Standing,Spring 2027,1,0,2,14420
CID-358557,Miguel,Jones,Miguel Jones,Fall 2025,Transfer,Computer Science,Data Science,Not Applicable,Not Applicable,Junior,In-State,Part-Time,FALSE,18,76,120,3.00,2.43,Good Standing,Spring 2030,1,1,1,3570
CID-268405,Liam,Roberts,Liam Roberts,Fall 2026,First-Time Freshman,Computer Science,Data Science,Not Applicable,Not Applicable,Freshman,Out-of-State,Full-Time,FALSE,17,0,120,Not Applicable,Not Applicable,Good Standing,Spring 2031,0,0,0,0
CID-160104,Nia,Jones,Nia Jones,Fall 2024,First-Time Freshman,Information Systems,General,Not Applicable,Data Science,Sophomore,In-State,Full-Time,FALSE,17,55,120,3.15,3.40,Good Standing,Spring 2029,1,0,3,18600
CID-281921,Daniel,Huang,Daniel Huang,Fall 2025,First-Time Freshman,Computer Science,Artificial Intelligence,Not Applicable,Not Applicable,Freshman,In-State,Full-Time,FALSE,3,29,120,3.14,3.00,Good Standing,Spring 2030,1,1,2,10120
CID-819017,Andre,Rivera,Andre Rivera,Fall 2025,Transfer,Information Systems,Software Development,Not Applicable,Not Applicable,Junior,In-State,Full-Time,FALSE,7,63,120,3.62,4.00,Good Standing,Fall 2028,1,2,1,4560
CID-896231,Daniel,Green,Daniel Green,Fall 2026,First-Time Freshman,Information Systems,General,Not Applicable,Mathematics,Freshman,Out-of-State,Full-Time,TRUE,0,0,120,Not Applicable,Not Applicable,Good Standing,Spring 2031,0,2,2,0
CID-988304,Aaliyah,Diaz,Aaliyah Diaz,Fall 2026,First-Time Freshman,Computer Science,Cybersecurity,Not Applicable,Not Applicable,Freshman,In-State,Full-Time,FALSE,10,0,120,Not Applicable,Not Applicable,Good Standing,Spring 2031,0,0,2,0
CID-825245,William,Wilson,William Wilson,Fall 2023,First-Time Freshman,Information Systems,Business Analytics,Not Applicable,Not Applicable,Senior,In-State,Full-Time,TRUE,12,91,120,3.33,3.50,Good Standing,Fall 2027,2,0,4,33380
CID-555854,Victor,King,Victor King,Fall 2023,First-Time Freshman,Computer Science,Artificial Intelligence,Not Applicable,Psychology,Junior,Out-of-State,Full-Time,TRUE,20,81,120,3.36,3.29,Good Standing,Spring 2028,1,3,2,26830
CID-287923,Kiara,Flores,Kiara Flores,Fall 2022,First-Time Freshman,Computer Science,General,Information Systems,Data Science,Senior,In-State,Full-Time,FALSE,10,110,120,2.58,2.35,Good Standing,Spring 2027,0,3,3,48150
CID-152269,Rania,Perez,Rania Perez,Fall 2025,Transfer,Computer Science,Software Engineering,Not Applicable,Not Applicable,Junior,In-State,Full-Time,FALSE,10,70,120,2.72,3.40,Good Standing,Fall 2028,0,0,2,7200
CID-212566,Chloe,Brown,Chloe Brown,Fall 2024,Transfer,Computer Science,Software Engineering,Not Applicable,Not Applicable,Senior,In-State,Full-Time,FALSE,8,90,120,2.67,2.67,Good Standing,Fall 2027,1,0,1,12530
CID-895713,Grace,Okafor,Grace Okafor,Fall 2025,Transfer,Computer Science,General,Not Applicable,Not Applicable,Sophomore,In-State,Full-Time,FALSE,11,52,120,3.27,3.50,Good Standing,Spring 2029,1,3,4,4720
CID-551309,Khalil,Carter,Khalil Carter,Fall 2024,Transfer,Information Systems,Business Analytics,Not Applicable,Not Applicable,Senior,In-State,Full-Time,FALSE,12,102,120,2.43,2.42,Good Standing,Spring 2027,1,0,4,11770
CID-247858,Lucas,Moore,Lucas Moore,Fall 2025,First-Time Freshman,Information Systems,Software Development,Not Applicable,Economics,Sophomore,In-State,Full-Time,FALSE,7,36,120,2.92,3.00,Good Standing,Fall 2029,0,2,2,16130
CID-385652,Nathan,Gonzalez,Nathan Gonzalez,Fall 2023,First-Time Freshman,Information Systems,Health Information Technology,Not Applicable,Not Applicable,Senior,Out-of-State,Full-Time,FALSE,16,94,120,3.38,3.46,Good Standing,Fall 2027,1,0,3,75800
CID-524857,Nia,Lee,Nia Lee,Fall 2023,First-Time Freshman,Information Systems,Cybersecurity Management,Not Applicable,Not Applicable,Senior,In-State,Full-Time,FALSE,11,90,120,3.33,3.33,Good Standing,Fall 2027,2,0,3,34900
CID-383919,Hannah,Brooks,Hannah Brooks,Fall 2023,First-Time Freshman,Information Systems,Health Information Technology,Not Applicable,Not Applicable,Junior,In-State,Full-Time,FALSE,23,88,120,2.57,2.58,Good Standing,Fall 2027,2,3,3,38790
CID-289882,Daniel,Ochoa,Daniel Ochoa,Fall 2025,Transfer,Information Systems,General,Not Applicable,Not Applicable,Junior,In-State,Full-Time,FALSE,11,82,120,2.69,2.67,Good Standing,Spring 2028,0,0,4,6830
CID-913274,Kevin,Shah,Kevin Shah,Fall 2024,First-Time Freshman,Computer Science,General,Not Applicable,Not Applicable,Sophomore,Out-of-State,Full-Time,FALSE,15,54,120,3.54,3.75,Good Standing,Spring 2029,1,1,6,27390
CID-666770,Rafael,Garcia,Rafael Garcia,Fall 2026,Transfer,Computer Science,General,Not Applicable,Not Applicable,Sophomore,In-State,Full-Time,TRUE,17,43,120,Not Applicable,Not Applicable,Good Standing,Fall 2029,0,0,6,0
CID-207935,Nadia,Torres,Nadia Torres,Fall 2026,First-Time Freshman,Computer Science,Software Engineering,Not Applicable,Not Applicable,Freshman,In-State,Full-Time,FALSE,21,0,120,Not Applicable,Not Applicable,Good Standing,Spring 2031,0,0,0,0
CID-358792,Kevin,Smith,Kevin Smith,Fall 2022,First-Time Freshman,Computer Science,Software Engineering,Not Applicable,Not Applicable,Senior,Out-of-State,Full-Time,FALSE,5,111,120,3.28,3.21,Good Standing,Spring 2027,2,0,4,57080
CID-436000,Ethan,Thompson,Ethan Thompson,Fall 2023,Transfer,Information Systems,Software Development,Not Applicable,Not Applicable,Senior,In-State,Full-Time,TRUE,16,127,120,3.44,3.42,Good Standing,Spring 2027,2,0,2,6030
CID-587569,William,Young,William Young,Fall 2024,Transfer,Computer Science,Software Engineering,Not Applicable,Not Applicable,Senior,In-State,Full-Time,FALSE,7,121,120,3.51,3.61,Good Standing,Spring 2027,1,0,2,8100
CID-303163,Beatriz,Kaur,Beatriz Kaur,Fall 2025,First-Time Freshman,Information Systems,Business Analytics,Statistics,Not Applicable,Freshman,In-State,Part-Time,TRUE,31,18,120,2.83,3.00,Good Standing,Fall 2034,1,0,6,6870
CID-587459,Jayden,Gupta,Jayden Gupta,Fall 2026,First-Time Freshman,Information Systems,General,Not Applicable,Not Applicable,Freshman,In-State,Full-Time,FALSE,5,0,120,Not Applicable,Not Applicable,Good Standing,Spring 2031,0,0,2,0
CID-461543,Aaliyah,Powell,Aaliyah Powell,Fall 2024,First-Time Freshman,Computer Science,Data Science,Statistics,Not Applicable,Freshman,In-State,Part-Time,FALSE,27,28,120,2.46,3.00,Good Standing,Fall 2033,0,0,3,14810
CID-824330,Omar,Williams,Omar Williams,Fall 2026,First-Time Freshman,Computer Science,General,Not Applicable,Not Applicable,Freshman,In-State,Full-Time,FALSE,7,0,120,Not Applicable,Not Applicable,Good Standing,Spring 2031,0,0,1,0
CID-914500,Ava,Wong,Ava Wong,Fall 2023,Transfer,Computer Science,Cybersecurity,Mathematics,Not Applicable,Senior,In-State,Full-Time,FALSE,1,132,120,3.83,3.85,Good Standing,Spring 2027,1,0,2,16360
CID-765612,Jacob,Rivera,Jacob Rivera,Fall 2025,Transfer,Computer Science,Software Engineering,Not Applicable,Physics,Senior,In-State,Full-Time,TRUE,5,91,120,3.45,3.38,Good Standing,Fall 2027,1,1,6,4930
CID-991662,Mia,Walker,Mia Walker,Fall 2026,Transfer,Computer Science,General,Not Applicable,Not Applicable,Sophomore,In-State,Part-Time,FALSE,21,37,120,Not Applicable,Not Applicable,Good Standing,Spring 2033,0,0,4,0
CID-705607,Kiara,Tran,Kiara Tran,Fall 2026,First-Time Freshman,Information Systems,General,Not Applicable,Not Applicable,Freshman,In-State,Full-Time,FALSE,9,0,120,Not Applicable,Not Applicable,Good Standing,Spring 2031,0,0,5,0
CID-383159,Amir,Moore,Amir Moore,Fall 2024,Transfer,Computer Science,General,Not Applicable,Psychology,Senior,In-State,Full-Time,FALSE,3,101,120,3.36,3.41,Good Standing,Spring 2027,1,0,2,10110
CID-218988,Chidi,Garcia,Chidi Garcia,Fall 2022,First-Time Freshman,Computer Science,Data Science,Not Applicable,Not Applicable,Senior,Out-of-State,Full-Time,FALSE,9,122,120,2.96,2.83,Good Standing,Spring 2027,0,0,4,99050
CID-703565,David,Price,David Price,Fall 2025,First-Time Freshman,Computer Science,Data Science,Not Applicable,Not Applicable,Sophomore,In-State,Full-Time,FALSE,8,31,120,2.74,3.50,Good Standing,Spring 2030,0,0,3,14060
CID-995184,Elena,Flores,Elena Flores,Fall 2026,First-Time Freshman,Computer Science,Software Engineering,Not Applicable,Not Applicable,Freshman,Out-of-State,Full-Time,TRUE,10,0,120,Not Applicable,Not Applicable,Good Standing,Spring 2031,0,0,0,0
CID-208244,Kiara,Henderson,Kiara Henderson,Fall 2026,First-Time Freshman,Computer Science,General,Not Applicable,Not Applicable,Freshman,Out-of-State,Full-Time,FALSE,5,0,120,Not Applicable,Not Applicable,Good Standing,Spring 2031,0,2,5,0
CID-117653,David,Brown,David Brown,Fall 2023,First-Time Freshman,Computer Science,General,Not Applicable,Not Applicable,Senior,Out-of-State,Full-Time,TRUE,13,94,120,2.81,2.90,Good Standing,Fall 2027,1,1,4,46680
CID-356097,Sara,Singh,Sara Singh,Fall 2025,First-Time Freshman,Computer Science,Cybersecurity,Not Applicable,Not Applicable,Freshman,In-State,Part-Time,FALSE,22,11,120,2.64,2.64,Good Standing,Spring 2035,0,0,1,6180
CID-391929,Nora,Ellis,Nora Ellis,Fall 2026,Transfer,Computer Science,Software Engineering,Not Applicable,Not Applicable,Sophomore,In-State,Full-Time,FALSE,11,46,120,Not Applicable,Not Applicable,Good Standing,Fall 2029,0,2,1,0
CID-888256,Elena,Harris,Elena Harris,Fall 2023,First-Time Freshman,Information Systems,General,Not Applicable,Not Applicable,Junior,In-State,Full-Time,FALSE,6,81,120,2.85,2.56,Good Standing,Spring 2028,1,0,1,26920
CID-834851,Xiomara,Gonzalez,Xiomara Gonzalez,Fall 2023,Transfer,Information Systems,Cybersecurity Management,Not Applicable,Not Applicable,Junior,In-State,Part-Time,FALSE,19,75,120,3.54,3.50,Good Standing,Spring 2030,1,1,2,9640
CID-418612,Lucas,Ho,Lucas Ho,Fall 2026,First-Time Freshman,Information Systems,General,Not Applicable,Not Applicable,Freshman,Out-of-State,Full-Time,FALSE,11,0,120,Not Applicable,Not Applicable,Good Standing,Spring 2031,0,0,3,0
CID-543307,Tariq,Wood,Tariq Wood,Fall 2025,Transfer,Information Systems,Software Development,Not Applicable,Economics,Junior,In-State,Part-Time,TRUE,29,63,120,2.25,2.33,Good Standing,Spring 2031,0,2,5,3080
CID-127977,Kai,Zhao,Kai Zhao,Fall 2024,First-Time Freshman,Computer Science,General,Not Applicable,Not Applicable,Sophomore,Out-of-State,Full-Time,FALSE,9,55,120,2.47,2.54,Good Standing,Spring 2029,0,0,2,40300
CID-356382,Kai,Oliveira,Kai Oliveira,Fall 2024,First-Time Freshman,Computer Science,Cybersecurity,Not Applicable,Not Applicable,Sophomore,In-State,Full-Time,FALSE,3,57,120,3.46,3.29,Good Standing,Spring 2029,1,1,4,19800
CID-941566,Michael,Stewart,Michael Stewart,Fall 2025,First-Time Freshman,Computer Science,Artificial Intelligence,Not Applicable,Not Applicable,Sophomore,In-State,Full-Time,FALSE,4,35,120,3.51,3.00,Good Standing,Spring 2030,0,2,2,11810
CID-156931,Khalil,Thomas,Khalil Thomas,Fall 2025,First-Time Freshman,Computer Science,General,Not Applicable,Economics,Freshman,In-State,Full-Time,FALSE,7,23,120,2.30,2.00,Good Standing,Spring 2030,1,1,0,10080
CID-246493,Sara,Wong,Sara Wong,Fall 2026,First-Time Freshman,Computer Science,Software Engineering,Not Applicable,Not Applicable,Freshman,In-State,Full-Time,TRUE,13,0,120,Not Applicable,Not Applicable,Good Standing,Spring 2031,0,2,3,0
CID-644878,Elena,Gray,Elena Gray,Fall 2023,First-Time Freshman,Information Systems,Cybersecurity Management,Not Applicable,Not Applicable,Senior,In-State,Full-Time,FALSE,4,97,120,3.27,3.08,Good Standing,Fall 2027,2,0,1,38280
CID-252163,Khalil,Shah,Khalil Shah,Fall 2024,First-Time Freshman,Computer Science,Cybersecurity,Not Applicable,Not Applicable,Junior,In-State,Full-Time,FALSE,5,64,120,3.58,3.54,Good Standing,Fall 2028,0,2,0,20730
CID-340137,Zara,Ward,Zara Ward,Fall 2025,Transfer,Computer Science,Software Engineering,Not Applicable,Data Science,Junior,In-State,Part-Time,TRUE,36,76,120,3.86,3.57,Good Standing,Spring 2030,0,0,1,2610
CID-732213,Fatima,Kelly,Fatima Kelly,Fall 2025,Transfer,Computer Science,Software Engineering,Not Applicable,Not Applicable,Junior,In-State,Full-Time,FALSE,5,89,120,2.75,2.64,Good Standing,Fall 2027,0,0,1,7020
CID-366114,Miguel,Wilson,Miguel Wilson,Fall 2024,First-Time Freshman,Information Systems,Cybersecurity Management,Not Applicable,Not Applicable,Freshman,In-State,Part-Time,FALSE,21,28,120,2.75,3.00,Good Standing,Fall 2033,0,0,3,15940
CID-438498,Gabriel,Lewis,Gabriel Lewis,Fall 2026,First-Time Freshman,Computer Science,Data Science,Not Applicable,Not Applicable,Freshman,In-State,Full-Time,TRUE,8,0,120,Not Applicable,Not Applicable,Good Standing,Spring 2031,0,2,0,0
CID-491944,Victor,Cooper,Victor Cooper,Fall 2024,First-Time Freshman,Information Systems,Health Information Technology,Not Applicable,Not Applicable,Junior,In-State,Full-Time,FALSE,17,63,120,3.38,3.29,Good Standing,Fall 2028,0,2,2,23540
CID-422647,Jayden,Hall,Jayden Hall,Fall 2025,Transfer,Information Systems,Health Information Technology,Not Applicable,Not Applicable,Junior,Out-of-State,Full-Time,FALSE,15,70,120,3.10,3.00,Good Standing,Fall 2028,1,0,3,13160
CID-917356,Daniel,Kim,Daniel Kim,Fall 2025,First-Time Freshman,Computer Science,Data Science,Information Systems,Not Applicable,Freshman,Out-of-State,Full-Time,FALSE,11,29,120,3.21,2.50,Good Standing,Spring 2030,0,0,3,24870
CID-534613,Chidi,Okafor,Chidi Okafor,Fall 2025,First-Time Freshman,Information Systems,Cybersecurity Management,Not Applicable,Not Applicable,Freshman,In-State,Full-Time,TRUE,8,22,120,2.55,3.00,Good Standing,Fall 2030,1,0,2,7300
CID-273938,Kevin,Powell,Kevin Powell,Fall 2026,Transfer,Computer Science,General,Not Applicable,Not Applicable,Sophomore,Out-of-State,Full-Time,FALSE,5,31,120,Not Applicable,Not Applicable,Good Standing,Spring 2030,0,0,2,0
CID-167016,Emma,Hernandez,Emma Hernandez,Fall 2024,Transfer,Computer Science,Software Engineering,Not Applicable,Not Applicable,Senior,In-State,Full-Time,FALSE,7,102,120,2.86,2.69,Good Standing,Spring 2027,1,2,5,14280
CID-937032,Sophia,Gomez,Sophia Gomez,Fall 2026,First-Time Freshman,Information Systems,Health Information Technology,Not Applicable,Not Applicable,Freshman,In-State,Full-Time,TRUE,11,0,120,Not Applicable,Not Applicable,Good Standing,Spring 2031,0,0,4,0
CID-481421,Ansel,Brooks,Ansel Brooks,Fall 2025,Transfer,Information Systems,General,Not Applicable,Not Applicable,Sophomore,In-State,Full-Time,TRUE,15,53,120,2.00,2.00,Good Standing,Spring 2029,0,0,2,5640
CID-600343,Naomi,Bell,Naomi Bell,Fall 2024,First-Time Freshman,Information Systems,General,Not Applicable,Not Applicable,Sophomore,Out-of-State,Full-Time,FALSE,6,59,120,2.95,3.00,Good Standing,Spring 2029,1,0,1,51510
CID-970773,Simone,Nguyen,Simone Nguyen,Fall 2024,Transfer,Computer Science,Cybersecurity,Not Applicable,Not Applicable,Senior,In-State,Full-Time,FALSE,14,106,120,3.03,3.00,Good Standing,Spring 2027,1,0,2,13840
CID-129190,Liam,Zhao,Liam Zhao,Fall 2024,First-Time Freshman,Computer Science,Data Science,Not Applicable,Not Applicable,Junior,Out-of-State,Full-Time,FALSE,0,61,120,3.20,3.04,Good Standing,Spring 2029,1,2,7,51840
CID-805210,Lucas,Thomas,Lucas Thomas,Fall 2026,First-Time Freshman,Computer Science,Software Engineering,Not Applicable,Not Applicable,Freshman,In-State,Full-Time,FALSE,4,0,120,Not Applicable,Not Applicable,Good Standing,Spring 2031,0,0,2,0
CID-840873,Nora,Thompson,Nora Thompson,Fall 2022,First-Time Freshman,Information Systems,Software Development,Not Applicable,Not Applicable,Senior,In-State,Full-Time,TRUE,17,111,120,2.76,2.79,Good Standing,Spring 2027,1,0,2,32090
CID-572516,Aiden,Morales,Aiden Morales,Fall 2025,Transfer,Information Systems,Business Analytics,Not Applicable,Not Applicable,Junior,In-State,Full-Time,FALSE,12,89,120,3.40,3.43,Good Standing,Fall 2027,1,2,3,6970
CID-687511,Nicholas,Jenkins,Nicholas Jenkins,Fall 2025,First-Time Freshman,Computer Science,Cybersecurity,Not Applicable,Cybersecurity,Sophomore,In-State,Full-Time,FALSE,19,39,120,2.82,3.00,Good Standing,Fall 2029,1,0,1,17840
CID-974005,Noah,Diaz,Noah Diaz,Fall 2022,First-Time Freshman,Computer Science,Cybersecurity,Not Applicable,Not Applicable,Senior,In-State,Full-Time,FALSE,3,132,120,3.43,3.35,Good Standing,Spring 2027,0,0,2,51540
CID-909004,Elijah,Ross,Elijah Ross,Fall 2025,Transfer,Computer Science,General,Not Applicable,Not Applicable,Sophomore,In-State,Full-Time,FALSE,5,59,120,3.42,3.50,Good Standing,Spring 2029,1,0,6,4330
CID-232214,Fatima,Nguyen,Fatima Nguyen,Fall 2026,Transfer,Computer Science,Software Engineering,Not Applicable,Not Applicable,Junior,Out-of-State,Full-Time,FALSE,8,61,120,Not Applicable,Not Applicable,Good Standing,Spring 2029,0,0,2,0
CID-445529,Wei,Oliveira,Wei Oliveira,Fall 2026,First-Time Freshman,Computer Science,Software Engineering,Not Applicable,Not Applicable,Freshman,Out-of-State,Full-Time,FALSE,4,0,120,Not Applicable,Not Applicable,Good Standing,Spring 2031,0,0,2,0
CID-766976,Alina,Foster,Alina Foster,Fall 2025,First-Time Freshman,Computer Science,Data Science,Not Applicable,Not Applicable,Freshman,In-State,Part-Time,FALSE,12,15,120,2.73,2.73,Good Standing,Fall 2034,0,1,4,8130
CID-827233,Victor,White,Victor White,Fall 2026,First-Time Freshman,Computer Science,Software Engineering,Not Applicable,Not Applicable,Freshman,In-State,Full-Time,TRUE,24,0,120,Not Applicable,Not Applicable,Good Standing,Spring 2031,0,0,1,0
CID-425041,Eli,Okafor,Eli Okafor,Fall 2026,First-Time Freshman,Computer Science,Software Engineering,Not Applicable,Not Applicable,Freshman,Out-of-State,Full-Time,FALSE,8,0,120,Not Applicable,Not Applicable,Good Standing,Spring 2031,0,0,0,0
CID-844641,Ravi,Perry,Ravi Perry,Fall 2025,Transfer,Computer Science,Software Engineering,Not Applicable,Not Applicable,Junior,In-State,Full-Time,FALSE,4,78,120,3.81,3.50,Good Standing,Spring 2028,1,2,2,6350
CID-180978,William,Morgan,William Morgan,Fall 2025,Transfer,Computer Science,General,Not Applicable,Not Applicable,Junior,Out-of-State,Full-Time,TRUE,13,68,120,2.36,2.60,Good Standing,Fall 2028,0,0,3,9840
CID-960785,Mia,Zhao,Mia Zhao,Fall 2024,First-Time Freshman,Computer Science,General,Not Applicable,Not Applicable,Sophomore,In-State,Full-Time,FALSE,17,55,120,2.67,2.62,Good Standing,Spring 2029,0,0,1,26360
CID-497427,Elijah,Price,Elijah Price,Fall 2024,Transfer,Computer Science,Data Science,Not Applicable,Not Applicable,Senior,In-State,Full-Time,FALSE,16,128,120,2.69,2.66,Good Standing,Spring 2027,1,0,3,17380
CID-634587,Zara,Stewart,Zara Stewart,Fall 2023,First-Time Freshman,Computer Science,Artificial Intelligence,Not Applicable,Business Administration,Senior,In-State,Full-Time,FALSE,8,95,120,3.27,3.07,Good Standing,Fall 2027,1,0,1,34220
CID-431630,Benjamin,Foster,Benjamin Foster,Fall 2025,Transfer,Computer Science,General,Not Applicable,Not Applicable,Junior,In-State,Full-Time,FALSE,4,71,120,2.69,3.30,Good Standing,Fall 2028,1,1,2,4440
CID-519573,Jacob,Martinez,Jacob Martinez,Fall 2023,Transfer,Computer Science,Cybersecurity,Not Applicable,Not Applicable,Senior,In-State,Full-Time,FALSE,2,115,120,2.78,2.71,Good Standing,Spring 2027,2,0,2,21010
CID-901825,Victor,Foster,Victor Foster,Fall 2026,First-Time Freshman,Computer Science,Artificial Intelligence,Mathematics,Not Applicable,Freshman,Out-of-State,Part-Time,FALSE,26,0,120,Not Applicable,Not Applicable,Good Standing,Fall 2035,0,1,2,0
CID-791144,Caleb,Ward,Caleb Ward,Fall 2024,First-Time Freshman,Computer Science,Data Science,Not Applicable,Not Applicable,Junior,Out-of-State,Full-Time,TRUE,2,64,120,3.44,3.71,Good Standing,Fall 2028,0,0,2,45720
CID-653948,Ava,Ibrahim,Ava Ibrahim,Fall 2025,First-Time Freshman,Information Systems,General,Statistics,Business Administration,Sophomore,In-State,Full-Time,TRUE,9,32,120,3.16,4.00,Good Standing,Spring 2030,0,1,1,9580
CID-607863,Liam,Murphy,Liam Murphy,Fall 2026,Transfer,Computer Science,General,Not Applicable,Not Applicable,Sophomore,In-State,Full-Time,FALSE,10,47,120,Not Applicable,Not Applicable,Good Standing,Fall 2029,0,0,1,0
CID-212121,Miguel,Harris,Miguel Harris,Fall 2025,First-Time Freshman,Information Systems,Software Development,Not Applicable,Not Applicable,Freshman,In-State,Full-Time,FALSE,13,28,120,2.68,2.00,Good Standing,Spring 2030,1,2,6,13140
CID-659070,Anaya,Ochoa,Anaya Ochoa,Fall 2026,First-Time Freshman,Computer Science,Software Engineering,Not Applicable,Business Administration,Freshman,In-State,Full-Time,FALSE,10,0,120,Not Applicable,Not Applicable,Good Standing,Spring 2031,0,0,4,0
CID-484247,Daniel,Jackson,Daniel Jackson,Fall 2025,Transfer,Computer Science,Cybersecurity,Not Applicable,Not Applicable,Junior,In-State,Full-Time,FALSE,7,70,120,2.52,2.65,Good Standing,Fall 2028,1,0,0,6380
CID-132193,Grace,Wood,Grace Wood,Fall 2023,First-Time Freshman,Computer Science,Data Science,Not Applicable,Entrepreneurship,Senior,In-State,Full-Time,TRUE,2,94,120,2.57,2.40,Good Standing,Fall 2027,1,0,0,30080
CID-708103,Aiden,Anderson,Aiden Anderson,Fall 2025,Transfer,Information Systems,Business Analytics,Not Applicable,Not Applicable,Junior,In-State,Full-Time,FALSE,5,87,120,2.78,2.71,Good Standing,Spring 2028,1,0,1,5840
CID-855537,Chidi,Thompson,Chidi Thompson,Fall 2024,First-Time Freshman,Computer Science,General,Not Applicable,Not Applicable,Freshman,In-State,Part-Time,TRUE,23,26,120,2.69,3.36,Good Standing,Fall 2033,0,0,3,12280
CID-790781,Valeria,Wright,Valeria Wright,Fall 2025,First-Time Freshman,Information Systems,General,Not Applicable,Not Applicable,Freshman,In-State,Full-Time,FALSE,25,19,120,1.39,2.00,Academic Probation,Fall 2030,0,0,5,11550
CID-763965,Maya,Shah,Maya Shah,Fall 2022,First-Time Freshman,Computer Science,Data Science,Not Applicable,Not Applicable,Senior,In-State,Full-Time,FALSE,15,129,120,3.05,3.03,Good Standing,Spring 2027,2,2,2,38690
CID-476277,Hiroshi,Stewart,Hiroshi Stewart,Fall 2026,First-Time Freshman,Information Systems,Health Information Technology,Not Applicable,Not Applicable,Freshman,In-State,Part-Time,TRUE,10,0,120,Not Applicable,Not Applicable,Good Standing,Fall 2035,0,0,5,0
CID-368522,Elijah,Perez,Elijah Perez,Fall 2025,First-Time Freshman,Information Systems,General,Not Applicable,Entrepreneurship,Sophomore,In-State,Full-Time,FALSE,15,32,120,3.22,3.00,Good Standing,Spring 2030,1,0,3,12140
CID-483979,Ansel,Kaur,Ansel Kaur,Fall 2026,First-Time Freshman,Information Systems,Software Development,Not Applicable,Not Applicable,Freshman,In-State,Full-Time,FALSE,0,0,120,Not Applicable,Not Applicable,Good Standing,Spring 2031,0,1,1,0
CID-779800,Kayla,Brown,Kayla Brown,Fall 2026,First-Time Freshman,Computer Science,Software Engineering,Not Applicable,Statistics,Freshman,Out-of-State,Full-Time,FALSE,13,0,120,Not Applicable,Not Applicable,Good Standing,Spring 2031,0,0,2,0
CID-492587,Ethan,Lopez,Ethan Lopez,Fall 2026,Transfer,Computer Science,Data Science,Not Applicable,Not Applicable,Sophomore,In-State,Part-Time,TRUE,25,36,120,Not Applicable,Not Applicable,Good Standing,Spring 2033,0,2,0,0
CID-763621,Jasmine,Campbell,Jasmine Campbell,Fall 2022,First-Time Freshman,Information Systems,Cybersecurity Management,Not Applicable,Not Applicable,Senior,In-State,Full-Time,TRUE,13,103,120,2.45,2.50,Good Standing,Spring 2027,0,0,3,32660
CID-764939,Nina,Gray,Nina Gray,Fall 2025,First-Time Freshman,Computer Science,Cybersecurity,Not Applicable,Data Science,Freshman,In-State,Full-Time,FALSE,3,26,120,2.96,3.00,Good Standing,Spring 2030,0,1,3,10740
CID-411260,Maya,Zhang,Maya Zhang,Fall 2025,First-Time Freshman,Computer Science,Software Engineering,Not Applicable,Not Applicable,Freshman,In-State,Full-Time,TRUE,6,29,120,3.10,2.50,Good Standing,Spring 2030,0,0,6,8760
CID-872586,Noah,Owens,Noah Owens,Fall 2023,First-Time Freshman,Computer Science,Software Engineering,Not Applicable,Philosophy,Sophomore,Out-of-State,Part-Time,FALSE,22,47,120,2.55,2.35,Good Standing,Spring 2032,1,0,1,34800
CID-194446,Eli,Mendez,Eli Mendez,Fall 2026,First-Time Freshman,Computer Science,Data Science,Not Applicable,Not Applicable,Freshman,In-State,Full-Time,FALSE,11,0,120,Not Applicable,Not Applicable,Good Standing,Spring 2031,0,0,2,0
CID-687299,Nathan,Perez,Nathan Perez,Fall 2026,Transfer,Information Systems,Software Development,Not Applicable,Not Applicable,Sophomore,In-State,Full-Time,FALSE,8,35,120,Not Applicable,Not Applicable,Good Standing,Spring 2030,0,3,3,0
CID-438912,Noah,Patel,Noah Patel,Fall 2025,First-Time Freshman,Information Systems,Software Development,Not Applicable,Not Applicable,Freshman,Out-of-State,Full-Time,FALSE,16,28,120,2.93,3.00,Good Standing,Spring 2030,1,2,1,19880
CID-749071,Jada,Rivera,Jada Rivera,Fall 2023,First-Time Freshman,Information Systems,Business Analytics,Not Applicable,Not Applicable,Senior,In-State,Full-Time,FALSE,5,93,120,3.17,2.92,Good Standing,Fall 2027,2,3,3,37270
CID-661929,Thomas,Ross,Thomas Ross,Fall 2024,Transfer,Computer Science,Software Engineering,Not Applicable,Not Applicable,Senior,In-State,Full-Time,FALSE,11,108,120,2.95,3.00,Good Standing,Spring 2027,1,0,2,13220
CID-445630,Fatima,Edwards,Fatima Edwards,Fall 2023,First-Time Freshman,Computer Science,General,Not Applicable,Not Applicable,Junior,Out-of-State,Full-Time,FALSE,11,89,120,2.80,2.76,Good Standing,Fall 2027,0,0,0,76070
CID-358824,Luna,Edwards,Luna Edwards,Fall 2025,First-Time Freshman,Computer Science,Software Engineering,Not Applicable,Not Applicable,Sophomore,In-State,Full-Time,TRUE,6,32,120,2.97,2.91,Good Standing,Spring 2030,0,0,5,14590
CID-939090,Mia,Hughes,Mia Hughes,Fall 2024,First-Time Freshman,Computer Science,Software Engineering,Not Applicable,Not Applicable,Sophomore,In-State,Part-Time,TRUE,13,44,120,3.66,3.53,Good Standing,Fall 2032,1,1,3,16970
CID-494699,Jayden,White,Jayden White,Fall 2024,First-Time Freshman,Computer Science,Artificial Intelligence,Not Applicable,Not Applicable,Sophomore,In-State,Part-Time,FALSE,26,32,120,2.53,2.73,Good Standing,Fall 2033,1,0,4,16320
CID-112848,Mohammed,Ross,Mohammed Ross,Fall 2023,First-Time Freshman,Computer Science,Software Engineering,Not Applicable,Not Applicable,Junior,In-State,Full-Time,FALSE,4,79,120,3.06,3.17,Good Standing,Spring 2028,1,0,5,29540
CID-702472,Jasmine,Brown,Jasmine Brown,Fall 2025,Transfer,Information Systems,Business Analytics,Statistics,Philosophy,Sophomore,In-State,Full-Time,TRUE,10,54,120,2.79,3.00,Good Standing,Spring 2029,0,2,2,4470
CID-231315,Amir,Stewart,Amir Stewart,Fall 2024,First-Time Freshman,Information Systems,Cybersecurity Management,Not Applicable,Not Applicable,Junior,Out-of-State,Full-Time,FALSE,3,61,120,2.97,3.14,Good Standing,Spring 2029,1,2,4,43910
CID-269254,Miguel,Martin,Miguel Martin,Fall 2025,First-Time Freshman,Computer Science,Data Science,Not Applicable,Not Applicable,Freshman,In-State,Part-Time,FALSE,25,13,120,2.46,2.46,Good Standing,Fall 2034,0,0,5,5630
CID-978762,Rachel,Mendez,Rachel Mendez,Fall 2026,First-Time Freshman,Computer Science,Artificial Intelligence,Not Applicable,Not Applicable,Freshman,Out-of-State,Full-Time,FALSE,8,0,120,Not Applicable,Not Applicable,Good Standing,Spring 2031,0,2,7,0
CID-488977,Ethan,Carter,Ethan Carter,Fall 2026,First-Time Freshman,Information Systems,General,Not Applicable,Not Applicable,Freshman,In-State,Full-Time,FALSE,2,0,120,Not Applicable,Not Applicable,Good Standing,Spring 2031,0,0,0,0
CID-611602,Deepa,Rogers,Deepa Rogers,Fall 2024,First-Time Freshman,Information Systems,Business Analytics,Not Applicable,Not Applicable,Sophomore,Out-of-State,Full-Time,TRUE,7,54,120,2.70,2.40,Good Standing,Spring 2029,1,0,3,31460
CID-545735,Elena,Wong,Elena Wong,Fall 2026,Transfer,Computer Science,General,Not Applicable,Political Science,Freshman,In-State,Full-Time,FALSE,5,24,120,Not Applicable,Not Applicable,Good Standing,Spring 2030,0,0,1,0
CID-113915,Priya,Jackson,Priya Jackson,Fall 2026,Transfer,Computer Science,General,Not Applicable,Mathematics,Sophomore,In-State,Full-Time,TRUE,15,56,120,Not Applicable,Not Applicable,Good Standing,Spring 2029,0,0,2,0
CID-961388,Tariq,Murphy,Tariq Murphy,Fall 2023,First-Time Freshman,Information Systems,Cybersecurity Management,Not Applicable,Not Applicable,Junior,In-State,Full-Time,TRUE,10,81,120,2.74,2.60,Good Standing,Spring 2028,1,0,0,20770
CID-608522,Xiomara,Wang,Xiomara Wang,Fall 2026,Transfer,Information Systems,Software Development,Not Applicable,Not Applicable,Junior,In-State,Full-Time,FALSE,22,65,120,Not Applicable,Not Applicable,Good Standing,Fall 2028,0,1,3,0
CID-143888,Rania,Gray,Rania Gray,Fall 2026,Transfer,Computer Science,Cybersecurity,Not Applicable,Data Science,Sophomore,In-State,Full-Time,FALSE,13,55,120,Not Applicable,Not Applicable,Good Standing,Spring 2029,0,0,4,0
CID-299971,Daniela,Brooks,Daniela Brooks,Fall 2024,First-Time Freshman,Computer Science,General,Not Applicable,Not Applicable,Sophomore,Out-of-State,Full-Time,FALSE,2,58,120,3.22,3.29,Good Standing,Spring 2029,1,0,5,34290
CID-178280,Anaya,Powell,Anaya Powell,Fall 2025,First-Time Freshman,Computer Science,General,Not Applicable,Economics,Sophomore,Out-of-State,Full-Time,TRUE,15,33,120,3.76,3.27,Good Standing,Spring 2030,0,0,2,26130
CID-924199,Valeria,Turner,Valeria Turner,Fall 2023,First-Time Freshman,Information Systems,General,Not Applicable,Not Applicable,Senior,In-State,Full-Time,FALSE,10,97,120,3.79,3.77,Good Standing,Fall 2027,2,3,6,25900
CID-660698,Miguel,Anderson,Miguel Anderson,Fall 2023,First-Time Freshman,Information Systems,Cybersecurity Management,Not Applicable,Not Applicable,Junior,Out-of-State,Full-Time,FALSE,8,80,120,2.92,2.33,Good Standing,Spring 2028,1,0,5,74270
CID-244069,Jing,Martinez,Jing Martinez,Fall 2022,First-Time Freshman,Computer Science,Software Engineering,Not Applicable,Not Applicable,Senior,In-State,Full-Time,TRUE,15,101,120,2.71,2.94,Good Standing,Spring 2027,0,0,1,26020
CID-191552,Jada,Wang,Jada Wang,Fall 2023,First-Time Freshman,Information Systems,Business Analytics,Not Applicable,Not Applicable,Senior,In-State,Full-Time,FALSE,7,99,120,3.60,3.57,Good Standing,Fall 2027,2,0,2,24770
CID-416534,Zara,Sullivan,Zara Sullivan,Fall 2025,Transfer,Computer Science,Cybersecurity,Not Applicable,Not Applicable,Senior,In-State,Full-Time,FALSE,12,92,120,2.50,2.46,Good Standing,Fall 2027,0,0,1,5720
CID-754918,Samir,Reyes,Samir Reyes,Fall 2026,First-Time Freshman,Computer Science,Cybersecurity,Not Applicable,Not Applicable,Freshman,In-State,Full-Time,FALSE,0,0,120,Not Applicable,Not Applicable,Good Standing,Spring 2031,0,0,6,0
CID-768255,Hiroshi,Murphy,Hiroshi Murphy,Fall 2024,First-Time Freshman,Computer Science,Software Engineering,Not Applicable,Not Applicable,Sophomore,In-State,Full-Time,FALSE,13,59,120,3.08,3.00,Good Standing,Spring 2029,0,0,4,23170
CID-933726,Kayla,King,Kayla King,Fall 2024,First-Time Freshman,Information Systems,Business Analytics,Not Applicable,Not Applicable,Sophomore,In-State,Full-Time,FALSE,15,56,120,2.84,2.80,Good Standing,Spring 2029,0,0,5,25650
CID-865790,Beatriz,King,Beatriz King,Fall 2025,First-Time Freshman,Information Systems,Software Development,Not Applicable,Economics,Sophomore,In-State,Full-Time,FALSE,4,32,120,3.78,4.00,Good Standing,Spring 2030,1,1,4,8360
CID-949099,Benjamin,Carter,Benjamin Carter,Fall 2026,First-Time Freshman,Information Systems,Software Development,Not Applicable,Not Applicable,Freshman,In-State,Full-Time,FALSE,11,0,120,Not Applicable,Not Applicable,Good Standing,Spring 2031,0,0,2,0
CID-889143,Jada,Henderson,Jada Henderson,Fall 2026,Transfer,Computer Science,Artificial Intelligence,Not Applicable,Not Applicable,Sophomore,In-State,Full-Time,TRUE,18,33,120,Not Applicable,Not Applicable,Good Standing,Spring 2030,0,0,0,0
CID-419591,Camila,Williams,Camila Williams,Fall 2024,First-Time Freshman,Computer Science,General,Not Applicable,Not Applicable,Sophomore,In-State,Full-Time,FALSE,8,59,120,2.68,2.67,Good Standing,Spring 2029,0,1,2,20390
CID-164957,Mohammed,Simmons,Mohammed Simmons,Fall 2024,First-Time Freshman,Computer Science,Data Science,Not Applicable,Not Applicable,Sophomore,In-State,Full-Time,TRUE,16,58,120,3.22,3.29,Good Standing,Spring 2029,0,0,0,18090
CID-416467,Ava,Lee,Ava Lee,Fall 2026,Transfer,Information Systems,Business Analytics,Not Applicable,Not Applicable,Sophomore,In-State,Full-Time,FALSE,14,57,120,Not Applicable,Not Applicable,Good Standing,Spring 2029,0,0,3,0
CID-841201,Nicholas,Gupta,Nicholas Gupta,Fall 2025,Transfer,Information Systems,Cybersecurity Management,Mathematics,Economics,Junior,In-State,Full-Time,FALSE,13,72,120,3.52,3.40,Good Standing,Fall 2028,0,1,3,7570
CID-599275,Gabriel,Jackson,Gabriel Jackson,Fall 2025,First-Time Freshman,Computer Science,Data Science,Not Applicable,Not Applicable,Freshman,Out-of-State,Full-Time,FALSE,7,29,120,3.28,3.50,Good Standing,Spring 2030,0,0,1,16800
CID-960859,Aaliyah,Shah,Aaliyah Shah,Fall 2025,First-Time Freshman,Information Systems,General,Not Applicable,Not Applicable,Freshman,In-State,Full-Time,TRUE,11,26,120,2.31,2.00,Good Standing,Spring 2030,0,0,1,9070
CID-868155,Daniela,Zhang,Daniela Zhang,Fall 2022,First-Time Freshman,Information Systems,General,Not Applicable,Not Applicable,Senior,In-State,Full-Time,FALSE,12,103,120,2.88,2.80,Good Standing,Spring 2027,1,0,5,33990
CID-694738,Beatriz,Jackson,Beatriz Jackson,Fall 2025,Transfer,Information Systems,Software Development,Not Applicable,Not Applicable,Junior,In-State,Full-Time,FALSE,10,67,120,3.50,3.75,Good Standing,Fall 2028,1,2,4,5050
CID-464129,Elena,Peterson,Elena Peterson,Fall 2024,Transfer,Computer Science,Data Science,Not Applicable,Not Applicable,Junior,In-State,Part-Time,FALSE,27,87,120,3.50,3.23,Good Standing,Spring 2029,1,1,5,4880
CID-248099,Nora,Hughes,Nora Hughes,Fall 2025,First-Time Freshman,Computer Science,Data Science,Not Applicable,Philosophy,Sophomore,In-State,Full-Time,FALSE,7,32,120,3.88,3.50,Good Standing,Spring 2030,1,0,5,9060
CID-721192,Nadia,Brooks,Nadia Brooks,Fall 2025,First-Time Freshman,Computer Science,Software Engineering,Not Applicable,Not Applicable,Sophomore,Out-of-State,Full-Time,FALSE,10,31,120,3.52,3.50,Good Standing,Spring 2030,0,0,1,30320
CID-812650,Chloe,Brooks,Chloe Brooks,Fall 2024,Transfer,Computer Science,General,Not Applicable,Economics,Junior,In-State,Full-Time,FALSE,7,83,120,2.09,2.50,Good Standing,Spring 2028,1,0,1,17070
CID-441031,Luna,Lee,Luna Lee,Fall 2023,Transfer,Computer Science,General,Not Applicable,Not Applicable,Senior,In-State,Full-Time,TRUE,12,155,120,3.78,3.76,Good Standing,Spring 2027,1,0,1,7220
CID-424010,Xiomara,Rodriguez,Xiomara Rodriguez,Fall 2025,Transfer,Computer Science,General,Not Applicable,Business Administration,Junior,In-State,Full-Time,FALSE,11,68,120,2.86,3.40,Good Standing,Fall 2028,1,0,5,6910
CID-559262,Benjamin,Gupta,Benjamin Gupta,Fall 2025,Transfer,Computer Science,Cybersecurity,Not Applicable,Not Applicable,Junior,In-State,Full-Time,FALSE,13,65,120,2.26,2.54,Good Standing,Fall 2028,0,0,2,6070
CID-780878,Rachel,Hill,Rachel Hill,Fall 2025,Transfer,Computer Science,Artificial Intelligence,Not Applicable,Not Applicable,Junior,In-State,Full-Time,FALSE,18,80,120,2.29,2.00,Good Standing,Spring 2028,0,0,3,7390
CID-996883,Noah,Anderson,Noah Anderson,Fall 2022,First-Time Freshman,Information Systems,Health Information Technology,Not Applicable,Not Applicable,Senior,In-State,Full-Time,FALSE,1,118,120,3.62,3.47,Good Standing,Spring 2027,1,2,2,35280
CID-194984,David,Reed,David Reed,Fall 2023,Transfer,Information Systems,Business Analytics,Not Applicable,Not Applicable,Senior,In-State,Full-Time,FALSE,11,117,120,3.07,3.06,Good Standing,Spring 2027,2,1,0,18950
CID-728974,Chloe,Oliveira,Chloe Oliveira,Fall 2025,Transfer,Computer Science,Artificial Intelligence,Not Applicable,Not Applicable,Junior,Out-of-State,Full-Time,FALSE,17,73,120,2.86,2.60,Good Standing,Fall 2028,1,0,2,9570
CID-812796,Emma,Jones,Emma Jones,Fall 2025,Transfer,Computer Science,Data Science,Not Applicable,Not Applicable,Senior,In-State,Full-Time,FALSE,12,93,120,2.53,2.50,Good Standing,Fall 2027,0,3,3,8930
CID-685740,Bianca,Huang,Bianca Huang,Fall 2026,Transfer,Computer Science,Software Engineering,Not Applicable,Not Applicable,Junior,In-State,Full-Time,FALSE,10,64,120,Not Applicable,Not Applicable,Good Standing,Fall 2028,0,0,4,0
CID-745066,Daniel,Brooks,Daniel Brooks,Fall 2026,First-Time Freshman,Computer Science,Software Engineering,Not Applicable,Economics,Freshman,Out-of-State,Full-Time,FALSE,20,0,120,Not Applicable,Not Applicable,Good Standing,Spring 2031,0,0,2,0
CID-651953,Jing,Clark,Jing Clark,Fall 2026,First-Time Freshman,Information Systems,Cybersecurity Management,Not Applicable,Not Applicable,Freshman,Out-of-State,Full-Time,TRUE,2,0,120,Not Applicable,Not Applicable,Good Standing,Spring 2031,0,0,5,0
CID-249446,Sara,Tran,Sara Tran,Fall 2024,Transfer,Computer Science,Cybersecurity,Not Applicable,Not Applicable,Junior,In-State,Full-Time,FALSE,11,74,120,2.17,2.27,Good Standing,Fall 2028,1,0,2,10680
CID-953024,Priya,Ibrahim,Priya Ibrahim,Fall 2026,First-Time Freshman,Computer Science,General,Not Applicable,Not Applicable,Freshman,In-State,Full-Time,FALSE,11,0,120,Not Applicable,Not Applicable,Good Standing,Spring 2031,0,0,1,0
CID-286153,Hiroshi,Ward,Hiroshi Ward,Fall 2026,First-Time Freshman,Information Systems,Cybersecurity Management,Not Applicable,Not Applicable,Freshman,Out-of-State,Part-Time,TRUE,25,0,120,Not Applicable,Not Applicable,Good Standing,Fall 2035,0,0,1,0
CID-222070,Nicholas,Silva,Nicholas Silva,Fall 2026,First-Time Freshman,Computer Science,Cybersecurity,Not Applicable,Not Applicable,Freshman,In-State,Full-Time,TRUE,11,0,120,Not Applicable,Not Applicable,Good Standing,Spring 2031,0,2,6,0
CID-149417,Ava,Kim,Ava Kim,Fall 2026,First-Time Freshman,Computer Science,General,Not Applicable,Not Applicable,Freshman,In-State,Part-Time,TRUE,22,0,120,Not Applicable,Not Applicable,Good Standing,Fall 2035,0,0,2,0
CID-602092,Yara,Chen,Yara Chen,Fall 2024,First-Time Freshman,Information Systems,Software Development,Not Applicable,Not Applicable,Sophomore,Out-of-State,Full-Time,FALSE,20,54,120,2.83,2.40,Good Standing,Spring 2029,0,0,3,38260
CID-728070,Aiden,Nwosu,Aiden Nwosu,Fall 2025,First-Time Freshman,Computer Science,General,Not Applicable,Not Applicable,Sophomore,In-State,Full-Time,FALSE,3,32,120,3.31,3.64,Good Standing,Spring 2030,1,1,1,16600
CID-564349,Mia,Scott,Mia Scott,Fall 2026,First-Time Freshman,Computer Science,Cybersecurity,Not Applicable,Not Applicable,Freshman,Out-of-State,Full-Time,TRUE,13,0,120,Not Applicable,Not Applicable,Good Standing,Spring 2031,0,0,1,0
CID-346649,Hiroshi,Carter,Hiroshi Carter,Fall 2026,First-Time Freshman,Computer Science,Software Engineering,Not Applicable,Economics,Freshman,In-State,Full-Time,FALSE,8,0,120,Not Applicable,Not Applicable,Good Standing,Spring 2031,0,0,1,0
CID-198952,Chidi,Foster,Chidi Foster,Fall 2024,Transfer,Computer Science,Data Science,Not Applicable,Not Applicable,Senior,Out-of-State,Full-Time,FALSE,3,111,120,2.84,2.84,Good Standing,Spring 2027,0,0,0,30520
CID-618417,Mia,Coleman,Mia Coleman,Fall 2025,Transfer,Computer Science,General,Not Applicable,Not Applicable,Junior,In-State,Full-Time,FALSE,11,60,120,3.03,3.00,Good Standing,Spring 2029,0,0,1,7720
CID-610490,Layla,Hill,Layla Hill,Fall 2023,First-Time Freshman,Computer Science,Software Engineering,Not Applicable,Not Applicable,Junior,In-State,Full-Time,TRUE,22,89,120,2.94,2.55,Good Standing,Fall 2027,1,2,2,26110
CID-293912,Naomi,Edwards,Naomi Edwards,Fall 2026,First-Time Freshman,Computer Science,General,Not Applicable,Not Applicable,Freshman,In-State,Full-Time,FALSE,4,0,120,Not Applicable,Not Applicable,Good Standing,Spring 2031,0,0,1,0
CID-550582,Mei,Edwards,Mei Edwards,Fall 2026,First-Time Freshman,Computer Science,Data Science,Not Applicable,Not Applicable,Freshman,In-State,Full-Time,TRUE,1,0,120,Not Applicable,Not Applicable,Good Standing,Spring 2031,0,0,0,0
CID-783297,Joseph,Rivera,Joseph Rivera,Fall 2025,First-Time Freshman,Computer Science,Artificial Intelligence,Not Applicable,Not Applicable,Freshman,In-State,Full-Time,FALSE,11,29,120,3.03,3.00,Good Standing,Spring 2030,0,1,5,10180
CID-193030,Yara,Ward,Yara Ward,Fall 2026,Transfer,Computer Science,Artificial Intelligence,Not Applicable,Not Applicable,Sophomore,In-State,Full-Time,FALSE,14,36,120,Not Applicable,Not Applicable,Good Standing,Fall 2029,0,2,1,0
CID-155700,Gabriel,Wilson,Gabriel Wilson,Fall 2024,First-Time Freshman,Computer Science,Data Science,Not Applicable,Not Applicable,Junior,In-State,Full-Time,FALSE,7,66,120,3.79,3.83,Good Standing,Fall 2028,1,2,3,29000
CID-153377,Fatima,Nwosu,Fatima Nwosu,Fall 2024,First-Time Freshman,Computer Science,Software Engineering,Not Applicable,Not Applicable,Junior,In-State,Full-Time,FALSE,13,63,120,2.86,2.30,Good Standing,Fall 2028,0,0,1,26890
CID-657611,Zoe,Cruz,Zoe Cruz,Fall 2025,First-Time Freshman,Information Systems,Software Development,Not Applicable,Not Applicable,Sophomore,Out-of-State,Full-Time,TRUE,15,31,120,3.61,4.00,Good Standing,Spring 2030,1,1,3,17380
CID-481374,Thomas,Ellis,Thomas Ellis,Fall 2023,Transfer,Information Systems,Business Analytics,Not Applicable,Not Applicable,Senior,In-State,Full-Time,FALSE,16,123,120,3.47,3.61,Good Standing,Spring 2027,2,0,2,13260
CID-855382,Olivia,Nguyen,Olivia Nguyen,Fall 2025,First-Time Freshman,Computer Science,Software Engineering,Not Applicable,Mathematics,Freshman,In-State,Full-Time,FALSE,16,29,120,3.48,4.00,Good Standing,Spring 2030,1,0,4,10900
CID-727416,Ryan,Murphy,Ryan Murphy,Fall 2024,Transfer,Information Systems,Software Development,Not Applicable,Not Applicable,Junior,In-State,Full-Time,FALSE,3,80,120,2.60,2.33,Good Standing,Spring 2028,0,0,1,12240
CID-217541,Andre,Ochoa,Andre Ochoa,Fall 2026,First-Time Freshman,Computer Science,General,Not Applicable,Business Administration,Freshman,In-State,Full-Time,TRUE,0,0,120,Not Applicable,Not Applicable,Good Standing,Spring 2031,0,2,1,0
CID-249745,Keisha,Taylor,Keisha Taylor,Fall 2023,First-Time Freshman,Computer Science,Software Engineering,Not Applicable,Not Applicable,Junior,Out-of-State,Full-Time,TRUE,8,88,120,2.94,2.98,Good Standing,Fall 2027,0,0,4,46780
CID-191689,Sophia,Brown,Sophia Brown,Fall 2026,First-Time Freshman,Information Systems,General,Not Applicable,Not Applicable,Freshman,In-State,Full-Time,TRUE,21,0,120,Not Applicable,Not Applicable,Good Standing,Spring 2031,0,0,4,0
CID-380139,Kevin,Rivera,Kevin Rivera,Fall 2026,First-Time Freshman,Information Systems,General,Not Applicable,Not Applicable,Freshman,In-State,Full-Time,FALSE,10,0,120,Not Applicable,Not Applicable,Good Standing,Spring 2031,0,0,1,0
CID-894724,Kiara,Jenkins,Kiara Jenkins,Fall 2023,First-Time Freshman,Information Systems,Health Information Technology,Not Applicable,Not Applicable,Senior,Out-of-State,Full-Time,FALSE,13,94,120,3.50,3.36,Good Standing,Fall 2027,2,0,2,55200
CID-269211,Tariq,Bell,Tariq Bell,Fall 2023,Transfer,Computer Science,Software Engineering,Not Applicable,Not Applicable,Senior,In-State,Part-Time,FALSE,13,116,120,2.77,2.69,Good Standing,Spring 2027,0,0,1,11500
CID-395560,Nia,Patel,Nia Patel,Fall 2025,First-Time Freshman,Information Systems,General,Not Applicable,Not Applicable,Freshman,Out-of-State,Full-Time,FALSE,19,25,120,2.88,3.00,Good Standing,Spring 2030,0,0,5,23350
CID-826109,Samir,Henderson,Samir Henderson,Fall 2026,Transfer,Computer Science,General,Not Applicable,Psychology,Sophomore,In-State,Full-Time,FALSE,10,51,120,Not Applicable,Not Applicable,Good Standing,Spring 2029,0,0,1,0
CID-615188,Sofia,Powell,Sofia Powell,Fall 2023,Transfer,Information Systems,Software Development,Not Applicable,Not Applicable,Senior,In-State,Full-Time,FALSE,9,125,120,3.19,3.22,Good Standing,Spring 2027,2,0,4,12030
CID-171032,Nathan,Hughes,Nathan Hughes,Fall 2023,First-Time Freshman,Computer Science,General,Not Applicable,Not Applicable,Junior,In-State,Full-Time,FALSE,11,82,120,2.68,2.64,Good Standing,Spring 2028,1,0,2,32040
CID-409567,Tobias,Phillips,Tobias Phillips,Fall 2026,First-Time Freshman,Computer Science,Cybersecurity,Not Applicable,Not Applicable,Freshman,In-State,Full-Time,TRUE,26,0,120,Not Applicable,Not Applicable,Good Standing,Spring 2031,0,3,3,0
CID-158227,Andre,Singh,Andre Singh,Fall 2026,First-Time Freshman,Computer Science,Data Science,Not Applicable,Data Science,Freshman,In-State,Full-Time,FALSE,25,0,120,Not Applicable,Not Applicable,Good Standing,Spring 2031,0,0,3,0
CID-774831,Khalil,Rivera,Khalil Rivera,Fall 2023,First-Time Freshman,Computer Science,Cybersecurity,Not Applicable,Cybersecurity,Senior,Out-of-State,Full-Time,TRUE,6,106,120,2.96,3.18,Good Standing,Spring 2027,1,0,3,52430
CID-791236,William,Anderson,William Anderson,Fall 2024,First-Time Freshman,Information Systems,Business Analytics,Not Applicable,Mathematics,Junior,In-State,Full-Time,FALSE,6,64,120,2.91,3.00,Good Standing,Fall 2028,0,1,2,25030
CID-179041,Khalil,Baker,Khalil Baker,Fall 2026,Transfer,Computer Science,Software Engineering,Not Applicable,Not Applicable,Sophomore,In-State,Full-Time,FALSE,1,37,120,Not Applicable,Not Applicable,Good Standing,Fall 2029,0,0,0,0
CID-100382,Gabriel,Flores,Gabriel Flores,Fall 2025,Transfer,Computer Science,Software Engineering,Not Applicable,Not Applicable,Sophomore,In-State,Full-Time,TRUE,10,47,120,2.61,2.50,Good Standing,Fall 2029,1,0,2,4840
CID-573190,Nicholas,Campbell,Nicholas Campbell,Fall 2025,Transfer,Computer Science,Data Science,Mathematics,Not Applicable,Sophomore,In-State,Full-Time,TRUE,5,56,120,3.31,3.50,Good Standing,Spring 2029,1,2,1,5610
CID-467200,Carter,Adebayo,Carter Adebayo,Fall 2024,Transfer,Information Systems,General,Not Applicable,Not Applicable,Senior,Out-of-State,Full-Time,FALSE,4,121,120,3.00,3.00,Good Standing,Spring 2027,0,0,3,23340
CID-455353,Layla,Sanders,Layla Sanders,Fall 2023,First-Time Freshman,Computer Science,Data Science,Not Applicable,Not Applicable,Junior,In-State,Full-Time,FALSE,2,80,120,3.12,3.00,Good Standing,Spring 2028,2,2,1,37470
CID-781317,Mei,Park,Mei Park,Fall 2024,First-Time Freshman,Information Systems,Cybersecurity Management,Not Applicable,Not Applicable,Sophomore,In-State,Full-Time,FALSE,1,53,120,3.34,3.60,Good Standing,Spring 2029,0,0,2,22380
CID-506152,Mei,Kaur,Mei Kaur,Fall 2025,First-Time Freshman,Information Systems,Health Information Technology,Not Applicable,Not Applicable,Sophomore,Out-of-State,Full-Time,FALSE,16,34,120,3.56,3.50,Good Standing,Spring 2030,0,0,4,30930
CID-648485,Liam,Yang,Liam Yang,Fall 2025,Transfer,Information Systems,Health Information Technology,Not Applicable,Not Applicable,Senior,In-State,Full-Time,FALSE,11,95,120,2.40,2.43,Good Standing,Fall 2027,1,1,1,4980
CID-173592,Bianca,Adebayo,Bianca Adebayo,Fall 2022,First-Time Freshman,Computer Science,Software Engineering,Not Applicable,Not Applicable,Senior,Out-of-State,Full-Time,FALSE,8,120,120,2.95,2.89,Good Standing,Spring 2027,2,0,1,94370
CID-660216,Samir,Coleman,Samir Coleman,Fall 2025,Transfer,Information Systems,Software Development,Not Applicable,Health Administration,Junior,In-State,Part-Time,FALSE,24,65,120,2.33,2.33,Good Standing,Fall 2030,1,1,3,4350
CID-544444,Yusuf,Brown,Yusuf Brown,Fall 2026,First-Time Freshman,Information Systems,Cybersecurity Management,Not Applicable,Not Applicable,Freshman,In-State,Full-Time,FALSE,11,0,120,Not Applicable,Not Applicable,Good Standing,Spring 2031,0,3,3,0
CID-354354,Grace,Martin,Grace Martin,Fall 2025,First-Time Freshman,Information Systems,Business Analytics,Not Applicable,Not Applicable,Sophomore,In-State,Full-Time,FALSE,6,31,120,3.10,4.00,Good Standing,Spring 2030,1,2,3,10860
CID-418886,Hannah,Richardson,Hannah Richardson,Fall 2024,First-Time Freshman,Computer Science,Cybersecurity,Not Applicable,Not Applicable,Junior,In-State,Full-Time,TRUE,4,64,120,3.58,3.58,Good Standing,Fall 2028,1,0,4,18110
CID-938299,Elijah,Rogers,Elijah Rogers,Fall 2025,Transfer,Computer Science,General,Not Applicable,Not Applicable,Junior,In-State,Full-Time,FALSE,15,71,120,2.79,3.60,Good Standing,Fall 2028,1,0,2,6970
CID-133927,Rania,Watson,Rania Watson,Fall 2025,First-Time Freshman,Computer Science,Data Science,Not Applicable,Entrepreneurship,Sophomore,In-State,Full-Time,FALSE,16,32,120,2.78,3.00,Good Standing,Spring 2030,0,0,1,12260
CID-953018,Jing,Kim,Jing Kim,Fall 2022,First-Time Freshman,Information Systems,Software Development,Not Applicable,Not Applicable,Senior,In-State,Full-Time,TRUE,11,106,120,2.80,2.87,Good Standing,Spring 2027,1,0,1,41800
CID-558921,Mei,Carter,Mei Carter,Fall 2026,First-Time Freshman,Information Systems,Software Development,Not Applicable,Not Applicable,Freshman,In-State,Full-Time,FALSE,19,0,120,Not Applicable,Not Applicable,Good Standing,Spring 2031,0,0,2,0
CID-487803,Valeria,Davis,Valeria Davis,Fall 2026,First-Time Freshman,Computer Science,General,Not Applicable,Not Applicable,Freshman,Out-of-State,Part-Time,FALSE,21,0,120,Not Applicable,Not Applicable,Good Standing,Fall 2035,0,1,3,0
CID-753919,Noah,Williams,Noah Williams,Fall 2023,First-Time Freshman,Information Systems,Software Development,Not Applicable,Not Applicable,Junior,In-State,Full-Time,FALSE,15,79,120,2.33,2.12,Good Standing,Spring 2028,0,0,3,38490
CID-300598,Chidi,Lewis,Chidi Lewis,Fall 2024,First-Time Freshman,Computer Science,Software Engineering,Not Applicable,Not Applicable,Junior,In-State,Full-Time,FALSE,5,61,120,2.95,3.12,Good Standing,Spring 2029,0,0,6,23610
CID-652020,Omar,Robinson,Omar Robinson,Fall 2023,First-Time Freshman,Information Systems,Software Development,Not Applicable,Not Applicable,Sophomore,In-State,Part-Time,FALSE,18,40,120,2.23,2.80,Good Standing,Fall 2032,2,2,5,18370
CID-389151,Kevin,Murphy,Kevin Murphy,Fall 2023,Transfer,Computer Science,Artificial Intelligence,Not Applicable,Entrepreneurship,Senior,In-State,Full-Time,TRUE,10,126,120,2.59,2.62,Good Standing,Spring 2027,2,0,4,12360
CID-762066,Noah,Davis,Noah Davis,Fall 2024,First-Time Freshman,Computer Science,Cybersecurity,Not Applicable,Not Applicable,Junior,In-State,Full-Time,FALSE,6,63,120,2.67,2.71,Good Standing,Fall 2028,0,0,1,25460
CID-614526,Lucas,Henderson,Lucas Henderson,Fall 2025,First-Time Freshman,Computer Science,Cybersecurity,Not Applicable,Not Applicable,Freshman,Out-of-State,Full-Time,FALSE,14,24,120,2.25,2.00,Good Standing,Spring 2030,0,0,1,26990
CID-677607,Yusuf,Foster,Yusuf Foster,Fall 2025,First-Time Freshman,Computer Science,General,Not Applicable,Not Applicable,Freshman,In-State,Full-Time,TRUE,13,27,120,3.19,3.00,Good Standing,Spring 2030,1,0,3,10090
CID-618688,Omar,Zhang,Omar Zhang,Fall 2025,First-Time Freshman,Computer Science,Cybersecurity,Not Applicable,Not Applicable,Freshman,Out-of-State,Full-Time,TRUE,9,26,120,2.69,2.50,Good Standing,Spring 2030,0,0,2,14370
CID-169786,Beatriz,Huang,Beatriz Huang,Fall 2023,First-Time Freshman,Computer Science,General,Not Applicable,Not Applicable,Junior,In-State,Full-Time,FALSE,21,88,120,2.53,2.64,Good Standing,Fall 2027,1,0,2,28100
CID-841178,Mohammed,Robinson,Mohammed Robinson,Fall 2024,First-Time Freshman,Computer Science,Cybersecurity,Not Applicable,Not Applicable,Sophomore,In-State,Full-Time,FALSE,8,57,120,3.21,3.29,Good Standing,Spring 2029,0,0,2,25790
CID-791574,Wei,Hughes,Wei Hughes,Fall 2025,Transfer,Computer Science,General,Not Applicable,Not Applicable,Sophomore,In-State,Full-Time,FALSE,2,59,120,3.53,3.50,Good Standing,Spring 2029,1,0,0,6850
CID-910562,Michael,Ramirez,Michael Ramirez,Fall 2022,First-Time Freshman,Computer Science,Cybersecurity,Not Applicable,Not Applicable,Senior,In-State,Full-Time,FALSE,9,120,120,2.84,2.78,Good Standing,Spring 2027,0,2,3,45090
CID-818882,Jada,Jenkins,Jada Jenkins,Fall 2024,First-Time Freshman,Information Systems,General,Not Applicable,Not Applicable,Junior,Out-of-State,Full-Time,TRUE,6,64,120,3.52,3.20,Good Standing,Fall 2028,1,1,1,32660
CID-997791,Jada,Jones,Jada Jones,Fall 2025,Transfer,Computer Science,Data Science,Not Applicable,Not Applicable,Junior,In-State,Full-Time,FALSE,5,65,120,2.83,2.00,Good Standing,Fall 2028,0,0,3,9130
CID-351329,Lucas,Baker,Lucas Baker,Fall 2023,First-Time Freshman,Computer Science,Artificial Intelligence,Not Applicable,Not Applicable,Senior,In-State,Full-Time,FALSE,4,92,120,3.97,3.93,Good Standing,Fall 2027,2,0,7,24490
CID-794986,Xiomara,Owens,Xiomara Owens,Fall 2025,Transfer,Information Systems,Software Development,Not Applicable,Physics,Junior,In-State,Full-Time,FALSE,13,83,120,3.71,3.67,Good Standing,Spring 2028,1,1,1,4040
CID-798088,Luna,Mitchell,Luna Mitchell,Fall 2026,First-Time Freshman,Computer Science,Software Engineering,Not Applicable,Not Applicable,Freshman,In-State,Full-Time,TRUE,3,0,120,Not Applicable,Not Applicable,Good Standing,Spring 2031,0,0,5,0
CID-897888,Nia,Mitchell,Nia Mitchell,Fall 2023,First-Time Freshman,Computer Science,Software Engineering,Not Applicable,Not Applicable,Senior,Out-of-State,Full-Time,FALSE,11,93,120,3.31,3.21,Good Standing,Fall 2027,1,2,4,63220
CID-311330,Jing,Hall,Jing Hall,Fall 2024,First-Time Freshman,Information Systems,Cybersecurity Management,Not Applicable,Not Applicable,Junior,In-State,Full-Time,TRUE,13,65,120,3.22,3.29,Good Standing,Fall 2028,1,0,3,22780
CID-138907,Jordan,Alvarez,Jordan Alvarez,Fall 2024,First-Time Freshman,Computer Science,Data Science,Not Applicable,Health Administration,Sophomore,In-State,Full-Time,TRUE,14,51,120,3.12,3.21,Good Standing,Spring 2029,0,0,2,14170
CID-523745,Rachel,Stewart,Rachel Stewart,Fall 2025,Transfer,Computer Science,Data Science,Not Applicable,Economics,Sophomore,In-State,Part-Time,FALSE,20,51,120,3.29,3.29,Good Standing,Spring 2032,1,2,2,2900
CID-211964,Aiden,King,Aiden King,Fall 2026,First-Time Freshman,Information Systems,Software Development,Not Applicable,Not Applicable,Freshman,Out-of-State,Part-Time,FALSE,16,0,120,Not Applicable,Not Applicable,Good Standing,Fall 2035,0,0,5,0
CID-119318,Carter,Yang,Carter Yang,Fall 2026,Transfer,Computer Science,Cybersecurity,Not Applicable,Not Applicable,Sophomore,In-State,Full-Time,FALSE,18,44,120,Not Applicable,Not Applicable,Good Standing,Fall 2029,0,0,0,0
CID-651545,Michael,Wong,Michael Wong,Fall 2025,First-Time Freshman,Computer Science,General,Not Applicable,Not Applicable,Sophomore,In-State,Full-Time,FALSE,4,30,120,2.73,2.50,Good Standing,Spring 2030,0,0,0,9670
CID-548600,Bianca,Baker,Bianca Baker,Fall 2025,Transfer,Information Systems,Software Development,Not Applicable,Not Applicable,Junior,Out-of-State,Full-Time,FALSE,9,63,120,3.10,3.50,Good Standing,Fall 2028,1,0,3,12560
CID-582616,Tariq,Lewis,Tariq Lewis,Fall 2022,First-Time Freshman,Computer Science,Software Engineering,Not Applicable,Not Applicable,Senior,In-State,Full-Time,TRUE,14,116,120,2.27,2.19,Good Standing,Spring 2027,1,2,0,36170
CID-858977,Omar,Ho,Omar Ho,Fall 2024,First-Time Freshman,Computer Science,Artificial Intelligence,Not Applicable,Not Applicable,Junior,Out-of-State,Full-Time,TRUE,18,64,120,3.39,2.92,Good Standing,Fall 2028,0,0,3,36310
CID-582156,Sofia,Roberts,Sofia Roberts,Fall 2023,Transfer,Computer Science,Software Engineering,Not Applicable,Data Science,Senior,In-State,Full-Time,FALSE,6,125,120,3.09,3.04,Good Standing,Spring 2027,1,3,2,18210
CID-492627,Anika,James,Anika James,Fall 2025,First-Time Freshman,Computer Science,General,Not Applicable,Not Applicable,Freshman,In-State,Full-Time,FALSE,14,29,120,2.90,3.50,Good Standing,Spring 2030,1,0,1,10630
CID-160275,Naomi,Rodriguez,Naomi Rodriguez,Fall 2023,First-Time Freshman,Computer Science,General,Not Applicable,Not Applicable,Senior,In-State,Full-Time,TRUE,10,92,120,2.68,2.82,Good Standing,Fall 2027,2,0,2,37400
CID-137580,Daniela,Sanders,Daniela Sanders,Fall 2023,First-Time Freshman,Computer Science,Data Science,Not Applicable,Not Applicable,Junior,In-State,Full-Time,FALSE,6,77,120,2.25,2.31,Good Standing,Spring 2028,1,0,3,28150
CID-219122,Nadia,Nguyen,Nadia Nguyen,Fall 2022,First-Time Freshman,Computer Science,Data Science,Not Applicable,Not Applicable,Senior,Out-of-State,Full-Time,FALSE,0,131,120,3.47,3.49,Good Standing,Spring 2027,1,0,5,77590
CID-544059,Mei,Kelly,Mei Kelly,Fall 2023,First-Time Freshman,Information Systems,Cybersecurity Management,Not Applicable,Not Applicable,Junior,Out-of-State,Full-Time,FALSE,8,85,120,2.84,2.90,Good Standing,Spring 2028,0,1,4,64580
CID-412219,Daniela,Turner,Daniela Turner,Fall 2025,First-Time Freshman,Computer Science,Data Science,Not Applicable,Not Applicable,Freshman,In-State,Full-Time,FALSE,10,29,120,3.34,3.50,Good Standing,Spring 2030,1,1,0,11410
CID-291511,Maya,Wilson,Maya Wilson,Fall 2025,First-Time Freshman,Information Systems,Health Information Technology,Not Applicable,Not Applicable,Freshman,In-State,Part-Time,FALSE,22,12,120,2.75,3.00,Good Standing,Spring 2035,0,1,2,7010
CID-132158,Camila,Roberts,Camila Roberts,Fall 2023,Transfer,Information Systems,General,Not Applicable,Not Applicable,Senior,In-State,Full-Time,TRUE,9,127,120,2.77,2.79,Good Standing,Spring 2027,1,1,2,10550
CID-652447,Michael,Scott,Michael Scott,Fall 2026,First-Time Freshman,Information Systems,Software Development,Not Applicable,Not Applicable,Freshman,In-State,Part-Time,FALSE,33,0,120,Not Applicable,Not Applicable,Good Standing,Fall 2035,0,2,3,0
CID-744022,Mei,Nguyen,Mei Nguyen,Fall 2023,First-Time Freshman,Information Systems,General,Mathematics,Not Applicable,Junior,In-State,Full-Time,FALSE,15,85,120,3.05,2.67,Good Standing,Spring 2028,0,1,1,35150
CID-198869,Thomas,Liu,Thomas Liu,Fall 2025,Transfer,Computer Science,General,Not Applicable,Not Applicable,Junior,In-State,Full-Time,FALSE,15,82,120,2.73,2.79,Good Standing,Spring 2028,1,2,1,4310
CID-369961,Liam,Owens,Liam Owens,Fall 2024,First-Time Freshman,Information Systems,Software Development,Not Applicable,Not Applicable,Junior,In-State,Full-Time,TRUE,25,62,120,3.39,3.60,Good Standing,Fall 2028,0,1,6,17680
CID-756836,Ava,Thompson,Ava Thompson,Fall 2022,First-Time Freshman,Computer Science,Data Science,Not Applicable,Not Applicable,Senior,Out-of-State,Full-Time,TRUE,9,113,120,2.72,2.76,Good Standing,Spring 2027,0,0,1,72930
CID-761833,Elijah,Watson,Elijah Watson,Fall 2024,First-Time Freshman,Information Systems,Software Development,Not Applicable,Not Applicable,Junior,In-State,Full-Time,FALSE,8,69,120,3.23,3.29,Good Standing,Fall 2028,1,1,4,20300
CID-174765,Thomas,Roberts,Thomas Roberts,Fall 2024,Transfer,Computer Science,Cybersecurity,Not Applicable,Physics,Senior,In-State,Full-Time,TRUE,16,109,120,2.72,3.00,Good Standing,Spring 2027,1,0,0,11530
CID-491529,Nathan,Jones,Nathan Jones,Fall 2026,First-Time Freshman,Information Systems,General,Not Applicable,Data Science,Freshman,In-State,Full-Time,FALSE,19,0,120,Not Applicable,Not Applicable,Good Standing,Spring 2031,0,2,1,0
CID-308569,Maya,Henderson,Maya Henderson,Fall 2026,Transfer,Information Systems,Health Information Technology,Not Applicable,Not Applicable,Freshman,In-State,Full-Time,FALSE,13,27,120,Not Applicable,Not Applicable,Good Standing,Spring 2030,0,0,0,0
CID-888291,Sebastian,Silva,Sebastian Silva,Fall 2022,First-Time Freshman,Computer Science,Software Engineering,Not Applicable,Not Applicable,Senior,In-State,Full-Time,FALSE,21,113,120,2.81,2.93,Good Standing,Spring 2027,3,0,1,50270
CID-429010,Diego,Gomez,Diego Gomez,Fall 2025,First-Time Freshman,Information Systems,Cybersecurity Management,Not Applicable,Not Applicable,Freshman,In-State,Full-Time,TRUE,12,29,120,3.66,4.00,Good Standing,Spring 2030,1,0,1,7820
CID-619499,Elena,Yang,Elena Yang,Fall 2026,Transfer,Information Systems,General,Not Applicable,Not Applicable,Sophomore,In-State,Full-Time,FALSE,24,58,120,Not Applicable,Not Applicable,Good Standing,Spring 2029,0,2,0,0
CID-159206,Xiomara,Lopez,Xiomara Lopez,Fall 2024,First-Time Freshman,Information Systems,Cybersecurity Management,Mathematics,Business Administration,Sophomore,In-State,Part-Time,FALSE,14,34,120,3.15,3.25,Good Standing,Spring 2033,1,2,1,11190
CID-231379,Benjamin,Coleman,Benjamin Coleman,Fall 2026,Transfer,Information Systems,General,Not Applicable,Not Applicable,Sophomore,In-State,Full-Time,FALSE,5,40,120,Not Applicable,Not Applicable,Good Standing,Fall 2029,0,3,2,0
CID-403333,Anika,Ho,Anika Ho,Fall 2023,First-Time Freshman,Computer Science,Artificial Intelligence,Not Applicable,Not Applicable,Sophomore,In-State,Part-Time,FALSE,25,41,120,2.66,2.50,Good Standing,Fall 2032,1,1,4,23040
CID-317952,Deepa,Jones,Deepa Jones,Fall 2023,First-Time Freshman,Information Systems,Health Information Technology,Not Applicable,Not Applicable,Sophomore,Out-of-State,Part-Time,TRUE,14,47,120,2.32,2.60,Good Standing,Spring 2032,1,0,2,31410
CID-759657,Layla,Rodriguez,Layla Rodriguez,Fall 2025,Transfer,Computer Science,Artificial Intelligence,Not Applicable,Not Applicable,Junior,In-State,Full-Time,TRUE,7,64,120,3.00,3.50,Good Standing,Fall 2028,0,1,2,8090
CID-523108,Sebastian,Gonzalez,Sebastian Gonzalez,Fall 2024,First-Time Freshman,Information Systems,General,Not Applicable,Not Applicable,Sophomore,In-State,Full-Time,FALSE,0,56,120,2.88,3.00,Good Standing,Spring 2029,0,0,1,22250
CID-579404,Nicholas,Perry,Nicholas Perry,Fall 2025,Transfer,Computer Science,General,Not Applicable,Not Applicable,Junior,In-State,Full-Time,FALSE,9,89,120,3.32,3.14,Good Standing,Fall 2027,1,0,2,6770
CID-689221,Hiroshi,Alvarez,Hiroshi Alvarez,Fall 2025,Transfer,Computer Science,Software Engineering,Not Applicable,Not Applicable,Junior,In-State,Full-Time,TRUE,12,62,120,3.20,2.91,Good Standing,Fall 2028,1,1,3,6390
CID-753418,Fatima,Cooper,Fatima Cooper,Fall 2024,First-Time Freshman,Computer Science,General,Information Systems,Not Applicable,Junior,Out-of-State,Full-Time,FALSE,11,68,120,3.31,3.12,Good Standing,Fall 2028,1,0,5,53130
CID-564809,Ansel,Sanchez,Ansel Sanchez,Fall 2025,Transfer,Computer Science,Software Engineering,Not Applicable,Not Applicable,Junior,In-State,Full-Time,FALSE,9,76,120,3.08,3.60,Good Standing,Spring 2028,1,0,6,7080
CID-482041,Jada,Silva,Jada Silva,Fall 2023,First-Time Freshman,Computer Science,Data Science,Not Applicable,Not Applicable,Junior,In-State,Full-Time,TRUE,13,88,120,3.32,3.40,Good Standing,Fall 2027,2,0,4,19930
CID-622493,Michael,Jones,Michael Jones,Fall 2025,First-Time Freshman,Information Systems,Business Analytics,Not Applicable,Not Applicable,Freshman,In-State,Part-Time,FALSE,15,15,120,2.60,3.00,Good Standing,Fall 2034,1,0,3,7280
CID-885002,Nora,Ibrahim,Nora Ibrahim,Fall 2024,First-Time Freshman,Information Systems,Cybersecurity Management,Not Applicable,Not Applicable,Sophomore,In-State,Full-Time,TRUE,0,56,120,3.11,3.20,Good Standing,Spring 2029,0,1,5,24290
CID-154924,Nina,Walker,Nina Walker,Fall 2026,First-Time Freshman,Computer Science,Software Engineering,Not Applicable,Not Applicable,Freshman,In-State,Full-Time,TRUE,7,0,120,Not Applicable,Not Applicable,Good Standing,Spring 2031,0,0,7,0
CID-421028,Keisha,Brooks,Keisha Brooks,Fall 2024,First-Time Freshman,Information Systems,General,Not Applicable,Not Applicable,Junior,In-State,Full-Time,FALSE,4,66,120,3.71,3.88,Good Standing,Fall 2028,1,0,4,22330
CID-776251,Elena,Martinez,Elena Martinez,Fall 2023,First-Time Freshman,Computer Science,Software Engineering,Not Applicable,Not Applicable,Junior,In-State,Full-Time,TRUE,16,79,120,2.81,2.90,Good Standing,Spring 2028,2,0,2,27560
CID-274721,Camila,Yang,Camila Yang,Fall 2024,First-Time Freshman,Information Systems,Business Analytics,Not Applicable,Not Applicable,Sophomore,In-State,Full-Time,FALSE,25,50,120,3.20,3.00,Good Standing,Spring 2029,0,0,1,15830
CID-559249,Kevin,Henderson,Kevin Henderson,Fall 2026,First-Time Freshman,Information Systems,Business Analytics,Not Applicable,Not Applicable,Freshman,Out-of-State,Full-Time,FALSE,9,0,120,Not Applicable,Not Applicable,Good Standing,Spring 2031,0,0,3,0
CID-698272,Lucas,Wang,Lucas Wang,Fall 2022,First-Time Freshman,Computer Science,Cybersecurity,Not Applicable,Not Applicable,Senior,In-State,Full-Time,FALSE,11,117,120,2.81,2.74,Good Standing,Spring 2027,1,0,4,44110
CID-210998,Chidi,Campbell,Chidi Campbell,Fall 2025,Transfer,Computer Science,Data Science,Not Applicable,Entrepreneurship,Junior,In-State,Part-Time,FALSE,20,72,120,3.44,3.57,Good Standing,Spring 2030,1,2,3,5860
CID-788464,Olivia,Singh,Olivia Singh,Fall 2022,First-Time Freshman,Computer Science,Software Engineering,Not Applicable,Not Applicable,Senior,In-State,Part-Time,FALSE,19,94,120,3.82,4.00,Good Standing,Fall 2028,1,1,2,26970
CID-586619,Eli,Gray,Eli Gray,Fall 2025,First-Time Freshman,Computer Science,Software Engineering,Not Applicable,Not Applicable,Sophomore,In-State,Full-Time,FALSE,20,32,120,3.03,2.55,Good Standing,Spring 2030,1,1,3,13550
CID-425216,Elena,Kaur,Elena Kaur,Fall 2026,Transfer,Information Systems,Cybersecurity Management,Not Applicable,Not Applicable,Sophomore,In-State,Full-Time,FALSE,13,57,120,Not Applicable,Not Applicable,Good Standing,Spring 2029,0,1,3,0
CID-311143,William,Ochoa,William Ochoa,Fall 2026,Transfer,Computer Science,General,Not Applicable,Not Applicable,Sophomore,In-State,Full-Time,FALSE,3,40,120,Not Applicable,Not Applicable,Good Standing,Fall 2029,0,0,1,0
CID-384677,Nora,Wood,Nora Wood,Fall 2025,First-Time Freshman,Information Systems,Business Analytics,Not Applicable,Not Applicable,Freshman,In-State,Full-Time,FALSE,0,29,120,3.14,4.00,Good Standing,Spring 2030,0,0,4,11670
CID-124301,Anika,Scott,Anika Scott,Fall 2025,Transfer,Computer Science,Artificial Intelligence,Not Applicable,Not Applicable,Junior,In-State,Full-Time,FALSE,3,83,120,3.93,4.00,Good Standing,Spring 2028,0,0,2,7810
CID-298008,Simone,Mitchell,Simone Mitchell,Fall 2024,First-Time Freshman,Computer Science,Cybersecurity,Not Applicable,Not Applicable,Sophomore,In-State,Full-Time,FALSE,7,57,120,2.74,2.42,Good Standing,Spring 2029,1,1,1,24000
CID-985641,Rachel,Morales,Rachel Morales,Fall 2024,First-Time Freshman,Information Systems,Business Analytics,Not Applicable,Not Applicable,Junior,In-State,Full-Time,FALSE,3,62,120,2.73,2.20,Good Standing,Fall 2028,1,0,2,27160
CID-617118,Luna,Wilson,Luna Wilson,Fall 2023,Transfer,Information Systems,General,Not Applicable,Not Applicable,Senior,In-State,Full-Time,FALSE,8,122,120,3.32,3.50,Good Standing,Spring 2027,2,0,4,15470
CID-940955,Zara,Smith,Zara Smith,Fall 2025,Transfer,Computer Science,Cybersecurity,Not Applicable,Not Applicable,Sophomore,In-State,Full-Time,FALSE,13,58,120,2.78,3.27,Good Standing,Spring 2029,0,0,2,8290
CID-812053,Mohammed,Morgan,Mohammed Morgan,Fall 2025,First-Time Freshman,Computer Science,Cybersecurity,Not Applicable,Not Applicable,Sophomore,Out-of-State,Full-Time,FALSE,20,30,120,2.87,3.50,Good Standing,Spring 2030,1,1,2,19680
CID-384097,Tariq,Jenkins,Tariq Jenkins,Fall 2023,First-Time Freshman,Computer Science,Cybersecurity,Not Applicable,Not Applicable,Senior,In-State,Full-Time,FALSE,7,91,120,3.48,3.38,Good Standing,Fall 2027,2,1,1,33490
CID-847559,Zara,Martin,Zara Martin,Fall 2025,Transfer,Computer Science,General,Not Applicable,Psychology,Junior,In-State,Full-Time,FALSE,9,69,120,3.09,2.73,Good Standing,Fall 2028,1,0,4,7010
CID-357340,William,Tran,William Tran,Fall 2025,First-Time Freshman,Information Systems,Health Information Technology,Not Applicable,Not Applicable,Freshman,In-State,Part-Time,FALSE,14,22,120,2.86,3.00,Good Standing,Spring 2034,1,0,0,12080
CID-308882,Kai,Martin,Kai Martin,Fall 2024,Transfer,Computer Science,Software Engineering,Not Applicable,Economics,Senior,In-State,Full-Time,FALSE,14,97,120,3.04,2.80,Good Standing,Fall 2027,0,0,1,9310
CID-223376,Fatima,Price,Fatima Price,Fall 2025,First-Time Freshman,Computer Science,General,Not Applicable,Not Applicable,Sophomore,In-State,Full-Time,TRUE,8,30,120,2.90,3.00,Good Standing,Spring 2030,1,0,6,9970
CID-471262,Yara,Hill,Yara Hill,Fall 2022,First-Time Freshman,Computer Science,General,Not Applicable,Not Applicable,Senior,Out-of-State,Full-Time,FALSE,18,107,120,2.86,2.89,Good Standing,Spring 2027,1,2,6,79540
CID-392715,Diego,Hill,Diego Hill,Fall 2024,First-Time Freshman,Computer Science,Artificial Intelligence,Not Applicable,Not Applicable,Sophomore,Out-of-State,Full-Time,FALSE,7,54,120,2.54,2.67,Good Standing,Spring 2029,1,3,4,41160
CID-192735,Ansel,King,Ansel King,Fall 2025,First-Time Freshman,Computer Science,General,Not Applicable,Not Applicable,Freshman,Out-of-State,Full-Time,FALSE,3,26,120,2.54,2.50,Good Standing,Spring 2030,0,0,1,22150
CID-375447,Maya,Powell,Maya Powell,Fall 2024,First-Time Freshman,Computer Science,General,Not Applicable,Health Administration,Sophomore,Out-of-State,Full-Time,FALSE,13,51,120,2.67,2.58,Good Standing,Spring 2029,1,0,3,32340
CID-271799,Samir,Nguyen,Samir Nguyen,Fall 2025,Transfer,Information Systems,Cybersecurity Management,Not Applicable,Not Applicable,Senior,In-State,Full-Time,TRUE,11,92,120,2.56,2.57,Good Standing,Fall 2027,1,1,1,2780
CID-404159,Aiden,Foster,Aiden Foster,Fall 2024,Transfer,Information Systems,General,Not Applicable,Not Applicable,Senior,In-State,Full-Time,FALSE,13,111,120,2.38,2.43,Good Standing,Spring 2027,1,0,0,9980
CID-395368,Rania,Morgan,Rania Morgan,Fall 2026,Transfer,Computer Science,General,Not Applicable,Cybersecurity,Junior,In-State,Full-Time,FALSE,0,65,120,Not Applicable,Not Applicable,Good Standing,Fall 2028,0,1,1,0
CID-740353,Kayla,Brooks,Kayla Brooks,Fall 2025,First-Time Freshman,Information Systems,General,Not Applicable,Not Applicable,Sophomore,Out-of-State,Full-Time,FALSE,10,31,120,3.52,4.00,Good Standing,Spring 2030,0,0,1,25930
CID-367821,Mohammed,Rodriguez,Mohammed Rodriguez,Fall 2025,First-Time Freshman,Computer Science,Software Engineering,Not Applicable,Not Applicable,Freshman,In-State,Full-Time,FALSE,11,29,120,2.90,3.50,Good Standing,Spring 2030,1,0,3,9080
CID-869278,Simone,Martin,Simone Martin,Fall 2023,First-Time Freshman,Information Systems,Software Development,Not Applicable,Not Applicable,Junior,In-State,Full-Time,FALSE,4,88,120,3.01,3.09,Good Standing,Fall 2027,1,1,2,33800
CID-361047,Ethan,Chen,Ethan Chen,Fall 2023,First-Time Freshman,Information Systems,General,Not Applicable,Economics,Junior,Out-of-State,Full-Time,FALSE,10,75,120,2.83,3.11,Good Standing,Spring 2028,1,2,8,61640
CID-763213,Kai,Wright,Kai Wright,Fall 2026,First-Time Freshman,Computer Science,Artificial Intelligence,Not Applicable,Not Applicable,Freshman,In-State,Full-Time,TRUE,3,0,120,Not Applicable,Not Applicable,Good Standing,Spring 2031,0,1,0,0
CID-478694,Yara,Yang,Yara Yang,Fall 2026,First-Time Freshman,Information Systems,Software Development,Not Applicable,Not Applicable,Freshman,Out-of-State,Full-Time,TRUE,10,0,120,Not Applicable,Not Applicable,Good Standing,Spring 2031,0,0,3,0
CID-146089,Michael,Kim,Michael Kim,Fall 2024,First-Time Freshman,Information Systems,General,Not Applicable,Not Applicable,Junior,In-State,Full-Time,TRUE,10,66,120,3.18,2.80,Good Standing,Fall 2028,0,0,3,25120
CID-187980,Kiara,Gray,Kiara Gray,Fall 2026,First-Time Freshman,Computer Science,Software Engineering,Not Applicable,Not Applicable,Freshman,In-State,Full-Time,FALSE,6,0,120,Not Applicable,Not Applicable,Good Standing,Spring 2031,0,0,2,0
CID-610718,Simone,Jackson,Simone Jackson,Fall 2024,Transfer,Computer Science,Data Science,Not Applicable,Not Applicable,Senior,In-State,Full-Time,FALSE,10,91,120,2.82,3.00,Good Standing,Fall 2027,0,0,1,16160
CID-737464,Ibrahim,Watson,Ibrahim Watson,Fall 2023,First-Time Freshman,Computer Science,General,Not Applicable,Not Applicable,Senior,Out-of-State,Full-Time,FALSE,6,91,120,2.47,2.33,Good Standing,Fall 2027,1,2,4,68780
CID-214814,Ryan,Kelly,Ryan Kelly,Fall 2024,First-Time Freshman,Information Systems,General,Not Applicable,Not Applicable,Sophomore,In-State,Full-Time,FALSE,11,55,120,3.18,3.29,Good Standing,Spring 2029,0,1,5,19450
CID-325876,Jasmine,James,Jasmine James,Fall 2022,First-Time Freshman,Information Systems,Cybersecurity Management,Not Applicable,Not Applicable,Senior,In-State,Full-Time,FALSE,4,112,120,3.44,3.53,Good Standing,Spring 2027,2,1,4,25150
CID-565443,Bianca,Green,Bianca Green,Fall 2025,First-Time Freshman,Computer Science,Data Science,Statistics,Not Applicable,Sophomore,In-State,Full-Time,FALSE,13,32,120,3.19,3.00,Good Standing,Spring 2030,0,1,1,10830
CID-710535,Jordan,Clark,Jordan Clark,Fall 2026,First-Time Freshman,Computer Science,Cybersecurity,Not Applicable,Not Applicable,Freshman,In-State,Full-Time,TRUE,24,0,120,Not Applicable,Not Applicable,Good Standing,Spring 2031,0,0,1,0
CID-948477,Ansel,Liu,Ansel Liu,Fall 2024,First-Time Freshman,Computer Science,Data Science,Not Applicable,Not Applicable,Junior,In-State,Full-Time,FALSE,13,70,120,3.37,3.37,Good Standing,Fall 2028,1,1,2,18460
CID-849856,Keisha,Ho,Keisha Ho,Fall 2025,First-Time Freshman,Information Systems,General,Not Applicable,Philosophy,Sophomore,Out-of-State,Full-Time,TRUE,1,32,120,3.03,3.00,Good Standing,Spring 2030,0,0,1,18010
CID-624142,Sophia,Simmons,Sophia Simmons,Fall 2022,First-Time Freshman,Information Systems,General,Not Applicable,Mathematics,Senior,In-State,Full-Time,TRUE,18,115,120,3.13,3.17,Good Standing,Spring 2027,0,1,3,32270
CID-800371,Kai,Ellis,Kai Ellis,Fall 2024,Transfer,Computer Science,Data Science,Not Applicable,Not Applicable,Junior,In-State,Part-Time,FALSE,13,66,120,3.05,2.90,Good Standing,Fall 2030,1,0,0,10450
CID-402056,Samir,Wood,Samir Wood,Fall 2023,First-Time Freshman,Information Systems,Software Development,Not Applicable,Not Applicable,Junior,In-State,Full-Time,FALSE,18,78,120,3.23,3.30,Good Standing,Spring 2028,2,3,3,31550
CID-993291,Julia,Thompson,Julia Thompson,Fall 2026,First-Time Freshman,Information Systems,General,Not Applicable,Not Applicable,Freshman,In-State,Full-Time,TRUE,18,0,120,Not Applicable,Not Applicable,Good Standing,Spring 2031,0,1,1,0
CID-482186,Bianca,Sullivan,Bianca Sullivan,Fall 2023,First-Time Freshman,Computer Science,Data Science,Not Applicable,Not Applicable,Senior,Out-of-State,Full-Time,FALSE,4,102,120,3.00,3.10,Good Standing,Spring 2027,1,2,1,84450
CID-879328,Kiara,Campbell,Kiara Campbell,Fall 2026,Transfer,Computer Science,Cybersecurity,Not Applicable,Not Applicable,Junior,In-State,Full-Time,FALSE,6,66,120,Not Applicable,Not Applicable,Good Standing,Fall 2028,0,2,5,0
CID-556023,Noah,Watson,Noah Watson,Fall 2023,First-Time Freshman,Information Systems,Business Analytics,Not Applicable,Not Applicable,Junior,Out-of-State,Full-Time,FALSE,8,87,120,2.51,2.40,Good Standing,Spring 2028,1,1,1,72290
CID-903435,Nora,Richardson,Nora Richardson,Fall 2023,First-Time Freshman,Information Systems,Business Analytics,Mathematics,Not Applicable,Senior,In-State,Full-Time,FALSE,14,94,120,2.54,2.42,Good Standing,Fall 2027,1,0,5,33210
CID-761105,Hiroshi,Wang,Hiroshi Wang,Fall 2026,First-Time Freshman,Information Systems,Health Information Technology,Not Applicable,Cybersecurity,Freshman,In-State,Full-Time,TRUE,4,0,120,Not Applicable,Not Applicable,Good Standing,Spring 2031,0,0,0,0
CID-527659,Rania,Flores,Rania Flores,Fall 2025,First-Time Freshman,Computer Science,Software Engineering,Not Applicable,Not Applicable,Sophomore,In-State,Full-Time,FALSE,12,39,120,3.51,3.73,Good Standing,Fall 2029,1,2,0,16300
CID-599753,Diego,Powell,Diego Powell,Fall 2026,First-Time Freshman,Computer Science,Cybersecurity,Not Applicable,Economics,Freshman,Out-of-State,Full-Time,FALSE,6,0,120,Not Applicable,Not Applicable,Good Standing,Spring 2031,0,0,2,0
CID-127891,Nina,Reyes,Nina Reyes,Fall 2022,First-Time Freshman,Computer Science,Software Engineering,Not Applicable,Not Applicable,Senior,In-State,Full-Time,FALSE,21,132,120,2.78,2.83,Good Standing,Spring 2027,0,0,5,49830
CID-279414,Ethan,Ward,Ethan Ward,Fall 2024,First-Time Freshman,Computer Science,Data Science,Not Applicable,Not Applicable,Junior,Out-of-State,Full-Time,TRUE,14,67,120,3.52,3.59,Good Standing,Fall 2028,1,0,5,36510
CID-908032,Aiden,Cooper,Aiden Cooper,Fall 2025,First-Time Freshman,Computer Science,Data Science,Information Systems,Not Applicable,Freshman,Out-of-State,Full-Time,FALSE,10,27,120,2.96,2.50,Good Standing,Spring 2030,1,0,0,20270
CID-680256,Anaya,Adebayo,Anaya Adebayo,Fall 2024,First-Time Freshman,Information Systems,Business Analytics,Not Applicable,Not Applicable,Sophomore,In-State,Full-Time,FALSE,3,53,120,2.91,3.00,Good Standing,Spring 2029,0,0,1,18660
CID-418110,Amir,Ho,Amir Ho,Fall 2024,First-Time Freshman,Computer Science,Cybersecurity,Not Applicable,Not Applicable,Junior,In-State,Full-Time,FALSE,8,67,120,3.63,3.42,Good Standing,Fall 2028,1,1,7,23770
CID-530050,Anaya,Zhang,Anaya Zhang,Fall 2025,First-Time Freshman,Computer Science,Software Engineering,Not Applicable,Not Applicable,Freshman,In-State,Full-Time,FALSE,15,29,120,3.62,3.50,Good Standing,Spring 2030,1,1,0,7210
CID-702846,Nadia,Taylor,Nadia Taylor,Fall 2024,Transfer,Computer Science,General,Not Applicable,Not Applicable,Senior,In-State,Full-Time,FALSE,6,108,120,3.12,3.09,Good Standing,Spring 2027,1,0,3,16470
CID-980856,Joseph,Johnson,Joseph Johnson,Fall 2025,First-Time Freshman,Information Systems,General,Not Applicable,Not Applicable,Freshman,In-State,Full-Time,TRUE,6,24,120,2.38,3.00,Good Standing,Spring 2030,1,1,1,10510
CID-614465,Tobias,Powell,Tobias Powell,Fall 2025,First-Time Freshman,Computer Science,Cybersecurity,Not Applicable,Not Applicable,Freshman,In-State,Full-Time,FALSE,8,29,120,3.48,3.50,Good Standing,Spring 2030,0,2,4,10670
CID-661700,Kwame,Torres,Kwame Torres,Fall 2026,Transfer,Computer Science,Cybersecurity,Not Applicable,Physics,Sophomore,In-State,Full-Time,TRUE,2,38,120,Not Applicable,Not Applicable,Good Standing,Fall 2029,0,0,2,0
CID-791184,Aiden,Tran,Aiden Tran,Fall 2024,Transfer,Computer Science,Software Engineering,Not Applicable,Not Applicable,Senior,In-State,Full-Time,TRUE,4,102,120,2.78,2.69,Good Standing,Spring 2027,0,0,1,10160
CID-682796,Xiomara,Gupta,Xiomara Gupta,Fall 2024,First-Time Freshman,Information Systems,Software Development,Not Applicable,Not Applicable,Sophomore,In-State,Full-Time,TRUE,8,56,120,3.21,3.60,Good Standing,Spring 2029,0,0,3,12140
CID-362288,Ansel,Cooper,Ansel Cooper,Fall 2022,First-Time Freshman,Computer Science,Data Science,Not Applicable,Not Applicable,Senior,In-State,Full-Time,FALSE,4,135,120,3.08,2.88,Good Standing,Spring 2027,1,0,4,49910
CID-332978,Keisha,Evans,Keisha Evans,Fall 2023,First-Time Freshman,Computer Science,Software Engineering,Not Applicable,Not Applicable,Junior,In-State,Full-Time,TRUE,1,88,120,3.77,3.65,Good Standing,Fall 2027,2,0,4,19400
CID-848829,Keisha,Moore,Keisha Moore,Fall 2025,First-Time Freshman,Computer Science,Software Engineering,Not Applicable,Not Applicable,Sophomore,In-State,Full-Time,TRUE,13,32,120,2.53,2.50,Good Standing,Spring 2030,1,0,1,10440
CID-935801,Rafael,Ross,Rafael Ross,Fall 2024,Transfer,Computer Science,General,Not Applicable,Not Applicable,Senior,In-State,Full-Time,FALSE,11,95,120,3.15,3.15,Good Standing,Fall 2027,1,2,3,10130
CID-334422,Keisha,Jackson,Keisha Jackson,Fall 2024,Transfer,Computer Science,Cybersecurity,Not Applicable,Not Applicable,Senior,In-State,Part-Time,FALSE,17,94,120,3.10,2.85,Good Standing,Fall 2028,1,0,3,10330
CID-823249,Beatriz,Gonzalez,Beatriz Gonzalez,Fall 2023,Transfer,Computer Science,General,Not Applicable,Not Applicable,Senior,In-State,Full-Time,FALSE,14,152,120,2.70,2.81,Good Standing,Spring 2027,1,2,3,16240
CID-675595,Jacob,Foster,Jacob Foster,Fall 2024,Transfer,Information Systems,General,Not Applicable,Not Applicable,Senior,In-State,Full-Time,FALSE,1,99,120,3.70,3.75,Good Standing,Fall 2027,1,0,2,12880
CID-137153,Chloe,Stewart,Chloe Stewart,Fall 2025,First-Time Freshman,Computer Science,Software Engineering,Not Applicable,Not Applicable,Freshman,In-State,Part-Time,FALSE,21,22,120,2.64,2.00,Good Standing,Spring 2034,0,2,0,11010
CID-299833,Nina,Green,Nina Green,Fall 2022,First-Time Freshman,Information Systems,Business Analytics,Not Applicable,Entrepreneurship,Senior,In-State,Full-Time,TRUE,12,109,120,2.71,2.69,Good Standing,Spring 2027,2,0,5,31390
CID-888595,Naomi,Wright,Naomi Wright,Fall 2026,Transfer,Computer Science,Cybersecurity,Not Applicable,Not Applicable,Freshman,In-State,Part-Time,TRUE,23,25,120,Not Applicable,Not Applicable,Good Standing,Spring 2034,0,2,2,0
CID-826306,Ibrahim,Okafor,Ibrahim Okafor,Fall 2024,First-Time Freshman,Information Systems,Business Analytics,Not Applicable,Not Applicable,Junior,Out-of-State,Full-Time,TRUE,2,66,120,3.76,3.71,Good Standing,Fall 2028,1,1,3,29180
CID-146767,Ansel,Bell,Ansel Bell,Fall 2023,Transfer,Information Systems,Cybersecurity Management,Not Applicable,Not Applicable,Senior,Out-of-State,Part-Time,FALSE,28,91,120,2.92,3.00,Good Standing,Fall 2028,2,2,2,18130
CID-997831,Hiroshi,Lee,Hiroshi Lee,Fall 2023,Transfer,Information Systems,Health Information Technology,Not Applicable,Not Applicable,Senior,In-State,Full-Time,FALSE,16,124,120,2.55,2.53,Good Standing,Spring 2027,1,0,0,15350
CID-629842,Daniela,Green,Daniela Green,Fall 2025,Transfer,Computer Science,General,Not Applicable,Not Applicable,Junior,In-State,Full-Time,TRUE,9,83,120,2.31,2.00,Good Standing,Spring 2028,0,0,3,5000
CID-708327,Lucas,Kelly,Lucas Kelly,Fall 2025,Transfer,Information Systems,Health Information Technology,Not Applicable,Not Applicable,Junior,In-State,Full-Time,FALSE,14,78,120,2.86,3.00,Good Standing,Spring 2028,1,1,2,3730
CID-203398,Rafael,Simmons,Rafael Simmons,Fall 2025,First-Time Freshman,Information Systems,Software Development,Not Applicable,Not Applicable,Sophomore,In-State,Full-Time,FALSE,4,37,120,3.00,3.50,Good Standing,Fall 2029,1,0,3,15430
CID-542547,Maya,Rivera,Maya Rivera,Fall 2024,First-Time Freshman,Computer Science,Data Science,Not Applicable,Not Applicable,Junior,In-State,Full-Time,FALSE,8,60,120,3.37,3.70,Good Standing,Spring 2029,1,2,2,22060
CID-160186,Layla,Sullivan,Layla Sullivan,Fall 2026,First-Time Freshman,Computer Science,General,Not Applicable,Not Applicable,Freshman,In-State,Full-Time,FALSE,6,0,120,Not Applicable,Not Applicable,Good Standing,Spring 2031,0,0,1,0
CID-685468,Layla,Lee,Layla Lee,Fall 2024,Transfer,Computer Science,General,Not Applicable,Not Applicable,Junior,In-State,Full-Time,FALSE,9,83,120,2.92,2.88,Good Standing,Spring 2028,1,1,1,9270
CID-678656,Caleb,Robinson,Caleb Robinson,Fall 2026,First-Time Freshman,Information Systems,Software Development,Not Applicable,Not Applicable,Freshman,In-State,Full-Time,FALSE,8,0,120,Not Applicable,Not Applicable,Good Standing,Spring 2031,0,1,0,0
CID-123127,Naomi,King,Naomi King,Fall 2024,First-Time Freshman,Information Systems,Health Information Technology,Not Applicable,Entrepreneurship,Junior,In-State,Full-Time,TRUE,8,64,120,3.31,3.43,Good Standing,Fall 2028,0,0,3,25300
CID-436914,Mia,Smith,Mia Smith,Fall 2025,Transfer,Computer Science,General,Not Applicable,Not Applicable,Sophomore,In-State,Part-Time,FALSE,22,52,120,2.25,2.00,Good Standing,Fall 2031,1,0,3,3140
CID-603155,Simone,Perez,Simone Perez,Fall 2025,First-Time Freshman,Computer Science,Cybersecurity,Not Applicable,Not Applicable,Freshman,In-State,Full-Time,TRUE,16,26,120,3.38,3.00,Good Standing,Spring 2030,1,0,3,10130
CID-255051,Chloe,Thompson,Chloe Thompson,Fall 2025,Transfer,Computer Science,General,Not Applicable,Not Applicable,Sophomore,In-State,Full-Time,TRUE,17,59,120,3.15,3.50,Good Standing,Spring 2029,0,0,2,4110
CID-662128,Carter,Phillips,Carter Phillips,Fall 2023,First-Time Freshman,Computer Science,General,Not Applicable,Psychology,Senior,In-State,Full-Time,TRUE,11,100,120,2.97,2.84,Good Standing,Fall 2027,0,1,1,27230
CID-654585,Elijah,King,Elijah King,Fall 2024,First-Time Freshman,Information Systems,General,Not Applicable,Not Applicable,Sophomore,Out-of-State,Full-Time,FALSE,12,54,120,3.09,3.00,Good Standing,Spring 2029,0,1,3,49640
CID-874717,Camila,Gupta,Camila Gupta,Fall 2025,Transfer,Computer Science,Software Engineering,Not Applicable,Not Applicable,Sophomore,In-State,Full-Time,TRUE,22,59,120,3.11,3.36,Good Standing,Spring 2029,1,1,4,5110
CID-630215,Keisha,Sanders,Keisha Sanders,Fall 2024,Transfer,Computer Science,Cybersecurity,Not Applicable,Not Applicable,Senior,In-State,Full-Time,TRUE,16,105,120,3.00,3.03,Good Standing,Spring 2027,1,0,4,7330
CID-965703,Ravi,Hughes,Ravi Hughes,Fall 2024,Transfer,Computer Science,Cybersecurity,Not Applicable,Not Applicable,Senior,In-State,Full-Time,TRUE,12,96,120,3.09,3.12,Good Standing,Fall 2027,1,0,0,8140
CID-648954,Simone,Evans,Simone Evans,Fall 2024,Transfer,Computer Science,General,Not Applicable,Not Applicable,Senior,In-State,Full-Time,FALSE,7,100,120,2.32,2.52,Good Standing,Fall 2027,1,2,2,14200
CID-907949,Joseph,Smith,Joseph Smith,Fall 2025,First-Time Freshman,Information Systems,General,Not Applicable,Statistics,Freshman,Out-of-State,Full-Time,FALSE,8,29,120,3.34,3.00,Good Standing,Spring 2030,1,2,4,25980
CID-160911,Aiden,Bell,Aiden Bell,Fall 2024,First-Time Freshman,Information Systems,Cybersecurity Management,Not Applicable,Not Applicable,Junior,In-State,Full-Time,TRUE,8,67,120,3.58,3.80,Good Standing,Fall 2028,1,0,4,21000
CID-745607,Nia,Mendez,Nia Mendez,Fall 2025,First-Time Freshman,Computer Science,Data Science,Not Applicable,Not Applicable,Sophomore,In-State,Full-Time,FALSE,3,31,120,2.65,3.50,Good Standing,Spring 2030,1,2,1,16020
CID-473115,Keisha,Wang,Keisha Wang,Fall 2023,First-Time Freshman,Computer Science,Artificial Intelligence,Not Applicable,Not Applicable,Senior,In-State,Full-Time,FALSE,0,98,120,2.68,2.76,Good Standing,Fall 2027,1,0,4,35070
CID-205241,Kai,Adebayo,Kai Adebayo,Fall 2026,First-Time Freshman,Computer Science,Artificial Intelligence,Not Applicable,Not Applicable,Freshman,Out-of-State,Part-Time,TRUE,24,0,120,Not Applicable,Not Applicable,Good Standing,Fall 2035,0,0,2,0
CID-195601,Chloe,White,Chloe White,Fall 2026,First-Time Freshman,Information Systems,Health Information Technology,Not Applicable,Not Applicable,Freshman,Out-of-State,Full-Time,FALSE,8,0,120,Not Applicable,Not Applicable,Good Standing,Spring 2031,0,2,5,0
CID-641718,Samir,Ross,Samir Ross,Fall 2024,Transfer,Information Systems,Cybersecurity Management,Not Applicable,Not Applicable,Senior,In-State,Part-Time,FALSE,20,90,120,3.92,3.90,Good Standing,Spring 2029,1,1,2,7410
CID-257945,Amir,Gomez,Amir Gomez,Fall 2024,First-Time Freshman,Computer Science,Artificial Intelligence,Not Applicable,Not Applicable,Sophomore,In-State,Full-Time,FALSE,13,58,120,3.41,3.12,Good Standing,Spring 2029,1,1,3,22850
CID-584191,Ava,Jones,Ava Jones,Fall 2025,Transfer,Information Systems,Health Information Technology,Not Applicable,Business Administration,Junior,In-State,Full-Time,FALSE,8,67,120,3.45,3.67,Good Standing,Fall 2028,1,0,2,6820
CID-228619,Zara,Clark,Zara Clark,Fall 2025,Transfer,Computer Science,General,Not Applicable,Mathematics,Sophomore,In-State,Full-Time,FALSE,5,57,120,2.97,3.00,Good Standing,Spring 2029,1,1,5,7110
CID-493016,Fatima,Peterson,Fatima Peterson,Fall 2024,Transfer,Computer Science,Software Engineering,Not Applicable,Philosophy,Senior,In-State,Full-Time,TRUE,7,94,120,3.55,3.42,Good Standing,Fall 2027,1,2,2,14000
CID-243622,Ansel,Walker,Ansel Walker,Fall 2024,First-Time Freshman,Computer Science,Artificial Intelligence,Not Applicable,Not Applicable,Junior,Out-of-State,Full-Time,FALSE,6,73,120,3.27,3.00,Good Standing,Fall 2028,1,1,4,52950
CID-730371,Simone,Patel,Simone Patel,Fall 2026,First-Time Freshman,Computer Science,Software Engineering,Not Applicable,Not Applicable,Freshman,In-State,Full-Time,FALSE,10,0,120,Not Applicable,Not Applicable,Good Standing,Spring 2031,0,0,1,0
CID-534636,Amir,Sullivan,Amir Sullivan,Fall 2025,First-Time Freshman,Computer Science,Software Engineering,Not Applicable,Not Applicable,Freshman,Out-of-State,Full-Time,TRUE,0,27,120,3.44,3.50,Good Standing,Spring 2030,1,2,6,17160
CID-456856,Mohammed,Alvarez,Mohammed Alvarez,Fall 2025,Transfer,Computer Science,General,Not Applicable,Not Applicable,Senior,In-State,Full-Time,FALSE,10,100,120,2.62,2.00,Good Standing,Fall 2027,1,2,4,9750
CID-424782,Rania,Gray,Rania Gray,Fall 2026,First-Time Freshman,Computer Science,Software Engineering,Not Applicable,Not Applicable,Freshman,In-State,Full-Time,TRUE,11,0,120,Not Applicable,Not Applicable,Good Standing,Spring 2031,0,0,2,0
CID-680365,Rania,Rogers,Rania Rogers,Fall 2023,First-Time Freshman,Information Systems,General,Not Applicable,Not Applicable,Senior,Out-of-State,Full-Time,FALSE,16,93,120,2.74,2.83,Good Standing,Fall 2027,0,2,4,71580
CID-622898,Samir,Hernandez,Samir Hernandez,Fall 2023,First-Time Freshman,Computer Science,Cybersecurity,Not Applicable,Not Applicable,Sophomore,In-State,Part-Time,FALSE,24,44,120,3.23,3.70,Good Standing,Fall 2032,0,2,2,13300
CID-509143,David,Lewis,David Lewis,Fall 2023,Transfer,Information Systems,General,Not Applicable,Not Applicable,Senior,In-State,Full-Time,FALSE,8,117,120,3.42,3.56,Good Standing,Spring 2027,0,0,3,14080
CID-492579,Sara,Bell,Sara Bell,Fall 2025,First-Time Freshman,Computer Science,General,Not Applicable,Not Applicable,Freshman,In-State,Full-Time,TRUE,7,26,120,3.15,3.00,Good Standing,Spring 2030,0,0,0,10920
CID-818607,Khalil,White,Khalil White,Fall 2022,First-Time Freshman,Computer Science,Data Science,Not Applicable,Not Applicable,Senior,In-State,Full-Time,FALSE,12,117,120,2.86,2.76,Good Standing,Spring 2027,1,0,1,50970
CID-142719,Sara,Wright,Sara Wright,Fall 2025,First-Time Freshman,Information Systems,Business Analytics,Not Applicable,Not Applicable,Sophomore,In-State,Full-Time,FALSE,14,30,120,3.03,3.00,Good Standing,Spring 2030,1,3,2,12500
CID-190476,Rafael,Silva,Rafael Silva,Fall 2024,First-Time Freshman,Computer Science,Cybersecurity,Not Applicable,Physics,Junior,Out-of-State,Full-Time,TRUE,17,61,120,3.03,3.00,Good Standing,Spring 2029,1,2,6,37920
CID-592002,Zoe,Silva,Zoe Silva,Fall 2022,First-Time Freshman,Computer Science,Cybersecurity,Not Applicable,Not Applicable,Senior,In-State,Full-Time,TRUE,6,123,120,2.46,2.70,Good Standing,Spring 2027,1,1,2,33660
CID-583925,Nicholas,Anderson,Nicholas Anderson,Fall 2026,First-Time Freshman,Computer Science,Artificial Intelligence,Not Applicable,Not Applicable,Freshman,In-State,Full-Time,FALSE,4,0,120,Not Applicable,Not Applicable,Good Standing,Spring 2031,0,0,2,0
CID-369616,Jasmine,Sanchez,Jasmine Sanchez,Fall 2023,First-Time Freshman,Information Systems,Business Analytics,Not Applicable,Not Applicable,Junior,Out-of-State,Full-Time,FALSE,7,87,120,3.29,3.77,Good Standing,Spring 2028,1,0,3,64930
CID-226435,Andre,Lewis,Andre Lewis,Fall 2026,First-Time Freshman,Computer Science,Software Engineering,Not Applicable,Not Applicable,Freshman,Out-of-State,Full-Time,FALSE,18,0,120,Not Applicable,Not Applicable,Good Standing,Spring 2031,0,2,7,0
CID-490739,Hiroshi,Garcia,Hiroshi Garcia,Fall 2022,First-Time Freshman,Computer Science,Software Engineering,Not Applicable,Not Applicable,Senior,Out-of-State,Full-Time,FALSE,6,117,120,2.87,2.78,Good Standing,Spring 2027,1,2,3,91160
CID-477155,Emma,Ochoa,Emma Ochoa,Fall 2026,First-Time Freshman,Information Systems,Health Information Technology,Not Applicable,Not Applicable,Freshman,In-State,Full-Time,FALSE,7,0,120,Not Applicable,Not Applicable,Good Standing,Spring 2031,0,1,3,0
CID-597645,Ibrahim,Baker,Ibrahim Baker,Fall 2024,Transfer,Information Systems,Business Analytics,Not Applicable,Not Applicable,Senior,In-State,Full-Time,TRUE,2,97,120,2.07,2.00,Good Standing,Fall 2027,0,0,3,9540
CID-465231,Yara,Park,Yara Park,Fall 2023,First-Time Freshman,Information Systems,General,Not Applicable,Not Applicable,Senior,In-State,Full-Time,TRUE,12,95,120,3.44,3.60,Good Standing,Fall 2027,1,0,3,29890
CID-172777,Joseph,Cruz,Joseph Cruz,Fall 2023,First-Time Freshman,Computer Science,General,Mathematics,Not Applicable,Sophomore,In-State,Part-Time,FALSE,17,54,120,3.30,3.25,Good Standing,Fall 2031,0,0,2,18210
CID-842291,Daniela,Rogers,Daniela Rogers,Fall 2026,First-Time Freshman,Information Systems,General,Not Applicable,Not Applicable,Freshman,Out-of-State,Full-Time,FALSE,5,0,120,Not Applicable,Not Applicable,Good Standing,Spring 2031,0,1,4,0
CID-636578,Ibrahim,Kaur,Ibrahim Kaur,Fall 2026,First-Time Freshman,Information Systems,General,Not Applicable,Not Applicable,Freshman,In-State,Full-Time,FALSE,8,0,120,Not Applicable,Not Applicable,Good Standing,Spring 2031,0,0,2,0
CID-362793,Simone,Wright,Simone Wright,Fall 2024,Transfer,Computer Science,Software Engineering,Not Applicable,Not Applicable,Senior,In-State,Full-Time,FALSE,5,90,120,3.59,3.71,Good Standing,Fall 2027,1,2,6,10440
CID-787292,Ravi,Murphy,Ravi Murphy,Fall 2026,First-Time Freshman,Computer Science,Software Engineering,Not Applicable,Statistics,Freshman,In-State,Part-Time,FALSE,23,0,120,Not Applicable,Not Applicable,Good Standing,Fall 2035,0,0,6,0
CID-876135,Kwame,Jones,Kwame Jones,Fall 2023,First-Time Freshman,Computer Science,General,Not Applicable,Not Applicable,Junior,Out-of-State,Full-Time,FALSE,10,68,120,2.44,2.10,Good Standing,Fall 2028,1,0,1,56340
CID-813011,Joseph,Anderson,Joseph Anderson,Fall 2026,Transfer,Computer Science,Data Science,Not Applicable,Not Applicable,Sophomore,In-State,Part-Time,FALSE,17,55,120,Not Applicable,Not Applicable,Good Standing,Fall 2031,0,0,1,0
CID-217173,Priya,Moore,Priya Moore,Fall 2022,First-Time Freshman,Information Systems,Software Development,Not Applicable,Not Applicable,Senior,In-State,Full-Time,FALSE,9,115,120,2.70,2.78,Good Standing,Spring 2027,1,0,0,34830
CID-934393,Zoe,Wilson,Zoe Wilson,Fall 2024,Transfer,Information Systems,Business Analytics,Not Applicable,Not Applicable,Senior,In-State,Full-Time,TRUE,12,116,120,3.83,3.80,Good Standing,Spring 2027,0,0,10,3060
CID-698333,Chidi,Shah,Chidi Shah,Fall 2025,Transfer,Information Systems,General,Not Applicable,Not Applicable,Senior,In-State,Full-Time,FALSE,9,92,120,3.00,3.14,Good Standing,Fall 2027,0,0,0,8080
CID-949685,Eli,Reed,Eli Reed,Fall 2025,First-Time Freshman,Information Systems,Business Analytics,Not Applicable,Not Applicable,Sophomore,Out-of-State,Full-Time,TRUE,0,35,120,3.00,3.00,Good Standing,Spring 2030,1,3,2,23960
CID-143849,Ravi,Baker,Ravi Baker,Fall 2023,First-Time Freshman,Computer Science,Data Science,Not Applicable,Not Applicable,Sophomore,In-State,Part-Time,FALSE,17,51,120,2.29,2.04,Good Standing,Spring 2032,0,0,4,24970
CID-897840,Samir,Taylor,Samir Taylor,Fall 2024,First-Time Freshman,Computer Science,Software Engineering,Not Applicable,Not Applicable,Junior,In-State,Full-Time,FALSE,0,61,120,3.33,3.67,Good Standing,Spring 2029,1,3,6,24960
CID-595938,Sara,Baker,Sara Baker,Fall 2025,Transfer,Information Systems,General,Not Applicable,Not Applicable,Senior,In-State,Full-Time,FALSE,13,92,120,3.00,3.00,Good Standing,Fall 2027,1,2,4,6890
CID-258610,Wei,Liu,Wei Liu,Fall 2025,Transfer,Computer Science,Artificial Intelligence,Not Applicable,Political Science,Junior,In-State,Full-Time,FALSE,10,67,120,2.63,2.50,Good Standing,Fall 2028,1,1,2,7600
CID-960950,Kayla,Gonzalez,Kayla Gonzalez,Fall 2023,First-Time Freshman,Computer Science,Software Engineering,Not Applicable,Not Applicable,Senior,In-State,Full-Time,FALSE,5,100,120,2.98,2.93,Good Standing,Fall 2027,1,0,1,34130
CID-521177,Lucas,Huang,Lucas Huang,Fall 2022,First-Time Freshman,Computer Science,Software Engineering,Not Applicable,Not Applicable,Senior,Out-of-State,Full-Time,FALSE,11,123,120,2.88,2.95,Good Standing,Spring 2027,3,1,4,103180
CID-501377,Jayden,Ochoa,Jayden Ochoa,Fall 2023,First-Time Freshman,Computer Science,Cybersecurity,Not Applicable,Not Applicable,Sophomore,Out-of-State,Part-Time,FALSE,19,54,120,3.07,3.17,Good Standing,Fall 2031,2,0,1,38820
CID-897802,Julia,Gupta,Julia Gupta,Fall 2024,First-Time Freshman,Computer Science,Cybersecurity,Not Applicable,Not Applicable,Sophomore,Out-of-State,Full-Time,FALSE,16,51,120,2.31,2.65,Good Standing,Spring 2029,1,1,2,42780
CID-604434,Kayla,Singh,Kayla Singh,Fall 2023,Transfer,Information Systems,Health Information Technology,Not Applicable,Not Applicable,Senior,In-State,Full-Time,FALSE,0,118,120,3.33,3.53,Good Standing,Spring 2027,0,0,3,17720
CID-559944,Hiroshi,Jenkins,Hiroshi Jenkins,Fall 2026,First-Time Freshman,Computer Science,Data Science,Not Applicable,Not Applicable,Freshman,In-State,Full-Time,FALSE,13,0,120,Not Applicable,Not Applicable,Good Standing,Spring 2031,0,0,1,0
CID-499827,Alina,Ellis,Alina Ellis,Fall 2025,Transfer,Computer Science,Software Engineering,Not Applicable,Physics,Junior,Out-of-State,Full-Time,FALSE,9,76,120,2.75,2.82,Good Standing,Spring 2028,0,0,4,12750
CID-263165,Victor,Ochoa,Victor Ochoa,Fall 2026,First-Time Freshman,Computer Science,Artificial Intelligence,Mathematics,Economics,Freshman,In-State,Full-Time,FALSE,8,0,120,Not Applicable,Not Applicable,Good Standing,Spring 2031,0,2,4,0
CID-229564,Kai,Wood,Kai Wood,Fall 2025,Transfer,Information Systems,Business Analytics,Not Applicable,Not Applicable,Junior,In-State,Full-Time,TRUE,6,64,120,3.67,4.00,Good Standing,Fall 2028,1,1,4,3940
CID-646758,Isabella,Thomas,Isabella Thomas,Fall 2026,First-Time Freshman,Information Systems,Business Analytics,Not Applicable,Not Applicable,Freshman,In-State,Full-Time,FALSE,4,0,120,Not Applicable,Not Applicable,Good Standing,Spring 2031,0,0,5,0
CID-170557,Emma,Carter,Emma Carter,Fall 2024,Transfer,Information Systems,Business Analytics,Not Applicable,Not Applicable,Senior,In-State,Full-Time,FALSE,16,114,120,2.41,2.47,Good Standing,Spring 2027,0,0,2,13410
CID-197859,Noah,Oliveira,Noah Oliveira,Fall 2024,Transfer,Computer Science,Cybersecurity,Not Applicable,Not Applicable,Sophomore,In-State,Part-Time,FALSE,13,57,120,3.28,3.29,Good Standing,Fall 2031,0,0,2,8040
CID-162353,Elijah,Morgan,Elijah Morgan,Fall 2024,First-Time Freshman,Computer Science,Cybersecurity,Not Applicable,Not Applicable,Junior,Out-of-State,Full-Time,FALSE,0,66,120,3.32,3.08,Good Standing,Fall 2028,1,0,3,48850
CID-975719,Sara,Yang,Sara Yang,Fall 2024,First-Time Freshman,Computer Science,Software Engineering,Not Applicable,Physics,Junior,Out-of-State,Full-Time,FALSE,12,61,120,3.56,3.42,Good Standing,Spring 2029,1,3,3,42220
CID-668919,Nia,Sanchez,Nia Sanchez,Fall 2023,First-Time Freshman,Computer Science,Artificial Intelligence,Not Applicable,Not Applicable,Senior,In-State,Full-Time,FALSE,8,92,120,3.13,3.27,Good Standing,Fall 2027,0,1,1,38430
CID-406356,Lucas,Mitchell,Lucas Mitchell,Fall 2023,First-Time Freshman,Computer Science,Data Science,Not Applicable,Not Applicable,Sophomore,In-State,Part-Time,FALSE,18,57,120,3.28,3.65,Good Standing,Fall 2031,1,3,4,27590
CID-228374,Luna,Green,Luna Green,Fall 2025,Transfer,Computer Science,General,Not Applicable,Not Applicable,Junior,In-State,Full-Time,FALSE,21,75,120,2.24,2.60,Good Standing,Spring 2028,0,0,0,5150
CID-217563,Julia,Silva,Julia Silva,Fall 2025,First-Time Freshman,Computer Science,General,Not Applicable,Not Applicable,Sophomore,In-State,Full-Time,TRUE,12,31,120,2.26,2.50,Good Standing,Spring 2030,1,1,4,11310
CID-768882,Bianca,Park,Bianca Park,Fall 2023,First-Time Freshman,Computer Science,Artificial Intelligence,Not Applicable,Not Applicable,Senior,Out-of-State,Full-Time,FALSE,8,102,120,3.03,3.31,Good Standing,Spring 2027,1,0,4,88740
CID-355606,Chloe,Reed,Chloe Reed,Fall 2024,Transfer,Information Systems,General,Not Applicable,Statistics,Senior,In-State,Full-Time,FALSE,8,112,120,3.28,3.20,Good Standing,Spring 2027,0,2,0,11390
CID-618243,Diego,Cruz,Diego Cruz,Fall 2022,First-Time Freshman,Computer Science,Software Engineering,Not Applicable,Not Applicable,Junior,In-State,Full-Time,FALSE,19,73,120,2.09,2.23,Good Standing,Fall 2028,0,0,2,39450
CID-492891,Chloe,Jones,Chloe Jones,Fall 2025,Transfer,Computer Science,Software Engineering,Not Applicable,Not Applicable,Junior,In-State,Full-Time,FALSE,14,67,120,2.72,3.00,Good Standing,Fall 2028,1,0,1,6810
CID-950870,Simone,Chen,Simone Chen,Fall 2026,First-Time Freshman,Information Systems,Business Analytics,Not Applicable,Not Applicable,Freshman,In-State,Full-Time,FALSE,13,0,120,Not Applicable,Not Applicable,Good Standing,Spring 2031,0,0,5,0
CID-742146,Jasmine,Gomez,Jasmine Gomez,Fall 2024,First-Time Freshman,Computer Science,General,Not Applicable,Not Applicable,Sophomore,Out-of-State,Full-Time,TRUE,8,55,120,3.29,3.08,Good Standing,Spring 2029,1,0,4,30280
CID-375410,Nina,Kim,Nina Kim,Fall 2024,First-Time Freshman,Computer Science,Software Engineering,Not Applicable,Not Applicable,Sophomore,In-State,Full-Time,FALSE,3,58,120,3.03,2.88,Good Standing,Spring 2029,0,0,2,20890
CID-318201,Benjamin,Williams,Benjamin Williams,Fall 2025,First-Time Freshman,Information Systems,Software Development,Not Applicable,Not Applicable,Sophomore,In-State,Full-Time,TRUE,13,32,120,3.38,3.00,Good Standing,Spring 2030,1,1,5,7450
CID-294302,Jordan,Cooper,Jordan Cooper,Fall 2023,First-Time Freshman,Computer Science,General,Not Applicable,Not Applicable,Junior,Out-of-State,Full-Time,TRUE,6,89,120,3.06,2.90,Good Standing,Fall 2027,2,0,1,46110
CID-298728,David,Wilson,David Wilson,Fall 2025,First-Time Freshman,Information Systems,Cybersecurity Management,Not Applicable,Not Applicable,Freshman,In-State,Full-Time,FALSE,13,26,120,2.15,2.00,Good Standing,Spring 2030,0,0,0,11600
CID-100337,Jada,Ramirez,Jada Ramirez,Fall 2026,First-Time Freshman,Information Systems,General,Not Applicable,Not Applicable,Freshman,In-State,Full-Time,FALSE,17,0,120,Not Applicable,Not Applicable,Good Standing,Spring 2031,0,0,0,0
CID-405899,Ethan,Garcia,Ethan Garcia,Fall 2026,Transfer,Information Systems,Business Analytics,Not Applicable,Not Applicable,Sophomore,In-State,Full-Time,FALSE,10,30,120,Not Applicable,Not Applicable,Good Standing,Spring 2030,0,0,0,0
CID-996829,Luna,Taylor,Luna Taylor,Fall 2024,First-Time Freshman,Computer Science,General,Not Applicable,Not Applicable,Sophomore,In-State,Full-Time,TRUE,5,52,120,2.98,2.88,Good Standing,Spring 2029,0,0,4,10070
CID-919149,Amir,Johnson,Amir Johnson,Fall 2024,First-Time Freshman,Information Systems,Cybersecurity Management,Not Applicable,Not Applicable,Junior,In-State,Full-Time,FALSE,9,70,120,2.76,2.86,Good Standing,Fall 2028,1,0,0,27080
CID-413954,Jasmine,Perry,Jasmine Perry,Fall 2026,First-Time Freshman,Computer Science,Cybersecurity,Not Applicable,Not Applicable,Freshman,In-State,Full-Time,TRUE,16,0,120,Not Applicable,Not Applicable,Good Standing,Spring 2031,0,1,6,0
CID-740943,Hiroshi,Scott,Hiroshi Scott,Fall 2025,Transfer,Information Systems,Cybersecurity Management,Not Applicable,Not Applicable,Junior,In-State,Full-Time,FALSE,7,79,120,3.34,3.60,Good Standing,Spring 2028,1,0,3,6060
CID-696251,Jayden,Jackson,Jayden Jackson,Fall 2023,First-Time Freshman,Information Systems,Software Development,Not Applicable,Not Applicable,Senior,In-State,Full-Time,FALSE,10,91,120,3.37,3.20,Good Standing,Fall 2027,2,0,6,29710
CID-405346,Kwame,Liu,Kwame Liu,Fall 2026,First-Time Freshman,Computer Science,General,Not Applicable,Political Science,Freshman,Out-of-State,Full-Time,FALSE,9,0,120,Not Applicable,Not Applicable,Good Standing,Spring 2031,0,0,6,0
CID-630556,Anaya,Alvarez,Anaya Alvarez,Fall 2024,First-Time Freshman,Computer Science,General,Not Applicable,Not Applicable,Sophomore,In-State,Full-Time,FALSE,15,55,120,2.75,2.58,Good Standing,Spring 2029,0,2,3,22380
CID-908553,Daniela,Watson,Daniela Watson,Fall 2023,First-Time Freshman,Computer Science,Software Engineering,Mathematics,Not Applicable,Junior,In-State,Full-Time,TRUE,15,79,120,2.75,2.74,Good Standing,Spring 2028,0,0,0,19260
CID-669738,Daniel,Singh,Daniel Singh,Fall 2023,First-Time Freshman,Computer Science,Data Science,Not Applicable,Not Applicable,Junior,In-State,Full-Time,FALSE,6,79,120,2.24,2.17,Good Standing,Spring 2028,0,0,1,25410
CID-539054,Jayden,Wood,Jayden Wood,Fall 2026,First-Time Freshman,Information Systems,General,Not Applicable,Not Applicable,Freshman,In-State,Full-Time,FALSE,6,0,120,Not Applicable,Not Applicable,Good Standing,Spring 2031,0,3,3,0
CID-100511,Zara,Watson,Zara Watson,Fall 2026,First-Time Freshman,Computer Science,Software Engineering,Not Applicable,Not Applicable,Freshman,Out-of-State,Full-Time,TRUE,7,0,120,Not Applicable,Not Applicable,Good Standing,Spring 2031,0,0,1,0
CID-604971,Emma,Williams,Emma Williams,Fall 2026,Transfer,Computer Science,Software Engineering,Not Applicable,Not Applicable,Sophomore,In-State,Full-Time,FALSE,5,39,120,Not Applicable,Not Applicable,Good Standing,Fall 2029,0,0,1,0
CID-311912,Lucas,Thompson,Lucas Thompson,Fall 2023,First-Time Freshman,Computer Science,General,Mathematics,Not Applicable,Junior,In-State,Full-Time,FALSE,18,88,120,2.68,2.45,Good Standing,Fall 2027,0,0,1,40700
CID-857713,Lucas,Bell,Lucas Bell,Fall 2025,Transfer,Computer Science,Cybersecurity,Not Applicable,Not Applicable,Junior,In-State,Full-Time,FALSE,16,75,120,3.38,3.19,Good Standing,Spring 2028,0,0,2,5180
CID-438771,Joseph,Sanders,Joseph Sanders,Fall 2025,Transfer,Computer Science,Cybersecurity,Not Applicable,Not Applicable,Junior,In-State,Full-Time,FALSE,10,69,120,2.72,2.46,Good Standing,Fall 2028,1,0,3,6130
CID-862218,Aaliyah,Campbell,Aaliyah Campbell,Fall 2025,Transfer,Computer Science,Software Engineering,Not Applicable,Not Applicable,Junior,In-State,Full-Time,FALSE,14,69,120,2.11,2.00,Good Standing,Fall 2028,0,0,2,6100
CID-884614,Nicholas,Nwosu,Nicholas Nwosu,Fall 2025,First-Time Freshman,Information Systems,Cybersecurity Management,Not Applicable,Not Applicable,Sophomore,In-State,Full-Time,FALSE,2,32,120,2.84,3.00,Good Standing,Spring 2030,0,2,5,15650
CID-774366,Daniel,Sanders,Daniel Sanders,Fall 2025,First-Time Freshman,Computer Science,General,Not Applicable,Not Applicable,Freshman,Out-of-State,Full-Time,TRUE,6,29,120,3.00,3.73,Good Standing,Spring 2030,0,0,1,17440
CID-827864,Jordan,Peterson,Jordan Peterson,Fall 2026,Transfer,Computer Science,Artificial Intelligence,Not Applicable,Not Applicable,Sophomore,In-State,Full-Time,FALSE,4,57,120,Not Applicable,Not Applicable,Good Standing,Spring 2029,0,0,1,0
CID-954223,Elijah,Ellis,Elijah Ellis,Fall 2025,First-Time Freshman,Computer Science,Cybersecurity,Not Applicable,Not Applicable,Freshman,In-State,Full-Time,FALSE,11,29,120,3.10,3.50,Good Standing,Spring 2030,1,1,3,10750
CID-612716,Olivia,Powell,Olivia Powell,Fall 2025,First-Time Freshman,Computer Science,Data Science,Not Applicable,Not Applicable,Sophomore,In-State,Full-Time,FALSE,9,38,120,3.74,3.36,Good Standing,Fall 2029,0,0,3,15740
CID-275845,Olivia,Cooper,Olivia Cooper,Fall 2023,First-Time Freshman,Computer Science,Data Science,Not Applicable,Mathematics,Junior,In-State,Full-Time,FALSE,5,73,120,2.26,2.48,Good Standing,Fall 2028,0,0,1,32010
CID-695954,Yusuf,Phillips,Yusuf Phillips,Fall 2024,Transfer,Computer Science,General,Mathematics,Not Applicable,Sophomore,In-State,Part-Time,FALSE,18,56,120,2.28,2.00,Good Standing,Fall 2031,0,0,1,8840
CID-836057,Omar,Campbell,Omar Campbell,Fall 2023,First-Time Freshman,Computer Science,General,Not Applicable,Statistics,Sophomore,In-State,Full-Time,TRUE,19,55,120,1.81,1.78,Academic Warning,Spring 2029,0,0,1,23070
CID-176656,Keisha,Turner,Keisha Turner,Fall 2023,First-Time Freshman,Computer Science,Data Science,Not Applicable,Not Applicable,Junior,In-State,Full-Time,FALSE,17,82,120,3.07,3.00,Good Standing,Spring 2028,1,0,0,28520
CID-654294,Daniela,Thomas,Daniela Thomas,Fall 2024,Transfer,Information Systems,Software Development,Not Applicable,Not Applicable,Senior,In-State,Full-Time,TRUE,15,108,120,3.73,3.79,Good Standing,Spring 2027,1,1,3,6950
CID-682365,Keisha,Diaz,Keisha Diaz,Fall 2023,First-Time Freshman,Computer Science,Software Engineering,Information Systems,Not Applicable,Junior,Out-of-State,Full-Time,FALSE,15,88,120,2.85,2.79,Good Standing,Fall 2027,1,2,7,70130
CID-699823,Yara,Diaz,Yara Diaz,Fall 2024,First-Time Freshman,Information Systems,Software Development,Not Applicable,Entrepreneurship,Junior,Out-of-State,Full-Time,FALSE,2,65,120,3.38,3.17,Good Standing,Fall 2028,1,0,2,44820
CID-989674,Victor,Wong,Victor Wong,Fall 2025,First-Time Freshman,Information Systems,General,Not Applicable,Not Applicable,Sophomore,Out-of-State,Full-Time,TRUE,8,30,120,3.10,3.00,Good Standing,Spring 2030,0,1,4,17100
CID-892036,Kevin,Foster,Kevin Foster,Fall 2026,First-Time Freshman,Computer Science,General,Not Applicable,Not Applicable,Freshman,Out-of-State,Full-Time,TRUE,15,0,120,Not Applicable,Not Applicable,Good Standing,Spring 2031,0,3,3,0
CID-351734,Tobias,Gomez,Tobias Gomez,Fall 2022,First-Time Freshman,Computer Science,General,Not Applicable,Physics,Senior,In-State,Full-Time,FALSE,2,135,120,3.51,3.29,Good Standing,Spring 2027,3,0,7,45890
CID-965172,Ryan,Price,Ryan Price,Fall 2024,First-Time Freshman,Computer Science,Software Engineering,Not Applicable,Not Applicable,Junior,In-State,Full-Time,FALSE,6,64,120,2.95,2.67,Good Standing,Fall 2028,1,0,3,27660
CID-417541,Yusuf,Cooper,Yusuf Cooper,Fall 2025,First-Time Freshman,Information Systems,Health Information Technology,Not Applicable,Not Applicable,Freshman,In-State,Part-Time,TRUE,21,18,120,2.17,2.00,Good Standing,Fall 2034,1,2,5,6750
CID-248384,Anaya,Wilson,Anaya Wilson,Fall 2026,Transfer,Computer Science,General,Not Applicable,Not Applicable,Sophomore,In-State,Full-Time,FALSE,0,34,120,Not Applicable,Not Applicable,Good Standing,Spring 2030,0,0,2,0
CID-720942,Kayla,Chen,Kayla Chen,Fall 2024,First-Time Freshman,Information Systems,Cybersecurity Management,Not Applicable,Not Applicable,Junior,In-State,Full-Time,FALSE,0,62,120,3.15,2.86,Good Standing,Fall 2028,0,0,4,19680
CID-325524,Thomas,Bell,Thomas Bell,Fall 2024,First-Time Freshman,Computer Science,Cybersecurity,Not Applicable,Not Applicable,Junior,Out-of-State,Full-Time,FALSE,13,67,120,3.21,3.46,Good Standing,Fall 2028,1,3,8,51680
CID-963042,Camila,Cruz,Camila Cruz,Fall 2024,First-Time Freshman,Computer Science,Cybersecurity,Information Systems,Cybersecurity,Sophomore,Out-of-State,Full-Time,FALSE,21,54,120,3.22,3.17,Good Standing,Spring 2029,1,2,4,34270
CID-626691,Jada,Perry,Jada Perry,Fall 2026,First-Time Freshman,Computer Science,Cybersecurity,Not Applicable,Not Applicable,Freshman,In-State,Full-Time,TRUE,10,0,120,Not Applicable,Not Applicable,Good Standing,Spring 2031,0,2,3,0
CID-110386,Sara,Ho,Sara Ho,Fall 2026,First-Time Freshman,Information Systems,Cybersecurity Management,Not Applicable,Not Applicable,Freshman,In-State,Full-Time,FALSE,13,0,120,Not Applicable,Not Applicable,Good Standing,Spring 2031,0,0,5,0
CID-541869,Gabriel,Walker,Gabriel Walker,Fall 2025,First-Time Freshman,Information Systems,Software Development,Not Applicable,Not Applicable,Sophomore,Out-of-State,Full-Time,TRUE,17,31,120,3.00,3.00,Good Standing,Spring 2030,1,1,5,15730
CID-120844,Miguel,Diaz,Miguel Diaz,Fall 2022,First-Time Freshman,Computer Science,General,Not Applicable,Not Applicable,Senior,In-State,Full-Time,TRUE,11,126,120,3.16,2.81,Good Standing,Spring 2027,3,0,3,26380
CID-884993,Khalil,Tran,Khalil Tran,Fall 2025,Transfer,Computer Science,Cybersecurity,Not Applicable,Not Applicable,Sophomore,In-State,Full-Time,FALSE,5,55,120,3.42,3.00,Good Standing,Spring 2029,0,1,1,5720
CID-204411,Nadia,Williams,Nadia Williams,Fall 2024,Transfer,Information Systems,Business Analytics,Not Applicable,Not Applicable,Senior,In-State,Full-Time,TRUE,29,97,120,2.88,2.80,Good Standing,Fall 2027,0,0,3,9320
CID-400236,Mohammed,Singh,Mohammed Singh,Fall 2025,First-Time Freshman,Computer Science,General,Not Applicable,Mathematics,Sophomore,In-State,Full-Time,FALSE,13,35,120,3.49,3.00,Good Standing,Spring 2030,0,1,2,14740
CID-913333,Jing,Flores,Jing Flores,Fall 2025,Transfer,Computer Science,General,Not Applicable,Not Applicable,Senior,In-State,Full-Time,FALSE,4,90,120,2.82,3.23,Good Standing,Fall 2027,0,0,0,5070
CID-602614,Daniela,Wilson,Daniela Wilson,Fall 2023,First-Time Freshman,Information Systems,Health Information Technology,Not Applicable,Not Applicable,Junior,In-State,Full-Time,FALSE,0,74,120,2.23,1.90,Good Standing,Fall 2028,2,0,1,27330
CID-730495,Kiara,Perry,Kiara Perry,Fall 2023,First-Time Freshman,Computer Science,Artificial Intelligence,Not Applicable,Not Applicable,Senior,In-State,Full-Time,TRUE,14,104,120,3.54,3.55,Good Standing,Spring 2027,1,1,2,25000
CID-961358,Ravi,Brown,Ravi Brown,Fall 2023,First-Time Freshman,Information Systems,Cybersecurity Management,Not Applicable,Not Applicable,Senior,In-State,Full-Time,TRUE,16,91,120,3.90,3.75,Good Standing,Fall 2027,2,2,8,22170
CID-721392,Rania,Stewart,Rania Stewart,Fall 2024,Transfer,Information Systems,Business Analytics,Not Applicable,Not Applicable,Junior,In-State,Full-Time,FALSE,20,85,120,3.12,2.89,Good Standing,Spring 2028,0,0,1,12040
CID-535742,Caleb,Mendez,Caleb Mendez,Fall 2024,First-Time Freshman,Information Systems,Business Analytics,Not Applicable,Entrepreneurship,Sophomore,In-State,Full-Time,FALSE,9,54,120,2.72,3.40,Good Standing,Spring 2029,1,0,1,23710
CID-664522,Khalil,Wilson,Khalil Wilson,Fall 2025,Transfer,Computer Science,Software Engineering,Not Applicable,Not Applicable,Senior,In-State,Full-Time,FALSE,6,90,120,3.35,3.23,Good Standing,Fall 2027,1,0,0,6010
CID-862182,Layla,Carter,Layla Carter,Fall 2025,First-Time Freshman,Information Systems,General,Not Applicable,Not Applicable,Sophomore,Out-of-State,Full-Time,FALSE,3,35,120,2.83,3.00,Good Standing,Spring 2030,0,0,2,25440
CID-975720,Khalil,Jones,Khalil Jones,Fall 2023,Transfer,Computer Science,Artificial Intelligence,Not Applicable,Not Applicable,Senior,Out-of-State,Full-Time,TRUE,16,132,120,3.54,3.72,Good Standing,Spring 2027,0,0,4,19530
CID-170436,Samir,Green,Samir Green,Fall 2026,Transfer,Computer Science,Software Engineering,Not Applicable,Not Applicable,Sophomore,In-State,Full-Time,FALSE,6,36,120,Not Applicable,Not Applicable,Good Standing,Fall 2029,0,0,0,0
CID-809036,Isabella,James,Isabella James,Fall 2025,First-Time Freshman,Computer Science,Cybersecurity,Not Applicable,Not Applicable,Freshman,In-State,Full-Time,FALSE,9,26,120,2.58,2.50,Good Standing,Spring 2030,1,0,1,9160
CID-433315,Mei,Wang,Mei Wang,Fall 2023,First-Time Freshman,Computer Science,General,Not Applicable,Not Applicable,Sophomore,In-State,Part-Time,TRUE,12,54,120,3.20,3.17,Good Standing,Fall 2031,1,2,3,11200
CID-928559,Elijah,Ho,Elijah Ho,Fall 2025,First-Time Freshman,Computer Science,Software Engineering,Not Applicable,Not Applicable,Sophomore,In-State,Full-Time,TRUE,7,30,120,2.83,2.50,Good Standing,Spring 2030,0,0,0,10040
CID-198820,Zoe,Ibrahim,Zoe Ibrahim,Fall 2023,First-Time Freshman,Computer Science,Cybersecurity,Not Applicable,Not Applicable,Junior,In-State,Full-Time,FALSE,6,78,120,2.77,2.56,Good Standing,Spring 2028,0,0,1,34210
CID-811184,Elena,Price,Elena Price,Fall 2026,First-Time Freshman,Computer Science,Artificial Intelligence,Not Applicable,Not Applicable,Freshman,In-State,Full-Time,FALSE,14,0,120,Not Applicable,Not Applicable,Good Standing,Spring 2031,0,2,2,0
CID-805707,Keisha,Kaur,Keisha Kaur,Fall 2024,First-Time Freshman,Information Systems,Business Analytics,Not Applicable,Not Applicable,Sophomore,In-State,Full-Time,TRUE,13,59,120,3.20,3.00,Good Standing,Spring 2029,1,2,1,20500
CID-686379,Daniel,Ellis,Daniel Ellis,Fall 2025,First-Time Freshman,Computer Science,Software Engineering,Not Applicable,Entrepreneurship,Freshman,In-State,Full-Time,TRUE,14,29,120,2.66,3.00,Good Standing,Spring 2030,0,0,7,8710
CID-700352,Khalil,Singh,Khalil Singh,Fall 2026,First-Time Freshman,Information Systems,Health Information Technology,Mathematics,Not Applicable,Freshman,In-State,Full-Time,TRUE,13,0,120,Not Applicable,Not Applicable,Good Standing,Spring 2031,0,0,0,0
CID-375146,Tariq,Baker,Tariq Baker,Fall 2024,Transfer,Information Systems,General,Not Applicable,Not Applicable,Senior,In-State,Part-Time,TRUE,28,100,120,3.17,3.30,Good Standing,Spring 2028,0,1,7,8780
CID-247402,Noah,Roberts,Noah Roberts,Fall 2026,Transfer,Information Systems,Business Analytics,Not Applicable,Not Applicable,Sophomore,In-State,Full-Time,TRUE,11,53,120,Not Applicable,Not Applicable,Good Standing,Spring 2029,0,0,2,0
CID-581178,Tariq,Liu,Tariq Liu,Fall 2024,First-Time Freshman,Information Systems,General,Not Applicable,Not Applicable,Sophomore,In-State,Full-Time,FALSE,9,55,120,2.62,2.83,Good Standing,Spring 2029,1,0,1,21710
CID-627593,Ibrahim,Smith,Ibrahim Smith,Fall 2023,First-Time Freshman,Information Systems,Cybersecurity Management,Not Applicable,Not Applicable,Senior,In-State,Full-Time,FALSE,3,93,120,3.22,2.69,Good Standing,Fall 2027,2,3,3,42130
CID-461499,Wei,Silva,Wei Silva,Fall 2024,Transfer,Computer Science,Data Science,Not Applicable,Not Applicable,Senior,Out-of-State,Full-Time,FALSE,3,111,120,3.69,3.59,Good Standing,Spring 2027,1,0,1,20800
CID-292239,Tobias,Johnson,Tobias Johnson,Fall 2025,First-Time Freshman,Computer Science,General,Not Applicable,Not Applicable,Freshman,In-State,Full-Time,FALSE,5,29,120,3.48,3.00,Good Standing,Spring 2030,1,2,3,10110
CID-915451,Ryan,Johnson,Ryan Johnson,Fall 2024,First-Time Freshman,Information Systems,General,Not Applicable,Not Applicable,Sophomore,Out-of-State,Full-Time,FALSE,2,56,120,2.91,2.83,Good Standing,Spring 2029,1,0,2,39330
CID-287065,Daniel,Yang,Daniel Yang,Fall 2023,Transfer,Computer Science,Cybersecurity,Not Applicable,Not Applicable,Senior,In-State,Full-Time,TRUE,20,119,120,2.69,2.54,Good Standing,Spring 2027,1,2,2,21450
CID-977952,Jordan,Gomez,Jordan Gomez,Fall 2025,First-Time Freshman,Information Systems,Cybersecurity Management,Not Applicable,Not Applicable,Freshman,Out-of-State,Full-Time,FALSE,12,28,120,3.79,3.00,Good Standing,Spring 2030,0,2,3,15710
CID-348976,Deepa,Yang,Deepa Yang,Fall 2026,Transfer,Information Systems,General,Not Applicable,Not Applicable,Sophomore,In-State,Full-Time,TRUE,21,45,120,Not Applicable,Not Applicable,Good Standing,Fall 2029,0,0,2,0
CID-797829,Naomi,Davis,Naomi Davis,Fall 2025,Transfer,Computer Science,Data Science,Not Applicable,Not Applicable,Senior,In-State,Full-Time,FALSE,18,92,120,2.89,2.77,Good Standing,Fall 2027,1,0,1,6790
CID-106633,Jada,Clark,Jada Clark,Fall 2025,Transfer,Computer Science,Cybersecurity,Not Applicable,Not Applicable,Sophomore,In-State,Part-Time,FALSE,17,45,120,3.00,3.00,Good Standing,Fall 2032,0,0,0,3980
CID-479644,Khalil,Price,Khalil Price,Fall 2024,Transfer,Computer Science,Data Science,Information Systems,Not Applicable,Senior,In-State,Full-Time,FALSE,17,101,120,2.24,2.34,Good Standing,Spring 2027,1,0,6,9360
CID-102077,Nicholas,Price,Nicholas Price,Fall 2023,Transfer,Information Systems,General,Not Applicable,Not Applicable,Senior,In-State,Full-Time,FALSE,17,112,120,2.57,2.60,Good Standing,Spring 2027,0,0,1,19180
CID-915240,Tariq,Diaz,Tariq Diaz,Fall 2022,First-Time Freshman,Information Systems,Business Analytics,Not Applicable,Not Applicable,Junior,In-State,Part-Time,FALSE,26,61,120,3.61,3.50,Good Standing,Spring 2031,2,0,7,20250
CID-934130,Layla,Mendez,Layla Mendez,Fall 2026,First-Time Freshman,Information Systems,General,Statistics,Economics,Freshman,Out-of-State,Full-Time,TRUE,18,0,120,Not Applicable,Not Applicable,Good Standing,Spring 2031,0,1,6,0
CID-278930,Caleb,Thomas,Caleb Thomas,Fall 2022,First-Time Freshman,Computer Science,Data Science,Not Applicable,Not Applicable,Senior,Out-of-State,Full-Time,TRUE,10,111,120,2.65,2.49,Good Standing,Spring 2027,1,1,3,77600
CID-962323,Olivia,Silva,Olivia Silva,Fall 2024,First-Time Freshman,Information Systems,Cybersecurity Management,Not Applicable,Not Applicable,Junior,In-State,Full-Time,TRUE,15,60,120,3.25,2.80,Good Standing,Spring 2029,1,3,3,26260
CID-288296,Anika,Stewart,Anika Stewart,Fall 2022,First-Time Freshman,Information Systems,Software Development,Not Applicable,Not Applicable,Senior,In-State,Full-Time,FALSE,2,115,120,3.42,3.44,Good Standing,Spring 2027,3,1,5,32010
CID-559838,Jada,James,Jada James,Fall 2023,First-Time Freshman,Computer Science,Data Science,Not Applicable,Not Applicable,Senior,In-State,Full-Time,TRUE,14,92,120,2.85,2.69,Good Standing,Fall 2027,1,0,4,34340
CID-290652,Yara,Lewis,Yara Lewis,Fall 2026,Transfer,Computer Science,General,Not Applicable,Not Applicable,Sophomore,In-State,Full-Time,FALSE,3,59,120,Not Applicable,Not Applicable,Good Standing,Spring 2029,0,2,4,0
CID-500937,Jada,Mitchell,Jada Mitchell,Fall 2026,Transfer,Computer Science,Artificial Intelligence,Not Applicable,Not Applicable,Junior,In-State,Full-Time,TRUE,7,63,120,Not Applicable,Not Applicable,Good Standing,Fall 2028,0,0,2,0
CID-778368,Ava,Nwosu,Ava Nwosu,Fall 2024,First-Time Freshman,Information Systems,Health Information Technology,Not Applicable,Not Applicable,Sophomore,In-State,Full-Time,FALSE,17,58,120,3.38,3.40,Good Standing,Spring 2029,1,0,2,17780
CID-988574,Benjamin,Phillips,Benjamin Phillips,Fall 2022,First-Time Freshman,Information Systems,General,Not Applicable,Not Applicable,Senior,Out-of-State,Full-Time,FALSE,7,109,120,3.09,3.12,Good Standing,Spring 2027,2,0,1,88390
CID-605828,Priya,Turner,Priya Turner,Fall 2024,First-Time Freshman,Computer Science,General,Not Applicable,Not Applicable,Sophomore,In-State,Full-Time,FALSE,7,52,120,2.90,3.00,Good Standing,Spring 2029,0,0,3,25510
CID-347511,Kai,Walker,Kai Walker,Fall 2025,Transfer,Computer Science,General,Not Applicable,Not Applicable,Junior,Out-of-State,Full-Time,TRUE,21,79,120,3.11,3.19,Good Standing,Spring 2028,1,1,2,9030
CID-482507,Sara,Turner,Sara Turner,Fall 2023,First-Time Freshman,Information Systems,Cybersecurity Management,Not Applicable,Not Applicable,Senior,Out-of-State,Full-Time,FALSE,2,94,120,3.81,3.82,Good Standing,Fall 2027,2,0,2,50820
CID-991905,Alina,Martinez,Alina Martinez,Fall 2025,Transfer,Computer Science,General,Not Applicable,Not Applicable,Junior,In-State,Full-Time,TRUE,6,88,120,3.26,3.06,Good Standing,Fall 2027,1,2,6,3390
CID-560085,Nora,Ibrahim,Nora Ibrahim,Fall 2025,First-Time Freshman,Computer Science,General,Not Applicable,Not Applicable,Freshman,Out-of-State,Full-Time,FALSE,5,29,120,3.14,3.73,Good Standing,Spring 2030,1,0,4,26630
CID-405258,Liam,Flores,Liam Flores,Fall 2026,Transfer,Computer Science,Data Science,Not Applicable,Political Science,Sophomore,Out-of-State,Full-Time,FALSE,14,57,120,Not Applicable,Not Applicable,Good Standing,Spring 2029,0,0,2,0
CID-813515,Anika,Foster,Anika Foster,Fall 2026,Transfer,Information Systems,Business Analytics,Not Applicable,Not Applicable,Sophomore,In-State,Full-Time,FALSE,3,44,120,Not Applicable,Not Applicable,Good Standing,Fall 2029,0,0,4,0
CID-279665,Khalil,Gomez,Khalil Gomez,Fall 2025,Transfer,Computer Science,Cybersecurity,Not Applicable,Not Applicable,Junior,In-State,Full-Time,FALSE,7,83,120,2.36,2.12,Good Standing,Spring 2028,0,0,1,5220
CID-778105,Carter,Roberts,Carter Roberts,Fall 2024,First-Time Freshman,Computer Science,Software Engineering,Not Applicable,Not Applicable,Sophomore,In-State,Full-Time,FALSE,2,43,120,2.00,1.43,Good Standing,Fall 2029,0,0,1,19340
CID-339331,William,Rodriguez,William Rodriguez,Fall 2024,Transfer,Information Systems,Cybersecurity Management,Not Applicable,Cybersecurity,Junior,In-State,Full-Time,FALSE,10,84,120,3.33,3.00,Good Standing,Spring 2028,0,0,4,11480
CID-899771,William,Rivera,William Rivera,Fall 2025,First-Time Freshman,Computer Science,General,Not Applicable,Not Applicable,Freshman,In-State,Full-Time,TRUE,9,29,120,3.10,3.00,Good Standing,Spring 2030,0,0,1,7820
CID-152895,Alina,Henderson,Alina Henderson,Fall 2024,Transfer,Information Systems,Software Development,Not Applicable,Not Applicable,Senior,In-State,Full-Time,FALSE,12,99,120,2.83,2.92,Good Standing,Fall 2027,0,0,4,13110
CID-709824,Ansel,Turner,Ansel Turner,Fall 2026,Transfer,Computer Science,Cybersecurity,Not Applicable,Not Applicable,Sophomore,In-State,Full-Time,TRUE,16,53,120,Not Applicable,Not Applicable,Good Standing,Spring 2029,0,0,2,0
CID-761582,David,Lee,David Lee,Fall 2024,Transfer,Computer Science,Cybersecurity,Not Applicable,Not Applicable,Senior,In-State,Full-Time,FALSE,2,110,120,3.15,3.06,Good Standing,Spring 2027,1,0,1,15170
CID-778661,Benjamin,Ward,Benjamin Ward,Fall 2023,First-Time Freshman,Computer Science,Data Science,Not Applicable,Not Applicable,Junior,In-State,Full-Time,FALSE,9,82,120,2.57,2.47,Good Standing,Spring 2028,0,0,1,34640
CID-590784,Hiroshi,Martinez,Hiroshi Martinez,Fall 2025,Transfer,Computer Science,Data Science,Not Applicable,Not Applicable,Junior,In-State,Full-Time,FALSE,5,67,120,3.29,3.21,Good Standing,Fall 2028,1,3,4,7900
CID-185825,Jing,Rogers,Jing Rogers,Fall 2024,First-Time Freshman,Information Systems,Business Analytics,Not Applicable,Not Applicable,Sophomore,In-State,Full-Time,TRUE,18,53,120,2.64,3.20,Good Standing,Spring 2029,1,0,2,19140
CID-508200,Hiroshi,Jackson,Hiroshi Jackson,Fall 2024,First-Time Freshman,Computer Science,Cybersecurity,Not Applicable,Health Administration,Sophomore,In-State,Full-Time,TRUE,25,55,120,2.60,2.62,Good Standing,Spring 2029,0,0,2,18870
CID-911707,Amir,Harris,Amir Harris,Fall 2023,First-Time Freshman,Computer Science,Data Science,Not Applicable,Not Applicable,Senior,Out-of-State,Full-Time,FALSE,2,91,120,3.35,3.33,Good Standing,Fall 2027,1,0,2,60110
CID-513049,Hannah,Zhang,Hannah Zhang,Fall 2024,First-Time Freshman,Computer Science,General,Not Applicable,Not Applicable,Junior,In-State,Full-Time,FALSE,6,67,120,3.01,2.92,Good Standing,Fall 2028,0,1,2,25950
CID-912106,Bianca,Smith,Bianca Smith,Fall 2026,First-Time Freshman,Information Systems,Health Information Technology,Not Applicable,Economics,Freshman,In-State,Full-Time,TRUE,0,0,120,Not Applicable,Not Applicable,Good Standing,Spring 2031,0,0,3,0
CID-884793,Grace,Brown,Grace Brown,Fall 2025,First-Time Freshman,Computer Science,Software Engineering,Not Applicable,Not Applicable,Sophomore,Out-of-State,Full-Time,TRUE,18,32,120,3.31,3.00,Good Standing,Spring 2030,1,0,2,17510
CID-624420,Nora,Martin,Nora Martin,Fall 2025,Transfer,Information Systems,Cybersecurity Management,Not Applicable,Not Applicable,Sophomore,In-State,Full-Time,FALSE,13,56,120,3.22,3.00,Good Standing,Spring 2029,1,1,2,5880
CID-455505,Jada,Stewart,Jada Stewart,Fall 2026,First-Time Freshman,Computer Science,Cybersecurity,Not Applicable,Not Applicable,Freshman,In-State,Full-Time,FALSE,2,0,120,Not Applicable,Not Applicable,Good Standing,Spring 2031,0,0,3,0
CID-173637,Bianca,Hughes,Bianca Hughes,Fall 2025,Transfer,Computer Science,Artificial Intelligence,Not Applicable,Not Applicable,Sophomore,In-State,Full-Time,FALSE,12,51,120,2.12,2.00,Good Standing,Spring 2029,1,0,3,6700
CID-621117,Julia,Hughes,Julia Hughes,Fall 2025,First-Time Freshman,Computer Science,Software Engineering,Not Applicable,Not Applicable,Sophomore,In-State,Full-Time,FALSE,8,30,120,2.67,2.50,Good Standing,Spring 2030,1,0,4,12500
CID-756284,Lucas,Ibrahim,Lucas Ibrahim,Fall 2024,Transfer,Computer Science,General,Not Applicable,Not Applicable,Senior,In-State,Part-Time,TRUE,25,92,120,1.68,1.77,Academic Probation,Fall 2028,0,0,1,7240
CID-908685,Elijah,Lewis,Elijah Lewis,Fall 2024,First-Time Freshman,Information Systems,Software Development,Not Applicable,Not Applicable,Junior,In-State,Full-Time,FALSE,6,68,120,2.60,2.43,Good Standing,Fall 2028,1,0,5,24600
CID-346075,Rafael,Torres,Rafael Torres,Fall 2024,First-Time Freshman,Information Systems,Health Information Technology,Not Applicable,Not Applicable,Junior,In-State,Full-Time,FALSE,0,62,120,3.39,3.40,Good Standing,Fall 2028,0,0,6,19700
CID-160431,Layla,Harris,Layla Harris,Fall 2022,First-Time Freshman,Computer Science,Software Engineering,Not Applicable,Not Applicable,Senior,Out-of-State,Full-Time,FALSE,15,113,120,2.78,2.67,Good Standing,Spring 2027,0,2,0,71040
CID-341700,Jayden,Baker,Jayden Baker,Fall 2026,First-Time Freshman,Information Systems,Cybersecurity Management,Not Applicable,Not Applicable,Freshman,In-State,Part-Time,FALSE,23,0,120,Not Applicable,Not Applicable,Good Standing,Fall 2035,0,0,4,0
CID-516304,Kiara,Sanchez,Kiara Sanchez,Fall 2025,First-Time Freshman,Computer Science,General,Not Applicable,Not Applicable,Freshman,In-State,Full-Time,FALSE,14,29,120,2.83,2.50,Good Standing,Spring 2030,1,2,3,13540
CID-423611,Layla,Martinez,Layla Martinez,Fall 2026,First-Time Freshman,Information Systems,Business Analytics,Not Applicable,Not Applicable,Freshman,In-State,Part-Time,TRUE,24,0,120,Not Applicable,Not Applicable,Good Standing,Fall 2035,0,2,2,0
CID-763171,Zoe,Clark,Zoe Clark,Fall 2026,First-Time Freshman,Computer Science,General,Not Applicable,Not Applicable,Freshman,In-State,Full-Time,FALSE,9,0,120,Not Applicable,Not Applicable,Good Standing,Spring 2031,0,0,4,0
CID-586197,Olivia,Tran,Olivia Tran,Fall 2024,Transfer,Computer Science,General,Not Applicable,Not Applicable,Senior,In-State,Full-Time,FALSE,0,119,120,2.67,2.59,Good Standing,Spring 2027,0,0,5,10380
CID-268308,Chloe,Sullivan,Chloe Sullivan,Fall 2026,Transfer,Information Systems,Business Analytics,Not Applicable,Not Applicable,Sophomore,In-State,Full-Time,TRUE,15,58,120,Not Applicable,Not Applicable,Good Standing,Spring 2029,0,2,3,0
CID-425080,Emma,Hernandez,Emma Hernandez,Fall 2022,First-Time Freshman,Information Systems,Health Information Technology,Not Applicable,Not Applicable,Junior,In-State,Part-Time,FALSE,14,67,120,2.31,2.22,Good Standing,Fall 2030,3,0,3,25770
CID-758746,Jordan,Thompson,Jordan Thompson,Fall 2023,First-Time Freshman,Computer Science,General,Not Applicable,Not Applicable,Junior,In-State,Full-Time,TRUE,9,82,120,2.29,2.50,Good Standing,Spring 2028,0,2,2,31180
CID-486752,Beatriz,Richardson,Beatriz Richardson,Fall 2022,First-Time Freshman,Computer Science,Cybersecurity,Not Applicable,Not Applicable,Senior,Out-of-State,Full-Time,FALSE,10,98,120,2.84,2.71,Good Standing,Fall 2027,2,0,3,80620
CID-349307,Rachel,Martinez,Rachel Martinez,Fall 2025,Transfer,Computer Science,Cybersecurity,Not Applicable,Not Applicable,Sophomore,In-State,Part-Time,TRUE,32,56,120,3.00,3.00,Good Standing,Fall 2031,1,1,0,2760
CID-101617,Aaliyah,Huang,Aaliyah Huang,Fall 2023,First-Time Freshman,Computer Science,Software Engineering,Not Applicable,Not Applicable,Senior,In-State,Full-Time,FALSE,5,92,120,3.26,3.20,Good Standing,Fall 2027,1,0,6,41050
CID-612673,Samir,Jackson,Samir Jackson,Fall 2023,First-Time Freshman,Computer Science,Cybersecurity,Not Applicable,Cybersecurity,Senior,In-State,Full-Time,FALSE,13,103,120,3.26,3.06,Good Standing,Spring 2027,0,0,2,45970
CID-628154,Ethan,Rogers,Ethan Rogers,Fall 2025,Transfer,Information Systems,Software Development,Not Applicable,Not Applicable,Junior,In-State,Part-Time,FALSE,20,70,120,3.20,3.25,Good Standing,Fall 2030,1,1,6,3230
CID-237493,Sophia,Rivera,Sophia Rivera,Fall 2026,Transfer,Information Systems,Business Analytics,Not Applicable,Not Applicable,Sophomore,In-State,Full-Time,FALSE,8,52,120,Not Applicable,Not Applicable,Good Standing,Spring 2029,0,0,1,0
CID-399146,Benjamin,Oliveira,Benjamin Oliveira,Fall 2026,First-Time Freshman,Computer Science,General,Not Applicable,Not Applicable,Freshman,In-State,Full-Time,FALSE,26,0,120,Not Applicable,Not Applicable,Good Standing,Spring 2031,0,1,5,0
CID-878716,Ibrahim,Roberts,Ibrahim Roberts,Fall 2023,First-Time Freshman,Information Systems,Health Information Technology,Not Applicable,Not Applicable,Senior,In-State,Full-Time,TRUE,10,97,120,3.53,3.17,Good Standing,Fall 2027,2,0,6,27000
CID-157897,Ravi,Rodriguez,Ravi Rodriguez,Fall 2023,First-Time Freshman,Computer Science,Data Science,Not Applicable,Philosophy,Senior,Out-of-State,Full-Time,FALSE,5,98,120,3.42,3.40,Good Standing,Fall 2027,1,1,1,70540
CID-469833,Miguel,Reed,Miguel Reed,Fall 2025,Transfer,Computer Science,Cybersecurity,Not Applicable,Not Applicable,Junior,In-State,Full-Time,TRUE,4,70,120,3.43,3.69,Good Standing,Fall 2028,1,0,2,7070
CID-160554,Beatriz,Edwards,Beatriz Edwards,Fall 2023,First-Time Freshman,Information Systems,Business Analytics,Not Applicable,Not Applicable,Sophomore,In-State,Part-Time,FALSE,18,49,120,2.88,3.17,Good Standing,Spring 2032,2,1,6,20200
CID-321922,Nora,Mendez,Nora Mendez,Fall 2024,First-Time Freshman,Information Systems,Cybersecurity Management,Not Applicable,Not Applicable,Sophomore,In-State,Full-Time,FALSE,14,59,120,2.86,2.20,Good Standing,Spring 2029,1,0,3,26630
CID-214419,Aaliyah,Alvarez,Aaliyah Alvarez,Fall 2024,First-Time Freshman,Information Systems,General,Not Applicable,Not Applicable,Sophomore,In-State,Full-Time,FALSE,6,49,120,2.43,3.00,Good Standing,Spring 2029,1,0,2,21920
CID-284564,Andre,Reed,Andre Reed,Fall 2026,Transfer,Computer Science,Data Science,Not Applicable,Philosophy,Freshman,In-State,Full-Time,FALSE,2,29,120,Not Applicable,Not Applicable,Good Standing,Spring 2030,0,0,0,0
CID-407857,Sara,White,Sara White,Fall 2024,First-Time Freshman,Computer Science,Cybersecurity,Not Applicable,Not Applicable,Junior,Out-of-State,Full-Time,FALSE,10,70,120,3.01,2.96,Good Standing,Fall 2028,0,0,3,50650
CID-220379,Sofia,Hernandez,Sofia Hernandez,Fall 2022,First-Time Freshman,Information Systems,General,Not Applicable,Philosophy,Senior,Out-of-State,Full-Time,FALSE,8,115,120,3.23,3.50,Good Standing,Spring 2027,0,0,2,72850
CID-274774,Hannah,Watson,Hannah Watson,Fall 2025,Transfer,Computer Science,General,Not Applicable,Not Applicable,Senior,Out-of-State,Full-Time,FALSE,2,97,120,3.90,3.77,Good Standing,Fall 2027,1,0,0,10630
CID-339721,Elijah,Gupta,Elijah Gupta,Fall 2025,Transfer,Information Systems,Business Analytics,Not Applicable,Not Applicable,Junior,In-State,Full-Time,TRUE,10,69,120,2.70,2.67,Good Standing,Fall 2028,0,0,2,4300
CID-196053,Bianca,Price,Bianca Price,Fall 2025,First-Time Freshman,Information Systems,General,Not Applicable,Not Applicable,Sophomore,In-State,Full-Time,FALSE,12,32,120,3.91,4.00,Good Standing,Spring 2030,1,0,2,10830
CID-483176,Emma,Cooper,Emma Cooper,Fall 2025,First-Time Freshman,Computer Science,Software Engineering,Not Applicable,Not Applicable,Freshman,Out-of-State,Full-Time,FALSE,17,29,120,2.48,2.00,Good Standing,Spring 2030,0,0,3,24900
CID-346383,Fatima,Campbell,Fatima Campbell,Fall 2026,Transfer,Computer Science,Software Engineering,Not Applicable,Not Applicable,Freshman,In-State,Full-Time,FALSE,9,29,120,Not Applicable,Not Applicable,Good Standing,Spring 2030,0,2,3,0
CID-410939,Zoe,Sanders,Zoe Sanders,Fall 2026,First-Time Freshman,Information Systems,Business Analytics,Not Applicable,Not Applicable,Freshman,In-State,Full-Time,FALSE,9,0,120,Not Applicable,Not Applicable,Good Standing,Spring 2031,0,2,3,0
CID-368112,Victor,Nguyen,Victor Nguyen,Fall 2026,First-Time Freshman,Information Systems,Health Information Technology,Not Applicable,Not Applicable,Freshman,Out-of-State,Full-Time,FALSE,7,0,120,Not Applicable,Not Applicable,Good Standing,Spring 2031,0,2,2,0
CID-967843,Jayden,King,Jayden King,Fall 2026,Transfer,Computer Science,Data Science,Not Applicable,Not Applicable,Sophomore,In-State,Full-Time,TRUE,18,31,120,Not Applicable,Not Applicable,Good Standing,Spring 2030,0,0,5,0
CID-933219,Jing,Robinson,Jing Robinson,Fall 2026,Transfer,Computer Science,General,Not Applicable,Health Administration,Freshman,Out-of-State,Full-Time,TRUE,10,25,120,Not Applicable,Not Applicable,Good Standing,Spring 2030,0,0,3,0
CID-863590,Kevin,Jackson,Kevin Jackson,Fall 2023,First-Time Freshman,Computer Science,Cybersecurity,Not Applicable,Not Applicable,Senior,In-State,Full-Time,FALSE,10,95,120,2.79,2.48,Good Standing,Fall 2027,2,0,1,35270
CID-455400,Naomi,Rogers,Naomi Rogers,Fall 2024,First-Time Freshman,Computer Science,Data Science,Not Applicable,Not Applicable,Sophomore,Out-of-State,Full-Time,TRUE,3,48,120,2.23,2.24,Good Standing,Fall 2029,0,2,1,49220
CID-606292,Hiroshi,Ellis,Hiroshi Ellis,Fall 2023,First-Time Freshman,Information Systems,Health Information Technology,Not Applicable,Not Applicable,Senior,Out-of-State,Full-Time,FALSE,18,93,120,3.37,3.50,Good Standing,Fall 2027,2,0,5,52070
CID-787983,Mei,James,Mei James,Fall 2026,First-Time Freshman,Information Systems,Software Development,Not Applicable,Not Applicable,Freshman,In-State,Full-Time,FALSE,6,0,120,Not Applicable,Not Applicable,Good Standing,Spring 2031,0,0,5,0
CID-615827,Tobias,Lewis,Tobias Lewis,Fall 2024,Transfer,Information Systems,Software Development,Not Applicable,Not Applicable,Senior,In-State,Full-Time,TRUE,5,110,120,3.04,3.13,Good Standing,Spring 2027,1,2,1,10540
CID-774941,Tariq,Powell,Tariq Powell,Fall 2022,First-Time Freshman,Computer Science,Software Engineering,Not Applicable,Not Applicable,Senior,In-State,Full-Time,TRUE,8,115,120,3.24,3.20,Good Standing,Spring 2027,1,0,5,24730
CID-240603,Jada,Zhao,Jada Zhao,Fall 2025,Transfer,Computer Science,Data Science,Not Applicable,Not Applicable,Junior,In-State,Full-Time,TRUE,7,74,120,2.69,2.94,Good Standing,Fall 2028,1,0,2,5080
CID-195451,Carter,Davis,Carter Davis,Fall 2023,First-Time Freshman,Computer Science,General,Not Applicable,Not Applicable,Junior,In-State,Full-Time,FALSE,17,88,120,2.70,2.69,Good Standing,Fall 2027,0,0,2,31100
CID-596277,Eli,Oliveira,Eli Oliveira,Fall 2026,Transfer,Computer Science,Data Science,Not Applicable,Not Applicable,Sophomore,In-State,Full-Time,FALSE,10,32,120,Not Applicable,Not Applicable,Good Standing,Spring 2030,0,0,2,0
CID-470287,Carter,Williams,Carter Williams,Fall 2026,First-Time Freshman,Information Systems,Business Analytics,Not Applicable,Political Science,Freshman,In-State,Part-Time,TRUE,38,0,120,Not Applicable,Not Applicable,Good Standing,Fall 2035,0,0,2,0
CID-164159,Aiden,Adebayo,Aiden Adebayo,Fall 2023,First-Time Freshman,Computer Science,Software Engineering,Not Applicable,Economics,Junior,In-State,Full-Time,FALSE,13,82,120,2.48,2.59,Good Standing,Spring 2028,1,2,3,32340
CID-773030,Elena,Harris,Elena Harris,Fall 2024,First-Time Freshman,Information Systems,Business Analytics,Not Applicable,Not Applicable,Junior,In-State,Full-Time,FALSE,7,62,120,2.61,2.88,Good Standing,Fall 2028,0,1,0,18470
CID-839464,Noah,Gupta,Noah Gupta,Fall 2023,First-Time Freshman,Information Systems,Software Development,Not Applicable,Not Applicable,Senior,Out-of-State,Full-Time,FALSE,10,97,120,3.44,3.50,Good Standing,Fall 2027,1,1,4,76310
CID-437485,Rania,Martinez,Rania Martinez,Fall 2025,First-Time Freshman,Information Systems,General,Not Applicable,Not Applicable,Freshman,In-State,Full-Time,TRUE,0,29,120,2.79,2.00,Good Standing,Spring 2030,1,0,1,10840
CID-179723,Keisha,Williams,Keisha Williams,Fall 2026,Transfer,Computer Science,Data Science,Statistics,Not Applicable,Sophomore,In-State,Full-Time,FALSE,12,53,120,Not Applicable,Not Applicable,Good Standing,Spring 2029,0,0,2,0
CID-552992,Ava,Garcia,Ava Garcia,Fall 2023,First-Time Freshman,Computer Science,Software Engineering,Not Applicable,Not Applicable,Senior,In-State,Full-Time,FALSE,5,92,120,3.32,3.33,Good Standing,Fall 2027,1,2,5,29420
CID-433130,Daniel,Lopez,Daniel Lopez,Fall 2024,First-Time Freshman,Computer Science,Software Engineering,Not Applicable,Not Applicable,Junior,In-State,Full-Time,FALSE,1,64,120,2.89,2.42,Good Standing,Fall 2028,0,0,1,29790
CID-616353,Samir,Sullivan,Samir Sullivan,Fall 2025,First-Time Freshman,Information Systems,General,Not Applicable,Data Science,Sophomore,Out-of-State,Full-Time,TRUE,5,32,120,2.81,2.00,Good Standing,Spring 2030,1,2,4,20700
CID-488274,Ethan,Tran,Ethan Tran,Fall 2026,Transfer,Computer Science,General,Not Applicable,Health Administration,Sophomore,In-State,Full-Time,FALSE,10,51,120,Not Applicable,Not Applicable,Good Standing,Spring 2029,0,1,1,0
CID-380548,Valeria,Huang,Valeria Huang,Fall 2024,First-Time Freshman,Information Systems,Business Analytics,Not Applicable,Physics,Sophomore,In-State,Full-Time,FALSE,19,53,120,2.94,3.20,Good Standing,Spring 2029,1,0,1,16070
CID-254837,Maya,Torres,Maya Torres,Fall 2025,First-Time Freshman,Information Systems,General,Not Applicable,Entrepreneurship,Sophomore,Out-of-State,Full-Time,FALSE,8,35,120,2.69,3.00,Good Standing,Spring 2030,1,1,2,31450
CID-753438,Lucas,Ramirez,Lucas Ramirez,Fall 2024,Transfer,Computer Science,Cybersecurity,Not Applicable,Not Applicable,Junior,In-State,Full-Time,TRUE,9,89,120,3.30,3.13,Good Standing,Fall 2027,1,0,4,5550
CID-997279,Rania,Perry,Rania Perry,Fall 2024,Transfer,Information Systems,Business Analytics,Computer Science,Not Applicable,Junior,In-State,Full-Time,TRUE,17,86,120,2.70,3.00,Good Standing,Spring 2028,1,0,4,11330
CID-388740,Valeria,Simmons,Valeria Simmons,Fall 2024,First-Time Freshman,Computer Science,Data Science,Not Applicable,Not Applicable,Sophomore,In-State,Full-Time,FALSE,10,59,120,2.78,3.08,Good Standing,Spring 2029,1,2,8,26960
CID-201447,Caleb,Young,Caleb Young,Fall 2024,First-Time Freshman,Information Systems,General,Not Applicable,Health Administration,Sophomore,In-State,Full-Time,FALSE,0,54,120,3.52,3.40,Good Standing,Spring 2029,1,0,3,15780
CID-270208,Eli,Ibrahim,Eli Ibrahim,Fall 2026,First-Time Freshman,Computer Science,General,Not Applicable,Not Applicable,Freshman,In-State,Full-Time,FALSE,7,0,120,Not Applicable,Not Applicable,Good Standing,Spring 2031,0,2,1,0
CID-565292,William,Patel,William Patel,Fall 2025,Transfer,Computer Science,Artificial Intelligence,Not Applicable,Not Applicable,Junior,In-State,Full-Time,FALSE,6,65,120,3.03,3.50,Good Standing,Fall 2028,1,0,2,6530
CID-228160,Rania,Scott,Rania Scott,Fall 2024,First-Time Freshman,Computer Science,Artificial Intelligence,Not Applicable,Not Applicable,Junior,In-State,Full-Time,FALSE,6,60,120,3.52,3.25,Good Standing,Spring 2029,1,2,6,22230
CID-617503,Grace,Rodriguez,Grace Rodriguez,Fall 2023,First-Time Freshman,Computer Science,Cybersecurity,Not Applicable,Not Applicable,Senior,In-State,Full-Time,FALSE,13,94,120,2.93,3.02,Good Standing,Fall 2027,2,0,6,30880
CID-582984,Fatima,Scott,Fatima Scott,Fall 2025,First-Time Freshman,Computer Science,General,Not Applicable,Not Applicable,Sophomore,In-State,Full-Time,FALSE,4,32,120,3.44,3.50,Good Standing,Spring 2030,1,0,2,11380
CID-735710,Hannah,Lopez,Hannah Lopez,Fall 2022,First-Time Freshman,Computer Science,General,Not Applicable,Not Applicable,Junior,In-State,Part-Time,TRUE,20,69,120,3.33,3.08,Good Standing,Fall 2030,0,0,1,15710
CID-689575,Michael,Powell,Michael Powell,Fall 2023,First-Time Freshman,Computer Science,Artificial Intelligence,Not Applicable,Not Applicable,Senior,In-State,Full-Time,FALSE,9,100,120,3.72,3.75,Good Standing,Fall 2027,1,1,2,22600
CID-839389,Ravi,Zhang,Ravi Zhang,Fall 2025,First-Time Freshman,Information Systems,Business Analytics,Not Applicable,Not Applicable,Freshman,In-State,Part-Time,TRUE,23,15,120,3.20,3.00,Good Standing,Fall 2034,1,2,2,5910
CID-696000,Beatriz,Harris,Beatriz Harris,Fall 2025,Transfer,Computer Science,Software Engineering,Not Applicable,Not Applicable,Junior,In-State,Full-Time,FALSE,5,84,120,2.62,2.75,Good Standing,Spring 2028,0,0,4,7090
CID-712847,Zara,Sanders,Zara Sanders,Fall 2023,First-Time Freshman,Information Systems,Business Analytics,Not Applicable,Not Applicable,Junior,Out-of-State,Full-Time,FALSE,17,84,120,3.13,3.45,Good Standing,Spring 2028,1,1,4,70920
CID-819286,Zoe,Adebayo,Zoe Adebayo,Fall 2024,Transfer,Computer Science,Software Engineering,Not Applicable,Not Applicable,Senior,In-State,Full-Time,FALSE,11,103,120,2.84,2.73,Good Standing,Spring 2027,1,2,3,14280
CID-969274,Ibrahim,Ramirez,Ibrahim Ramirez,Fall 2025,First-Time Freshman,Information Systems,Software Development,Not Applicable,Not Applicable,Freshman,Out-of-State,Full-Time,FALSE,23,21,120,2.43,2.00,Good Standing,Fall 2030,0,2,2,21100
CID-701893,Kevin,Kelly,Kevin Kelly,Fall 2024,Transfer,Computer Science,Data Science,Not Applicable,Not Applicable,Senior,In-State,Full-Time,FALSE,0,110,120,3.25,3.31,Good Standing,Spring 2027,1,0,4,12900
CID-637977,Ethan,Reed,Ethan Reed,Fall 2025,First-Time Freshman,Information Systems,Software Development,Not Applicable,Not Applicable,Sophomore,In-State,Full-Time,TRUE,15,32,120,2.81,1.00,Good Standing,Spring 2030,0,0,1,7270
CID-951220,Nina,Huang,Nina Huang,Fall 2024,First-Time Freshman,Information Systems,Health Information Technology,Not Applicable,Physics,Sophomore,Out-of-State,Full-Time,TRUE,7,50,120,2.48,2.60,Good Standing,Spring 2029,0,1,3,31870
CID-807109,Jordan,Okafor,Jordan Okafor,Fall 2024,Transfer,Computer Science,General,Not Applicable,Not Applicable,Junior,In-State,Full-Time,FALSE,2,84,120,2.93,2.74,Good Standing,Spring 2028,0,0,2,11930
CID-760723,Jordan,Hernandez,Jordan Hernandez,Fall 2022,First-Time Freshman,Computer Science,Cybersecurity,Not Applicable,Not Applicable,Senior,In-State,Full-Time,TRUE,7,120,120,3.13,3.09,Good Standing,Spring 2027,2,0,6,37840
CID-125899,Hiroshi,Liu,Hiroshi Liu,Fall 2026,Transfer,Information Systems,Health Information Technology,Not Applicable,Not Applicable,Sophomore,Out-of-State,Full-Time,FALSE,4,31,120,Not Applicable,Not Applicable,Good Standing,Spring 2030,0,1,0,0
CID-458015,Mohammed,Silva,Mohammed Silva,Fall 2022,First-Time Freshman,Computer Science,Data Science,Not Applicable,Mathematics,Senior,Out-of-State,Full-Time,TRUE,21,105,120,3.31,3.23,Good Standing,Spring 2027,1,0,2,76240
CID-126204,Jayden,Nguyen,Jayden Nguyen,Fall 2024,First-Time Freshman,Computer Science,Cybersecurity,Not Applicable,Cybersecurity,Junior,Out-of-State,Full-Time,TRUE,9,67,120,3.22,3.46,Good Standing,Fall 2028,0,2,1,41780
CID-375236,Thomas,Price,Thomas Price,Fall 2025,First-Time Freshman,Computer Science,General,Statistics,Business Administration,Freshman,In-State,Full-Time,FALSE,16,29,120,3.14,3.00,Good Standing,Spring 2030,1,0,1,11290
CID-111761,Daniel,Walker,Daniel Walker,Fall 2026,First-Time Freshman,Computer Science,General,Not Applicable,Not Applicable,Freshman,Out-of-State,Full-Time,FALSE,8,0,120,Not Applicable,Not Applicable,Good Standing,Spring 2031,0,0,3,0
CID-392421,Hiroshi,Davis,Hiroshi Davis,Fall 2022,First-Time Freshman,Information Systems,General,Not Applicable,Not Applicable,Senior,In-State,Full-Time,FALSE,23,109,120,2.56,2.56,Good Standing,Spring 2027,2,2,3,48260
CID-818480,Kayla,Flores,Kayla Flores,Fall 2024,First-Time Freshman,Computer Science,Cybersecurity,Not Applicable,Philosophy,Junior,In-State,Full-Time,FALSE,6,62,120,3.55,3.46,Good Standing,Fall 2028,1,1,2,24170
CID-227584,Mia,Watson,Mia Watson,Fall 2023,First-Time Freshman,Information Systems,Cybersecurity Management,Not Applicable,Not Applicable,Junior,In-State,Full-Time,TRUE,8,88,120,3.51,3.40,Good Standing,Fall 2027,1,0,6,16110
CID-105691,Naomi,Mendez,Naomi Mendez,Fall 2023,First-Time Freshman,Computer Science,Cybersecurity,Not Applicable,Not Applicable,Junior,In-State,Full-Time,TRUE,9,79,120,2.62,2.69,Good Standing,Spring 2028,1,0,3,23300
CID-692948,Hannah,Coleman,Hannah Coleman,Fall 2025,First-Time Freshman,Information Systems,Business Analytics,Not Applicable,Not Applicable,Sophomore,In-State,Full-Time,TRUE,6,31,120,2.74,3.00,Good Standing,Spring 2030,0,1,2,11180
CID-323442,Ibrahim,Ross,Ibrahim Ross,Fall 2024,First-Time Freshman,Computer Science,Software Engineering,Not Applicable,Not Applicable,Sophomore,Out-of-State,Full-Time,FALSE,0,59,120,3.37,3.54,Good Standing,Spring 2029,1,1,3,47320
CID-512376,Jayden,Smith,Jayden Smith,Fall 2023,Transfer,Information Systems,General,Not Applicable,Not Applicable,Senior,In-State,Full-Time,FALSE,7,131,120,3.14,3.16,Good Standing,Spring 2027,2,3,4,13010
CID-790741,Rafael,Kaur,Rafael Kaur,Fall 2026,Transfer,Information Systems,General,Not Applicable,Not Applicable,Freshman,In-State,Full-Time,FALSE,8,27,120,Not Applicable,Not Applicable,Good Standing,Spring 2030,0,0,1,0
CID-104656,Mei,Williams,Mei Williams,Fall 2024,Transfer,Computer Science,Cybersecurity,Not Applicable,Not Applicable,Junior,In-State,Full-Time,TRUE,5,88,120,2.42,2.25,Good Standing,Fall 2027,0,0,4,11750
CID-981956,Aaliyah,Coleman,Aaliyah Coleman,Fall 2026,First-Time Freshman,Information Systems,Health Information Technology,Not Applicable,Health Administration,Freshman,In-State,Part-Time,FALSE,18,0,120,Not Applicable,Not Applicable,Good Standing,Fall 2035,0,0,3,0
CID-684756,Benjamin,Campbell,Benjamin Campbell,Fall 2023,First-Time Freshman,Computer Science,Data Science,Not Applicable,Not Applicable,Junior,Out-of-State,Full-Time,FALSE,0,81,120,3.31,3.00,Good Standing,Spring 2028,1,0,2,68340
CID-902894,Noah,Ward,Noah Ward,Fall 2025,Transfer,Computer Science,General,Not Applicable,Not Applicable,Junior,In-State,Full-Time,TRUE,1,89,120,3.22,3.21,Good Standing,Fall 2027,1,1,2,5150
CID-577887,Sofia,Perez,Sofia Perez,Fall 2023,First-Time Freshman,Information Systems,General,Not Applicable,Mathematics,Junior,Out-of-State,Full-Time,FALSE,18,89,120,2.57,2.85,Good Standing,Fall 2027,2,0,3,90790
CID-612560,William,Wood,William Wood,Fall 2024,Transfer,Computer Science,General,Not Applicable,Not Applicable,Senior,In-State,Full-Time,FALSE,18,96,120,2.43,2.50,Good Standing,Fall 2027,1,0,5,10000
CID-232662,Andre,Harris,Andre Harris,Fall 2022,First-Time Freshman,Information Systems,General,Not Applicable,Not Applicable,Senior,In-State,Full-Time,FALSE,13,114,120,3.65,3.58,Good Standing,Spring 2027,3,0,3,28660
CID-500703,Anaya,Rogers,Anaya Rogers,Fall 2026,First-Time Freshman,Information Systems,Software Development,Not Applicable,Not Applicable,Freshman,Out-of-State,Full-Time,FALSE,5,0,120,Not Applicable,Not Applicable,Good Standing,Spring 2031,0,0,2,0
CID-696351,Noah,Harris,Noah Harris,Fall 2026,Transfer,Information Systems,Business Analytics,Not Applicable,Not Applicable,Junior,In-State,Part-Time,TRUE,24,66,120,Not Applicable,Not Applicable,Good Standing,Fall 2030,0,1,1,0
CID-870050,Jayden,Lewis,Jayden Lewis,Fall 2024,Transfer,Computer Science,Cybersecurity,Not Applicable,Data Science,Senior,In-State,Full-Time,FALSE,6,116,120,3.14,3.11,Good Standing,Spring 2027,1,1,6,14080
CID-137025,Layla,Singh,Layla Singh,Fall 2024,Transfer,Computer Science,General,Mathematics,Physics,Junior,In-State,Part-Time,FALSE,10,84,120,3.82,3.81,Good Standing,Fall 2029,0,0,1,6640
CID-307621,Aaliyah,Robinson,Aaliyah Robinson,Fall 2025,First-Time Freshman,Computer Science,Data Science,Not Applicable,Not Applicable,Freshman,In-State,Full-Time,TRUE,18,29,120,3.10,3.50,Good Standing,Spring 2030,0,3,2,12580
CID-118573,Jasmine,Lopez,Jasmine Lopez,Fall 2024,First-Time Freshman,Computer Science,Cybersecurity,Not Applicable,Not Applicable,Sophomore,Out-of-State,Full-Time,FALSE,10,57,120,2.46,2.83,Good Standing,Spring 2029,1,1,5,49550
CID-363603,Priya,Rivera,Priya Rivera,Fall 2022,First-Time Freshman,Computer Science,General,Not Applicable,Not Applicable,Senior,In-State,Full-Time,TRUE,10,119,120,2.65,2.65,Good Standing,Spring 2027,3,0,2,40530
CID-606776,Joseph,Morgan,Joseph Morgan,Fall 2026,First-Time Freshman,Information Systems,Business Analytics,Not Applicable,Not Applicable,Freshman,Out-of-State,Full-Time,FALSE,1,0,120,Not Applicable,Not Applicable,Good Standing,Spring 2031,0,2,0,0
CID-866884,Elena,Hall,Elena Hall,Fall 2023,Transfer,Computer Science,General,Not Applicable,Cybersecurity,Senior,In-State,Part-Time,TRUE,27,93,120,2.47,2.62,Good Standing,Fall 2028,0,1,6,13200
CID-542682,Mohammed,Roberts,Mohammed Roberts,Fall 2024,Transfer,Computer Science,General,Not Applicable,Not Applicable,Senior,In-State,Full-Time,FALSE,5,98,120,2.62,2.66,Good Standing,Fall 2027,0,0,2,16070
CID-198894,Kwame,Sullivan,Kwame Sullivan,Fall 2022,First-Time Freshman,Computer Science,General,Not Applicable,Not Applicable,Senior,In-State,Full-Time,FALSE,6,110,120,2.51,2.54,Good Standing,Spring 2027,2,0,1,50690
